data;pais;fonte;tema;titulo;lide;link;secao
2026-06-06T22:22:53Z;Chile;The Guardian;"Friendlies; Football; England; New Zealand; Sport; World Cup 2026";England 1-0 New Zealand: World Cup 2026 warm-up – as it happened;<strong>Minute-by-minute report:</strong> Harry Kane scored the only goal as England unspectacularly dispatched the All Whites in Tampa. Scott Murray was watching;https://www.theguardian.com/football/live/2026/jun/06/england-v-new-zealand-world-cup-2026-warm-up-live;Football
2026-06-06T22:10:42Z;Chile;The Guardian;"Friendlies; Scotland; Bolivia; World Cup 2026; Football; Sport";Bolivia 0-4 Scotland: World Cup 2026 warm-up – as it happened ;Steve Clarke’s men ran in four first-half goals in their final match before they play Haiti in their opener;https://www.theguardian.com/football/live/2026/jun/06/bolivia-v-scotland-world-cup-2026-warm-up-live;Football
2026-06-06T18:03:42Z;Chile;The Guardian;"World Cup 2026; Football; Sport; World Cup";World Cup 2026 news as England, Scotland and USA gear up for friendlies: matchday live – as it happened;News and buildup from a busy day of pre-World Cup friendlies brought to you by our team of writers;https://www.theguardian.com/football/live/2026/jun/06/world-cup-2026-buildup-as-england-and-scotland-gear-up-for-friendlies-matchday-live;Football
2026-06-06T13:58:48Z;Chile;The Guardian;"World Cup 2026; World Cup; Football; Sport";Shattered dreams: best XI from countries not at the World Cup;From Donnarumma to Kvaratskhelia, this all-star team, with a maximum of two players per country, all have the summer off;https://www.theguardian.com/football/2026/jun/06/shattered-dreams-best-xi-from-countries-not-at-the-world-cup;Football
2026-06-01T10:35:40Z;Chile;The Guardian;"Colombia; Americas";Colombia’s far-right presidential candidate De la Espriella wins first round of vote ahead of runoff;Lawyer and Trump admirer has risen rapidly in the polls and will face Iván Cepeda in election runoff in three weeks;https://www.theguardian.com/world/2026/jun/01/colombia-far-right-presidential-candidate-espriella-wins-first-round-of-vote-ahead-of-election-runoff;World news
2026-06-01T05:00:09Z;Chile;The Guardian;"World Cup 2026; World Cup; Sport; Football; US sports";World Cup 2026: a visual guide to the stadiums across the trio of host nations;All you need to know about the 16 host stadiums in the US, Mexico and Canada;https://www.theguardian.com/football/2026/jun/01/world-cup-2026-stadium-guide;Football
2026-05-30T20:40:04Z;Chile;The Guardian;"French Open 2026; Coco Gauff; French Open; Tennis; Sport; US sports";Champion Coco Gauff out of French Open but Cerúndolo marches on;No 28 seed Anastasia Potapova shocked Coco Gauff in the third round of the French Open as Juan Martin Cerúndolo went through after the third longest match in tournament history;https://www.theguardian.com/sport/2026/may/30/french-open-defending-champion-coco-gauff-out-aryna-sabalenka-sails-through;Sport
2026-05-30T18:18:57Z;Chile;The Guardian;"French Open 2026; French Open; Tennis; Sport; Naomi Osaka; Coco Gauff; Aryna Sabalenka";French Open day seven: Gauff stunned by Potapova and Kouame bows out – as it happened;The reigning women’s champion Coco Gauff was beaten by Anastasia Potapova and Moise Kouame bowed out against Alejandro Tabilo;https://www.theguardian.com/sport/live/2026/may/30/french-open-tennis-osaka-sabalenka-gauff-roland-garros-day-seven-live;Sport
2026-05-28T02:34:29Z;Chile;The Guardian;"Drag; Culture; Business; California; US news";Patagonia sues drag queen Pattie Gonia for trademark infringement;Outdoor clothing company is suing US environmentalist drag performer for $1 plus legal fees, claiming ‘we wish we didn’t have to do this’;https://www.theguardian.com/culture/2026/may/28/patagonia-sues-drag-queen-pattie-gonia-trademark-infringement-ntwnfb;Culture
2026-05-27T15:32:17Z;Chile;The Guardian;"Baseball; Life and style; Sport; Tampa; Tampa Bay Rays; Florida";Hardly anyone watches baseball in the UK. So why do we keep speaking its language? | Adrian Chiles;I’ve loved the sport for years, and it’s a lonely pursuit, says Adrian Chiles. Whenever I talk to a fellow Brit about it, they look at me as if I’ve thrown them a curveball …;https://www.theguardian.com/commentisfree/2026/may/27/hardly-anyone-watches-baseball-in-the-uk-so-why-do-we-keep-speaking-its-language;Opinion
2026-05-27T07:00:20Z;Chile;The Guardian;"Football; Sport";Which football club has had the fewest sponsor logos on their shirt? | The Knowledge;Plus: biggest points deficit before a shock, worst-performing managers that helped win a title and keepers on corners;https://www.theguardian.com/football/2026/may/27/club-with-fewest-sponsor-logos-on-shirt-the-knowledge;Football
2026-05-27T06:23:13Z;Chile;The Guardian;"Australia news; Mining; Mining; BHP; Western Australia; Environment";BHP admits to stalled emissions reductions as WA premier says miners have ‘moral obligation’ to decarbonise;Head of BHP’s WA iron ore operations unable to give firm timeline for replacing diesel trucks as leaked documents reveal decarbonisation delay;https://www.theguardian.com/world/2026/may/27/bhp-files-stalled-emissions-reductions-mining-company-moral-obligation-decarbonise;World news
2026-05-27T02:28:41Z;Chile;The Guardian;"New York; Israel; Palestine; Israel-Gaza war; Food; US news; Gaza"; Storied New York food co-op votes to boycott Israeli products after contentious campaign;The Park Slope Food Coop boycott vote follows tensions and rifts among members and larger community;https://www.theguardian.com/us-news/2026/may/27/park-slope-food-coop-israel-boycott;US news
2026-05-26T13:00:51Z;Chile;The Guardian;"Chile; Technology; World news; Global development";‘What you see here is a wetland without water’: how the datacentre boom is exacerbating Chile’s mega-drought;The country is positioning itself as Latin America’s next technology hub, but communities are pushing back;https://www.theguardian.com/global-development/2026/may/26/chile-datacentres-water-tech-companies-mega-drought;Global development
2026-05-25T10:30:24Z;Chile;The Guardian;"Climate crisis; Environment; BHP; Western Australia; Australia news; Australian politics; Energy; Mining; Energy; Business; Business; Mining; Rural and regional Australia; Fossil fuels; Greenhouse gas emissions; Commodities; Renewable energy; Solar power; Pollution; Electric vehicles; Technology; Energy storage; Steel industry; China; Corporate social responsibility";Revealed: the internal BHP memo that slammed the brakes on world’s biggest miner’s climate push;<strong>Exclusive:</strong> BHP once dubbed climate change an ‘existential’ threat. But leaked documents show it has backtracked on decarbonisation at a vast network of mines;https://www.theguardian.com/world/ng-interactive/2026/may/25/bhp-files-internal-memo-revealed;World news
2026-05-25T10:30:24Z;Chile;The Guardian;"Climate crisis; BHP; Greenhouse gas emissions; Corporate social responsibility; Business; Environment; Mining; Business; Mining; Fossil fuels; Fossil fuel divestment; Australian politics; Australia news; Pollution; Solar power; Renewable energy; Energy; Energy; Western Australia; Commodities; Coal; Labor party; Tax; Petrol prices; Carbon offsetting";Australian taxpayers subsidise Big Mining’s use of fossil fuel to the tune of $4bn a year. It’s a strange way to tackle emissions | Adam Morton;Given the scale of its contribution to global heating, the world’s biggest miner has a duty to invest heavily in solutions that could have a global impact;https://www.theguardian.com/world/commentisfree/2026/may/25/bhp-climate-promises-slash-emissions-global-solutions;World news
2026-05-24T16:21:26Z;Chile;The Guardian;"Animals; Zoos; Science; World news; London; UK news";Lion’s aid: blood ice lollies keep big cats cool at London zoo;Animals have tactics of their own to cope with the heat, but zoo animals also get a little help from their keepers;https://www.theguardian.com/world/2026/may/24/london-zoo-big-cats-keep-cool-in-the-heat-with-blood-lollies;World news
2026-05-23T19:00:35Z;Chile;The Guardian;"Neymar; World Cup 2026; Brazil; Carlo Ancelotti; Football; World Cup; Sport";Ancelotti’s World Cup gamble on Neymar shows Brazil still desperate for own Messi | Jonathan Wilson;Selecting a creaking talent underlines the political demands even the most successful coach in Champions League history cannot escape;https://www.theguardian.com/football/2026/may/23/neymar-brazil-world-cup-carlo-ancelotti-lionel-messi;Football
2026-05-21T10:00:07Z;Chile;The Guardian;"Mathematics; Education";Struggling with the nine times table? I have a failsafe method | Adrian Chiles;Apparently, nines are the hardest to grasp for primary school children. If only they’d learned how to cheat like me, says Adrian Chiles;https://www.theguardian.com/commentisfree/2026/may/21/struggling-with-the-nine-times-table-i-have-a-failsafe-method;Opinion
2026-05-20T15:55:46Z;Chile;The Guardian;Health & wellbeing;Misery loves company: so please allow me to tell you about my corn | Adrian Chiles;If any teenagers out there are considering their future careers, I’d suggest chiropody. It’s AI proof and you’d never be out of work, writes Adrian Chiles;https://www.theguardian.com/commentisfree/2026/may/20/misery-loves-company-so-allow-me-to-tell-you-about-the-agony-of-my-corn;Opinion
2026-05-20T07:00:26Z;Chile;The Guardian;"Football; Sport";Who has won the most league titles without earning an international cap?  | The Knowledge;Plus: the greatest distance between two teams in a derby (part two) and the origins of why Celtic Park is nicknamed ‘Paradise’;https://www.theguardian.com/football/2026/may/20/most-football-league-titles-without-earning-international-cap-the-knowledge;Football
2026-05-17T06:00:32Z;Chile;The Guardian;"Panini stickers; Football; UK news";‘Got!’: Panini 1970 World Cup sticker book completed after 56 years;Fan buys missing Chile sticker for £150 after finding almost completed album in his loft;https://www.theguardian.com/football/2026/may/17/got-panini-1970-world-cup-sticker-book-completed-after-56-years;Football
2026-05-16T09:49:39Z;Chile;The Guardian;"Labour party leadership; Labour; Jeremy Corbyn; Keir Starmer; Politics; UK news; Wes Streeting; Andy Burnham; Angela Rayner";‘An hour of abuse’: Jeremy Corbyn on Labour coups, and whether he feels sorry for Starmer;As Keir Starmer endures a slow ousting, his predecessor recalls the day in 2016 when colleagues tried to force him out – and assesses who might come next;https://www.theguardian.com/politics/2026/may/16/jeremy-corbyn-target-labour-coup-keir-starmer-andy-burnham-wes-streeting-angela-rayner-leadership;Politics
2026-05-15T15:00:44Z;Chile;The Guardian;"Art; Australian art; Art and design; Culture; V&A; Asia Pacific; Museums";‘I couldn’t believe we weren’t falling over ourselves for it’: Asia-Pacific art finally conquers Britain;"Britain seems to finally have an eye for art from the Asia-Pacific, with several big recent exhibitions, including the new Rising Voices show at the V&amp;A. Why did it take so long?";https://www.theguardian.com/artanddesign/2026/may/16/asia-pacific-art-britain;Art and design
2026-05-15T06:00:29Z;Chile;The Guardian;"Fiction; Books; Culture";Cast Away by Francesca de Tores review – gripping portrait of the real-life Robinson Crusoe;This fascinating novel about 18th-century privateer Alexander Selkirk, abandoned on a tiny island in the South Pacific, becomes a revelatory meditation on humanity;https://www.theguardian.com/books/2026/may/15/cast-away-by-francesca-de-tores-review-gripping-portrait-of-the-real-life-robinson-crusoe;Books
2026-05-15T05:46:39Z;Chile;The Guardian;"Labour; Labour party leadership; Keir Starmer; Wes Streeting; Angela Rayner; Rachel Reeves; Andy Burnham; Politics";Friday briefing: Is there any way Keir Starmer can keep hold of his job?;In today’s newsletter: ​W​es Streeting’s resignation has exposed deep fractures within the ​ Labour party​ and with a leadership race looming it’s time for Keir Starmer to shout about his achievements;https://www.theguardian.com/world/2026/may/15/friday-briefing-is-there-any-way-keir-starmer-can-keep-hold-of-his-job;World news
2026-05-14T12:30:07Z;Chile;The Guardian;"Fish; Trump administration; Fish; Maine; Environment; Food; US news";Salmon farm faces new cruelty claims as Trump seeks to supersize fish farming;New undercover video appears to show cruel treatment of salmon at Cooke hatchery amid push for ‘chickenification’ of fish;https://www.theguardian.com/environment/2026/may/14/seafood-company-abuse-claims-fish-farming;Environment
2026-05-14T11:00:25Z;Chile;The Guardian;"Conservation; Chile; Birds; Animals; Environment; Wildlife; World news; Americas";How a kindergarten teacher became the accidental guardian of 200 king penguins;When the birds started nesting on her land at Useless Bay, in Chile, Cecilia Durán Gafo decided she would protect them from people and predators;https://www.theguardian.com/environment/2026/may/14/continental-king-penguin-colony-useless-bay-chile;Environment
2026-05-13T15:53:12Z;Chile;The Guardian;"Shops and shopping; Life and style; Society";When I want to feel loved, I just go to a hardware store | Adrian Chiles;All I want is someone to help me spend my money without treating me with contempt. Thank goodness for those small, independent shops – they nail it every time, writes Adrian Chiles;https://www.theguardian.com/commentisfree/2026/may/13/hardware-store-independent-shops;Opinion
2026-05-13T09:00:17Z;Chile;The Guardian;"Celebrity; Food & drink industry; Life and style; Wine; Beer; Spirits; Food";Fame, fantasy … and fish? Celebrity drinks put to the test;From Kylie’s prosecco to Margot Robbie’s gin, we taste the star-backed booze to see what actually tastes good – and what’s just selling a dream;https://www.theguardian.com/thefilter/2026/may/13/best-celebrity-alcohol-brands-tested;The Filter
2026-05-12T11:15:45Z;Chile;The Guardian;"USA; Football; US sports; Sport; World Cup 2026; World Cup";I wrote a book about the last 40 years of US men’s soccer. Here is what I learned | Leander Schaerlaeckens;The US men’s national team have high expectations at the 2026 World Cup. To me, that signals miraculous progress;https://www.theguardian.com/football/2026/may/12/usmnt-history-book;Football
2026-05-11T12:00:54Z;Chile;The Guardian;"Film; Drama films; Chile; Westerns; LGBTQ+ rights; Transgender; Americas; Culture; Society; World news";The Mysterious Gaze of the Flamingo review – haunting queer fable burns with love and menace;Diego Céspedes’s striking debut mixes magic realism and melodrama in a tender tale of an LGBTQ+ community facing fear and superstition in 1980s Chile;https://www.theguardian.com/film/2026/may/11/mysterious-gaze-of-the-flamingo-review-diego-cespedes;Film
2026-05-11T10:00:52Z;Chile;The Guardian;"Birds; Pets; Music; Animals";The pet I’ll never forget: Crispin, the big-headed canary;A tiny bird with a giant ego, Crispin was a remarkable singer – especially if you told him how talented, intelligent and gracious he was;https://www.theguardian.com/lifeandstyle/2026/may/11/the-pet-ill-never-forget-crispin-the-big-headed-canary;Life and style
2026-05-10T04:00:15Z;Chile;The Guardian;"Hantavirus; Americas; Infectious diseases; Health; Cruises; Argentina; Chile; Water transport; Animals; World news";Argentina in spotlight over hantavirus as authorities retrace footsteps of ship’s passengers;Thirty years after first person-to-person transmission was documented in Patagonia, scientists say global heating could increase world’s exposure;https://www.theguardian.com/world/2026/may/10/hantavirus-is-not-easily-spread-but-is-global-heating-upping-our-exposure;World news
2026-05-09T05:15:47Z;Chile;The Guardian;"Television & radio; Culture";TV tonight: jazz club crooning, dad dancing and Simply Red hits;Mick Hucknall belts out all the tunes on stage in Chile. Plus, the wonderfeul Hannah Waddingham hosts SNL UK! Here’s what to watch this evening;https://www.theguardian.com/tv-and-radio/2026/may/09/tv-tonight-jazz-club-crooning-dad-dancing-and-simply-red-hits;Television & radio
2026-05-09T05:00:48Z;Chile;The Guardian;"Venice Biennale 2026; Art and design; Culture; Italy; Protest; Russia; Europe; World news";At the Venice Biennale I saw anger at Russia and Israel – and its leadership pretending everything was fine | Charlotte Higgins;The festival can often make you queasy, as geopolitics are played out through the proxy of art. This year it feels on the verge of collapsing in on itself, says Charlotte Higgins, the Guardian’s chief culture writer;https://www.theguardian.com/commentisfree/2026/may/09/venice-biennale-anger-russia-israel-art-festival;Opinion
2026-05-07T19:20:55Z;Chile;The Guardian;"Hantavirus; Infectious diseases; South Africa; Cruises; World Health Organization; Argentina; World news; UK news; Netherlands; Chile; Uruguay; Spain; Society; Health; Europe; Americas; Africa; Science";Two Britons evacuated from hantavirus-hit ship ‘improving’ in hospital;Man, 69, is in intensive care in Johannesburg, while expedition guide Martin Anstee, 56, receiving care in Netherlands;https://www.theguardian.com/world/2026/may/07/two-britons-evacuated-hantavirus-hit-ship-improving-hospital;World news
2026-05-07T17:53:32Z;Chile;The Guardian;"World news; Ukraine; Russia; Europe; Latvia; Hungary; Bulgaria";Hantavirus outbreak ‘not start of pandemic’ says WHO, as Canaries secure concessions over cruise docking plans - as it happened;Health body gives briefing as Spain says ship will not dock in Tenerife but be anchored offshore and passengers will have no contact with the public;https://www.theguardian.com/world/live/2026/may/07/ukraine-russia-drones-latvia-hungary-bulgaria-latest-news-updates;World news
2026-05-07T16:20:13Z;Chile;The Guardian;"Hantavirus; Infectious diseases; Health; Science; World news; UK news; Argentina; Netherlands; Spain";Where did the cruise ship hantavirus come from and what happens next?;As the remaining passengers head for the Canary Islands we look at how the virus spreads and what is being done;https://www.theguardian.com/world/2026/may/07/where-cruise-ship-hantavirus-from-what-next-canary-islands;World news
2026-05-07T13:00:49Z;Chile;The Guardian;"Table tennis; Sport";From ‘whiff-whaff’ to the Table Tennis World Championships – photo essay;Global game celebrates centenary event in London as players of all ages showcase their skill, style and speed;https://www.theguardian.com/sport/2026/may/07/table-tennis-london-world-championships-photo-essay;Sport
2026-05-07T11:01:46Z;Chile;The Guardian;"David Attenborough; Television & radio; Insects; Natural History Museum; Museums; Biology; Wildlife; Chile";Tiny parasitic wasp named after David Attenborough for his 100th birthday;Specimen from 1983 lay forgotten at Natural History Museum until recently, when spotted by a volunteer and identified as new genus;https://www.theguardian.com/tv-and-radio/2026/may/07/tiny-parasitic-wasp-named-after-david-attenborough-100th-birthday-attenboroughnculus-tau;Television & radio
2026-05-07T10:00:47Z;Chile;The Guardian;"Life and style; Heathrow";Nostalgia and regret are pointless. So why can't I shake them? | Adrian Chiles;There’s no better way to stay relevant than to stop looking over your shoulder and instead live for the present. Unfortunately my mindset is the complete opposite, writes Adrian Chiles;https://www.theguardian.com/commentisfree/2026/may/07/nostalgia-and-regret-are-pointless-so-why-cant-i-shake-them;Opinion
2026-05-07T01:53:51Z;Chile;The Guardian;"Argentina; Hantavirus; Americas; World Health Organization";Argentina races to find origins of cruise ship hantavirus outbreak, amid reports some passengers have returned to US;Argentina, where the MV Hondius cruise departed, consistently ranked by WHO as having highest incidence of hantavirus in region;https://www.theguardian.com/world/2026/may/07/argentina-origins-hantavirus-outbreak-cruise-ship-mv-hondius;World news
2026-05-06T16:35:14Z;Chile;The Guardian;"Pussy Riot; Venice Biennale 2026; Russia; Italy; Protest; Art and design; Culture; Europe; World news";Pussy Riot protest at Venice Biennale forces Russian pavilion to briefly close;Demonstrators, angered by Russia’s inclusion at arts festival, shout ‘Curated by Putin, dead bodies included’;https://www.theguardian.com/world/2026/may/06/pussy-riot-protest-at-venice-biennale-forces-russian-pavilion-to-briefly-close;World news
2026-05-06T15:18:19Z;Chile;The Guardian;"Work & careers; Life and style";The best filing system? The one where every piece of paper goes in the bin | Adrian Chiles;Over the years, I’ve tried many ways of keeping track of my paperwork – each one worse than the last. Drastic action is called for, says Adrian Chiles;https://www.theguardian.com/commentisfree/2026/may/06/the-best-filing-system-the-one-where-every-piece-of-paper-goes-in-the-bin;Opinion
2026-05-06T12:05:25Z;Chile;The Guardian;"Cuba; Americas; Caribbean; World news; Brazil; Race";‘Educated under embargo’: How Cuban doctors vital to Latin America and the Caribbean became under threat by the US;The US is blocking the employment of Cuban doctors around the world – and the poorest will suffer the costs;https://www.theguardian.com/news/2026/may/05/cuban-doctors-latin-america-caribbean-threat-us-embargo;News
2026-04-29T16:19:58Z;Chile;The Guardian;"Life and style; Restaurants; Chips (french fries)";I can’t stop pilfering from other people’s plates – but don’t even think about grabbing my chips | Adrian Chiles;Breakfast, lunch, dinner: there’s no meal I can’t spoil with my desire to get more than my fair share. And it’s been this way ever since I was a kid, writes Adrian Chiles;https://www.theguardian.com/commentisfree/2026/apr/29/i-cant-stop-pilfering-from-other-peoples-plates-but-dont-even-think-about-grabbing-my-chips;Opinion
2026-04-29T14:08:05Z;Chile;The Guardian;"Crime - Australia; Drugs; Australia news; Health; Drugs trade; Methamphetamine (crystal meth); Cannabis";Australia’s use of methamphetamine has doubled in a decade, wastewater monitoring reveals ;Consumption is at a record high along with that of cocaine, Australian Criminal Intelligence Commission figures show;https://www.theguardian.com/australia-news/2026/apr/29/methamphetamine-crystal-meth-ice-australia-second-largest-consumer;Australia news
2026-04-29T10:00:53Z;Chile;The Guardian;"Critical minerals; Critical minerals; Global development; Mining; Water; Access to water; Endangered habitats; Renewable energy; Energy; Environment; World news; United Nations";Critical minerals are ‘oil of 21st century’ as demand fuels poverty and pollution in poorer countries;Rush for lithium, cobalt and nickel is ravaging livelihoods, water and health of world’s most vulnerable, UN study says;https://www.theguardian.com/global-development/2026/apr/29/critical-minerals-are-oil-of-21st-century-as-demand-fuels-poverty-and-pollution-in-poorer-countries;Global development
2026-04-29T06:00:47Z;Chile;The Guardian;"Television; Culture; Television & radio";The House of the Spirits review – this twee adaptation of Isabel Allende’s novel isn’t good enough;In some ways, this expansive Spanish language series improves on the Chilean family saga about a psychic girl and a military coup. But it mainly just feels old-fashioned and naive;https://www.theguardian.com/tv-and-radio/2026/apr/29/the-house-of-the-spirits-review-isabel-allendes-novel-amazon-prime-video;Television & radio
2026-04-26T14:15:16Z;Chile;The Guardian;Life and style;13 Mexican cooking staples in ‘Salsa Daddy’’s drop-dead gorgeous kitchen;The Salsa Daddy cookbook author shares his kitchen shortcuts and obsessions, and how to bring Mazatlán, Mexico into your own home;https://www.theguardian.com/thefilter-us/2026/apr/26/rick-martinez-mexican-kitchen-staples;The Filter US
2026-04-26T10:00:11Z;Chile;The Guardian;"Cuba; World news; Americas; Caribbean";‘A sudden gap’: poorest to suffer from Trump’s drive to stop Cuba sending doctors to its neighbours;People across Latin America and the Caribbean find themselves without care as countries bow to US pressure;https://www.theguardian.com/world/2026/apr/26/poorest-to-suffer-trump-drive-to-stop-cuba-sending-doctors-to-its-neighbours;World news
2026-04-24T17:29:46Z;Chile;The Guardian;"Football; Sport";"West Brom handed two-point deduction; Prestianni hit with six-match ban for ‘homophobic conduct’ – as it happened";West Brom were docked two points after being found to have breached the EFL’s financial rules and Gianluca Prestianni was banned for six European matches;https://www.theguardian.com/football/live/2026/apr/24/premier-league-fa-cup-wcl-semi-finals-news-and-more-football-live;Football
2026-04-24T06:00:32Z;Chile;The Guardian;"Television & radio; TV streaming; Culture; Television";Widow’s Bay to Should I Marry a Murderer? The seven best shows to stream this week;"Matthew Rhys stars in a genuinely creepy comedy horror from the maker of Parks &amp; Rec. Plus, the woman who turned informant when her fiancé confessed that he’d killed a man";https://www.theguardian.com/tv-and-radio/2026/apr/24/widows-bay-to-should-i-marry-a-murderer-the-seven-best-shows-to-stream-this-week;Television & radio
2026-04-23T10:00:07Z;Chile;The Guardian;"Coffee; Food";Banter is the last thing I want from a coffee machine. Yet here we are | Adrian Chiles;I don’t need full-colour pictures of cappuccinos and definitely not congratulatory messages with my favourite cup. Give me terse clarity, please, writes Adrian Chiles;https://www.theguardian.com/lifeandstyle/commentisfree/2026/apr/23/my-old-coffee-machine-was-great-i-just-wish-my-new-one-would-shut-up;Life and style
2026-04-22T16:08:45Z;Chile;The Guardian;"Fitness; Life and style";I tried to do a press-up – and had an existential crisis | Adrian Chiles;There’s nothing to make you feel old like finding out that something you used to do all the time is now completely beyond you, writes Adrian Chiles;https://www.theguardian.com/commentisfree/2026/apr/22/i-tried-to-do-a-press-up-and-had-an-existential-crisis;Opinion
2026-04-16T11:33:33Z;Chile;The Guardian;"Chile; Pedro Pascal; Intellectual property; Spirits; Food & drink industry; Americas; World news; Film; Culture; Business; Law";Pedro Pascal v Pedro Piscal: actor in legal battle with Chilean spirit brand;Pedro Piscal pisco is latest Chilean brand to resemble a Hollywood name – and others have fought off the lawsuits;https://www.theguardian.com/world/2026/apr/16/pedro-pascal-pedro-piscal-actor-spirit-brand-legal-battle-chile;World news
2026-04-15T21:54:13Z;Chile;The Guardian;"Champions League; Football; European club football; Bayern Munich; Real Madrid; Sport";Bayern Munich 4-3 Real Madrid (6-4 agg): Champions League quarter-final, second leg – as it happened;<strong>Minute-by-minute report:</strong> Eduardo Camavinga was sent off for Madrid before Luis Díaz and Michael Olise earned Bayern a semi-final date with PSG;https://www.theguardian.com/football/live/2026/apr/15/bayern-munich-v-real-madrid-champions-league-quarter-final-second-leg-live;Football
2026-04-14T15:07:45Z;Chile;The Guardian;"Business; International Monetary Fund (IMF); Economics; Iran";UK growth forecasts slashed by IMF as Iran war hurts global economy – as it happened;International Monetary Fund has lowered its forecast for UK growth in 2026 and 2027, due to Iran war and weak growth in late 2025;https://www.theguardian.com/business/live/2026/apr/14/iran-war-hurting-global-economic-growth-imf-meeting-rachel-reeves-oil-price-stock-markets-latest-updates;Business
2026-04-14T04:00:02Z;Chile;The Guardian;"Fungi; Environment; Conservation; Africa; World news; Science; Biology; Climate crisis; Taxonomy; Madagascar; Zimbabwe; Benin; Congo-Brazzaville";‘Without them there is no life’: the race to understand the mysterious world of Africa’s fungi;Amid growing evidence of fungi’s key role in ecosystems and storing carbon, African scientists are championing the need to preserve ‘funga’ as much as flora and fauna;https://www.theguardian.com/environment/2026/apr/14/african-scientists-fungal-conservation-movement-aoe;Environment
2026-04-12T12:59:08Z;Chile;The Guardian;"Theatre; Stage; Culture; British identity and society; Immigration and asylum";My Uncle Is Not Pablo Escobar review – colourful Latinx bank drama loses sting ;Five writers contribute fizzing ideas aplenty to this play exploring questions of Latinx identity in Britain, while also attempting to deliver an undercover drama;https://www.theguardian.com/stage/2026/apr/12/my-uncle-is-not-pablo-escobar-review-brixton-house-london-latinx-bank-sting;Stage
2026-04-08T21:13:45Z;Chile;The Guardian;Australia news;Morning Mail: Israeli strikes on Lebanon put Middle East ceasefire in doubt, razor gang targets NDIS, outback town for sale;"Iran says the agreement has been breached by Israel’s renewed assault on Hezbollah; Labor trying to drive cuts in disability scheme ";https://www.theguardian.com/australia-news/2026/apr/09/morning-mail-thursday-ntwnfb;Australia news
2026-04-08T16:33:19Z;Chile;The Guardian;"Summer food and drink; Food; Fruit; Ice-cream and sorbet; Snacks";Rose’s Lime Marmalade? Gone. Dark chocolate Bounty? No more. But what about their heartbroken fans? | Adrian Chiles;Do companies realise the misery caused when they take much-loved products off the market? I’m still in mourning for Izal Medicated toilet paper, writes Adrian Chiles;https://www.theguardian.com/commentisfree/2026/apr/08/roses-lime-marmalade-gone-dark-chocolate-bounty-no-more-but-what-about-their-heartbroken-fans;Opinion
2026-04-08T13:00:32Z;Chile;The Guardian;"Chile; Augusto Pinochet; Nazism; World news; Americas";Chile’s far-right government rips up plan for memorial at Pinochet torture site;New administration reverses expropriation of property founded by ex-Nazi Paul Schäfer, leaving victims in limbo;https://www.theguardian.com/world/2026/apr/08/chile-torture-paul-schafer-villa-baviera;World news
2026-04-07T16:58:32Z;Chile;The Guardian;"Food; European Union; Brexit";A marmalade-dropper for Paddington Bear? | Letters;<strong>Letters: Mónica Joyce Moniz</strong> on the origins of marmalade. Plus letters from <strong>Tony Batcup</strong> and <strong>Mark de Brunner</strong>;https://www.theguardian.com/food/2026/apr/07/a-marmalade-dropper-for-paddington-bear;Food
2026-04-07T08:13:29Z;Chile;The Guardian;"Australia news; Australian politics; Australian economy; Business; Health; Australian education; Australian immigration and asylum; Australian foreign policy; US-Israel war on Iran; Labor party; Coalition; Australia weather; Queensland; New South Wales; Liberal party; Petrol prices";Australians buy record number of new EVs – as it happened;This blog is now closed;https://www.theguardian.com/australia-news/live/2026/apr/07/australia-news-live-cyclone-maila-threat-queensland-road-toll-trump-iran-ntwnfb;Australia news
2026-04-07T06:57:03Z;Chile;The Guardian;Australia news;"Afternoon Update: Ben Roberts-Smith arrested over alleged war crimes; Trump’s Iran deadline nears; and the appeal of barefoot hiking";Roberts-Smith previously failed in his attempt to sue three newspapers which published allegations he murdered unarmed civilians and bullied comrades;https://www.theguardian.com/australia-news/2026/apr/07/afternoon-update-tuesday-ntwnfb;Australia news
2026-04-03T16:00:56Z;Chile;The Guardian;"FA Cup; Chelsea; Port Vale; Australia sport; Football; Sport";Burslem Globetrotters: Port Vale’s travelling stars plot Chelsea shock;Australian manager Jon Brady and New Zealand striker Ben Waine have guided League One strugglers to quarter-finals;https://www.theguardian.com/football/2026/apr/03/jon-brady-port-vale-fa-cup-quarter-final-chelsea;Football
2026-04-02T11:00:23Z;Chile;The Guardian;"US television; Television; Culture; Television & radio; Factual TV; Politics TV; US politics; Trump administration; Talk shows";The anti-Maga talkshow: after 70 years, PBS’s The Open Mind still has it;For decades, the TV programme has made a quiet case for depth, civility and political conversation that doesn’t insult your intelligence;https://www.theguardian.com/tv-and-radio/2026/apr/02/the-open-mind-pbs;Television & radio
2026-04-02T09:00:22Z;Chile;The Guardian;"Waste; Homes; Life and style; Ethical and green living";I need to declutter my life. But I can’t even give my stuff away | Adrian Chiles;I bought a book that might have helped – but I’ve already mislaid it. Am I a lost cause, asks Guardian columnist Adrian Chiles;https://www.theguardian.com/commentisfree/2026/apr/02/declutter-life-give-stuff-away;Opinion
2026-04-02T09:00:22Z;Chile;The Guardian;"K-pop; Music; Korean food and drink; Mexico; Brazil; Chile; South Korea; Asia Pacific; Culture; World news; Americas";‘The US is no longer the go-to place’: How Korean culture is taking Latin America by storm;Everything Korean – from K-pop and skincare to food and clothing – is no longer a niche interest in Chile, Mexico and Brazil;https://www.theguardian.com/music/2026/apr/02/how-korean-culture-is-taking-latin-america-by-storm;Music
2026-04-01T20:30:07Z;Chile;The Guardian;"World Cup 2026; World Cup; Football; Sport";World Cup power rankings: France lead the way with Senegal and Japan in top 10;From Algeria to Uzbekistan, our writers and contributors from around the world assess the state of the 48 nations to qualify for the tournament;https://www.theguardian.com/football/2026/apr/01/guardian-power-rankings-france-senegal-japan-top-10-world-cup-2026;Football
2026-04-01T09:57:30Z;Chile;The Guardian;"World Cup 2026; World Cup 2026 qualifiers; World Cup; Football; Sport; US sports";World Cup 2026: which countries have qualified and how did they do it?;We now know all 48 teams that will play in the US, Canada and Mexico later this year – this is how they got there;https://www.theguardian.com/football/2025/oct/10/world-cup-2026-which-countries-have-qualified-and-how-did-they-do-it;Football
2026-04-01T07:00:41Z;Chile;The Guardian;"Football; Sport";Has a football club won the title with a better goal difference than points tally? | The Knowledge;Plus: qualifying for the World Cup with no more than two wins, a 20-0 victory and scratching a 34-year itch;https://www.theguardian.com/football/2026/apr/01/has-football-club-won-title-better-goal-difference-than-points-tally-the-knowledge;Football
2026-03-30T10:00:08Z;Chile;The Guardian;"Space; Asteroids; Science; United Nations; World news; Satellites";‘This was the real thing’: Meet the woman who alerts the world when an asteroid could hit;Aarti Holla-Maini of the UN’s Office for Outer Space Affairs is primed to spot a potential planetary strike – and a year ago, she thought the moment had come;https://www.theguardian.com/science/ng-interactive/2026/mar/30/asteroid-warning-earth-un-office-for-outer-space-affairs;Science
2026-03-26T22:19:01Z;Chile;The Guardian;"World Cup 2026 qualifiers; World Cup 2026; World Cup; Italy; Northern Ireland; Football; Sport";Italy 2-0 Northern Ireland: World Cup playoff – as it happened;<strong>Minute-by-minute report:</strong> Northern Ireland fought well, and played awhile on Italian nerves, but the Azzurri had too much quality in the second half as the hosts kept their qualification hopes alive. Scott Murray was watching;https://www.theguardian.com/football/live/2026/mar/26/italy-v-northern-ireland-world-cup-playoff-live;Football
2026-03-26T12:00:36Z;Chile;The Guardian;"Marcelo Bielsa; Uruguay; England; Football; Sport";Bielsa back in England seeking end to boom-bust pattern after Luis Suárez attack | Jonathan Wilson;The Uruguay coach, who had such an impact at Leeds, needs a result at Wembley on Friday after a downturn for the South American side;https://www.theguardian.com/football/2026/mar/26/marcelo-bielsa-friendly-uruguay-england-world-cup-hopes-2026;Football
2026-03-25T17:34:36Z;Chile;The Guardian;"Art and design; Life and style";I thought my cuckoo clock was amazing, but it’s got nothing on my statue of Bert the cheery chef | Adrian Chiles;Installed in my home, Bert is a conversation starter like no other. It usually begins with: ‘What on earth is that thing?’ writes Adrian Chiles;https://www.theguardian.com/commentisfree/2026/mar/25/thought-my-cuckoo-clock-was-amazing-but-nothing-on-my-statue-of-cheery-chef;Opinion
2026-03-25T11:00:06Z;Chile;The Guardian;"Global development; Rewilding; Deforestation; Argentina; Americas; Conservation; Trees and forests; World news; Bolivia; Paraguay; Brazil; Environment";How weaving, glamping and kayak tours are helping to tackle deforestation in Argentina’s Gran Chaco;Small farmers and community-led conservation groups are trying to protect one of the biggest semi-arid forests in the world – under threat from expanding agriculture, wildfires and the ‘logging mafia’;https://www.theguardian.com/global-development/2026/mar/25/argentina-gran-chaco-deforestation-eco-tourism-weaving-glamping-kayak-tours;Global development
2026-03-24T15:47:15Z;Chile;The Guardian;"Football; Sport";Football Daily | Welcome to the Fifa Series – football’s random friendly fixture generator;In today’s Football Daily: time to focus on the really big international games;https://www.theguardian.com/football/2026/mar/24/the-fifa-series-football-daily-newsletter;Football
2026-03-24T10:00:33Z;Chile;The Guardian;"Rugby union; Sport";The Breakdown | Fiji and the beautiful south reveal rugby’s soul but northern money talks loudest;Southern hemisphere players are integral to the global game but the financial clout of Europe remains dominant;https://www.theguardian.com/sport/2026/mar/24/rugby-union-breakdown-southern-hemisphere-fiji-south-africa-argentina;Sport
2026-03-24T09:00:14Z;Chile;The Guardian;"Endangered species; Fishing; Antarctica; Sea Shepherd Conservation Society; Marine life; Environmental activism; Conservation; Environment; Food; Wildlife; World news; Norway; Fishing industry; Cetaceans; Animals; Business; Birds; Europe; China; Asia Pacific; Zoology; Oceans";‘It smells like a rancid fish and chip shop’: at sea with the Antarctic’s krill supertrawlers;The fishery is regulated but experts say it is wrecking the food chain. <strong>Gordon Peake</strong> joined a Sea Shepherd mission to observe the giant ships compete for catch;https://www.theguardian.com/environment/2026/mar/24/krill-foundation-food-antarctic-ecosystem-survive-factory-fishing;Environment
2026-03-23T12:00:49Z;Chile;The Guardian;"Oceans; Chile; Marine life; Conservation; Wildlife; Americas; Environment; World news";‘There’s biological treasure here’: Chile’s endemic seals gain protection with new marine park;Sixty years after the discovery of a colony of Juan Fernández fur seals, previously thought to be extinct, a landmark agreement extends ‘no take’ zone around the wildlife-rich archipelago;https://www.theguardian.com/environment/2026/mar/23/chile-seals-colony-gain-protection-new-marine-park-juan-fernandez-archipelago-wildlife;Environment
2026-03-22T12:00:21Z;Chile;The Guardian;"Science; Physics; Books; Psychology; Culture";Is time a figment of our imaginations? ;Cosmologists and physicists come up empty handed when they attempt to pin down time. So what, exactly, is it?;https://www.theguardian.com/science/2026/mar/22/is-time-a-figment-of-our-imaginations;Science
2026-03-19T18:00:23Z;Chile;The Guardian;"Archaeology; Chile; Americas; World news; Science";Archaeological site in Chile upends theory of how humans populated the Americas … again;Discovery at Monte Verde puts north-to-south expansion theory back at centre of heated debate on continent’s human history;https://www.theguardian.com/science/2026/mar/19/archaeological-site-in-chile-upends-theory-of-how-humans-populated-the-americas-again;Science
2026-03-19T12:00:08Z;Chile;The Guardian;"US-Israel war on Iran; Donald Trump; US foreign policy; World news; US news; Iran; Middle East and north Africa";Trump thinks brute force will arrest the US’s decline. His heavy-handed actions in Iran are only accelerating it | Owen Jones;From Venezuela to the Middle East, this is gangsterism fused with colonialism. It repudiates the moral language through which US power once justified itself, says Guardian columnist Owen Jones;https://www.theguardian.com/commentisfree/2026/mar/19/donald-trump-brute-force-us-decline-iran-war;Opinion
2026-03-19T11:00:06Z;Chile;The Guardian;"West Bromwich Albion; Life and style; Football; Birds";I thought my pigeon curse was lifting. Then it took a darker turn | Adrian Chiles;The feathered devils have been looking at me funny all year. And just when I thought my torment might be over, I went round to Mum’s and had a terrible shock, writes Adrian Chiles;https://www.theguardian.com/commentisfree/2026/mar/19/i-thought-my-pigeon-curse-was-lifting-then-it-took-a-darker-turn;Opinion
2026-03-19T08:00:03Z;Chile;The Guardian;"Europa League; Midtjylland; Football; Sport";Midtjylland’s innovators aiming to give Forest that sinking feeling;Nottingham Forest travel to the MCH Arena seeking to overturn a one-goal Europa League deficit against a familiar foe who were early champions of the set piece;https://www.theguardian.com/football/2026/mar/19/midtjylland-nottingham-forest-europa-league;Football
2026-03-18T18:06:37Z;Chile;The Guardian;"Work-life balance; Work & careers; Life and style";I didn’t know how much I needed work until I lost it. But now I’ve learned to love Mondays again | Adrian Chiles;After years of scrabbling about for jobs, I’m happy I have the right work/leisure balance, says Adrian Chiles;https://www.theguardian.com/commentisfree/2026/mar/18/need-work-lost-it-learned-to-love-mondays-again;Opinion
2026-03-18T11:00:38Z;Chile;The Guardian;"Florida; Education; Sociology; US universities; US news; US education; Race; Gender; Sexuality; Higher education; DEI policies";Florida professors quietly defy restrictions on race and gender: ‘This is how authoritarianism works’;Sociology faculty are refusing to alter syllabi, even as state targets how race, gender and inequality are taught;https://www.theguardian.com/us-news/2026/mar/18/florida-colleges-push-back-race-gender-restrictions;US news
2026-03-18T08:00:26Z;Chile;The Guardian;"Football; Sport";What is the earliest an uninjured goalkeeper has been substituted? | The Knowledge;Plus: which team has played the most weekday league matches and more snubbed hat-trick heroes;https://www.theguardian.com/football/2026/mar/18/what-is-the-earliest-an-uninjured-goalkeeper-has-been-substituted;Football
2026-03-14T18:05:53Z;Chile;The Guardian;"AI (artificial intelligence); Palantir; Technology; Katy Perry; Afghanistan; Israel-Gaza war; Chile; Wyoming; Abortion; US news";This CEO warns that Democratic voters are most at risk from automation | Arwa Mahdawi;Palantir’s CEO says the platforms will have a vast effect on the electoral landscape. Is it a warning or a sales pitch?;https://www.theguardian.com/commentisfree/2026/mar/14/palantir-ai-marco-rubio-afghanistan-katy-perry;Opinion
2026-03-14T07:00:13Z;Chile;The Guardian;"Quiz and trivia games; Life and style";What links The Wonderful Wizard of Oz and Moonfleet? The Saturday quiz;From Glengarry Glen Ross and Lawrence of Arabia to Liz Truss and Lord Salisbury, test your knowledge with the Saturday quiz;https://www.theguardian.com/lifeandstyle/2026/mar/14/what-links-the-wonderful-wizard-of-oz-and-moonfleet-the-saturday-quiz;Life and style
2026-03-12T12:00:22Z;Chile;The Guardian;"Chile; Americas; Global development; World news; Mining; Environment; Water";‘Kast is more like Trump’: Chile’s environmentalists prepare to do battle for the country’s future;Fears are growing that the new far-right president will slash environmental protections in favour of foreign investment;https://www.theguardian.com/global-development/2026/mar/12/chile-far-right-leader-kast-water-indigenous-environment-mining-arica;Global development
2026-03-12T11:00:22Z;Chile;The Guardian;"Fast food; Society; Food; Food and drink books; Children";I’ll never forget the day I tasted roast chicken crisps – it changed my life for ever | Adrian Chiles;Everyone knows the dowdy potato snack, but reading a recent book on them has reignited a personal journey and taken my intake to hitherto unseen levels;https://www.theguardian.com/commentisfree/2026/mar/12/day-tasted-roast-chicken-crisps-changed-life-for-ever;Opinion
2026-03-11T17:27:08Z;Chile;The Guardian;"AI (artificial intelligence); Electric, hybrid and low-emission cars; Technology";The AI assistant was offering me any help I needed. All I wanted was a living, breathing human | Adrian Chiles;When I heard ‘Rachel’ answer the helpline number in her metallic voice, my soul felt as empty as the batteries of my malfunctioning car, says Adrian Chiles;https://www.theguardian.com/commentisfree/2026/mar/11/the-ai-assistant-was-offering-me-any-help-i-needed-all-i-wanted-was-a-living-breathing-human;Opinion
2026-03-11T15:00:44Z;Chile;The Guardian;"El Salvador; Human rights; Law; World news; Americas";El Salvador’s mass arrest policy may have led to crimes against humanity, study shows;Experts documented murder, torture and disappearances under Nayib Bukele’s policy targeting gangs;https://www.theguardian.com/world/2026/mar/11/el-salvador-mass-incarceration-crimes-against-humanity-study;World news
2026-03-11T08:00:12Z;Chile;The Guardian;"Chile; Americas; World news";José Antonio Kast, the Pinochet fan about to swerve Chile to the far right;The new president won office by promising to clean up crime, but his background is red rag to a bull for many;https://www.theguardian.com/world/2026/mar/11/jose-antonio-kast-pinochet-fan-chile-far-right;World news
2026-03-10T10:00:24Z;Chile;The Guardian;"Women's rights and gender equality; Chile; Abortion; Women; Women's health; Americas; World news";Fears for women’s rights in Chile as anti-abortion president set to take office;José Antonio Kast, who voted against legalising divorce in 2004, has pushed for return to total abortion ban;https://www.theguardian.com/global-development/2026/mar/10/fears-womens-rights-chile-anti-abortion-president-jose-antonio-kast;Global development
2026-03-09T13:55:17Z;Chile;The Guardian;"Books; Hay festival; Culture; Festivals; Wales; UK news";Gisèle Pelicot and Nazanin Zaghari-Ratcliffe among Hay Festival 2026 speakers;The line-up for this year’s festival includes Emma Thompson, Malala Yousafzai, Ian McEwan and other prominent authors and figures;https://www.theguardian.com/books/2026/mar/09/gisele-pelicot-and-nazanin-zaghari-ratcliffe-among-hay-festival-2026-speakers;Books
2026-03-09T07:00:43Z;Chile;The Guardian;"Guinea-Bissau; Fishing industry; Food; Fish; Oceans; Fishing; Environment; Fish; Fish oil; Africa; Animals; Conservation; Food; Marine life; Wildlife; World news; Business; Food security";How the ‘Galápagos of west Africa’ is plundered by floating fish factories;A Guardian investigation with DeSmog reveals thousands of tonnes of fish are illegally turned into fishmeal and oil off the coast of Guinea-Bissau;https://www.theguardian.com/environment/2026/mar/09/fish-factories-west-africa-guardian-investigation-desmog-fishmeal-oil;Environment
2026-03-07T20:00:03Z;Chile;The Guardian;"World Cup 2026; World Cup; Iran; Football; Sport";The World Cup is no stranger to strife – but this summer’s finals already feel damaged | Jonathan Wilson;A hundred days from their first game, Iran’s prospects of playing in the US are fast fading as turbulent times once more affect the tournament;https://www.theguardian.com/football/2026/mar/07/the-world-cup-is-no-stranger-to-strife-but-this-summers-finals-already-feel-damaged;Football
2026-03-07T18:01:23Z;Chile;The Guardian;"Donald Trump; US foreign policy; Trump administration; Mexico; Venezuela; Claudia Sheinbaum; Nicolás Maduro; Argentina; Bolivia; Chile; Costa Rica; Dominican Republic; Ecuador; El Salvador; Guyana; Honduras; Panama; Paraguay; Trinidad and Tobago; US politics; US news; Caribbean; Americas; World news";Trump convenes ‘Shield of Americas’ summit with 12 Latin American leaders;President called for regional cooperation in western hemisphere to counter China economic and political interests;https://www.theguardian.com/us-news/2026/mar/07/trump-shield-of-americas-summit;US news
2026-03-05T19:50:26Z;Chile;The Guardian;"US news; US foreign policy; Drugs trade; World news; Mexico; Venezuela; Americas; Brazil";Dismay as Hegseth urges Latin American allies to join ‘offense’ against cartels;Critics sceptical Pentagon chief’s plan for increased military force – amid rising US intervention – will stop drug gangs;https://www.theguardian.com/us-news/2026/mar/05/hegseth-latin-america-drug-cartels;US news
2026-03-05T07:00:53Z;Chile;The Guardian;"Film; Documentary films; Activism; Chile; US news; Rutger Bregman; World news; Society; Culture; Americas; Daphne Caruana Galizia; Amazon; E-commerce; Internet; Technology; Feminism";Breaking Social review – Rutger Bregman leads an irresistible rallying cry for global activism;Fredrik Gertten travels the world meeting activists who have had enough of corruption, kleptocracy and structural inequality – while Bregman’s nuggets of wisdom are a joy;https://www.theguardian.com/film/2026/mar/05/breaking-social-review-global-activism-fredrik-gertten-rutger-bregman;Film
2026-03-03T13:11:17Z;Chile;The Guardian;"US-Israel war on Iran; Iran; Israel; Lebanon; Hezbollah; Saudi Arabia; US foreign policy; Cyril Ramaphosa; Pakistan; World news; South Africa; Indonesia; Americas; Africa; Asia Pacific; Middle East and north Africa; China";‘Imperialist undertones’: global south condemns US-Israeli war with Iran  ;China calls it unacceptable to ‘kill leader of sovereign state’, while South Africa questions ‘pre-emptive’ justification;https://www.theguardian.com/world/2026/mar/03/global-south-condemns-us-israeli-war-with-iran;World news
2026-03-02T13:15:10Z;Chile;The Guardian;"Global development; Abortion; El Salvador; Women's rights and gender equality; Human rights; Human rights; Global health; Americas; Health; Women; World news; Law; Maternal health; Women; Pregnancy; Society";Jailed for losing a pregnancy: how progress on El Salvador’s harsh anti-abortion law is unravelling;Years of campaigning led to the release of 81 women imprisoned under the country’s strict reproductive laws, but the suspension of civil rights by President Nayib Bukele is fuelling a new wave of criminalisation;https://www.theguardian.com/global-development/2026/mar/02/el-salvador-bukele-anti-abortion-laws-women-criminalised-obstetric-crisis-miscarriage-rights;Global development
2026-03-01T14:00:45Z;Chile;The Guardian;"Australian lifestyle; North and Central America holidays; Costa Rica holidays; Travel";The kindness of strangers: at San José airport, I couldn’t pay my departure tax – then a woman handed me the cash;There was no ATM at the airport and banks were closed. If I missed this flight, all my subsequent flights would have been cancelled;https://www.theguardian.com/lifeandstyle/2026/mar/02/kindness-strangers-airport-departure-tax;Life and style
2026-03-01T12:00:41Z;Chile;The Guardian;"New Orleans clergy abuse; US news; Catholicism";He broke the story of the US Catholic clergy abuse scandal. Now he reflects on struggling to keep his faith;A reporter ponders on how to repair a religious structure long thought of as good but supported by an evil underside;https://www.theguardian.com/us-news/2026/mar/01/journalist-catholic-clergy-abuse-scandal-new-orleans;US news
2026-03-01T01:49:20Z;Chile;The Guardian;"Bad Bunny; Sydney; Music; Culture; Australia news";‘For us, it’s like Christmas’: Bad Bunny gets rapturous welcome at first-ever Australian show;On Saturday night in Sydney, the Latin American diaspora came out in force to see ‘Benito’, the Puerto Rican star making fans ‘feel so proud of being Latino’;https://www.theguardian.com/australia-news/2026/mar/01/bad-bunny-sydney-australia-show-debi-tirar-mas-fotos-world-tour-engie-stadium;Music
2026-02-28T10:51:46Z;Chile;The Guardian;"Water; Water industry; Environment; Utilities";Dirty water, death and decline: the inside story of a privatisation scandal;There is no end in sight to the pollution caused by a ‘broken’ system. Experts say it could even be getting worse;https://www.theguardian.com/news/ng-interactive/2026/feb/28/dirty-water-death-and-decline-the-inside-story-of-a-privatisation-scandal;News
2026-02-26T20:01:40Z;Chile;The Guardian;"Astronomy; Space; Science";New image reveals secrets of Milky Way galaxy in stunning detail;Largest ever image obtained by specialist telescope in Chile represents scientific and aesthetic breakthrough;https://www.theguardian.com/science/2026/feb/26/new-image-milky-way-galaxy;Science
2026-02-26T06:56:49Z;Chile;The Guardian;"Australia news; Australian politics; Australian economy; Business; Health; Australian education; Australian immigration and asylum; Australian foreign policy";Greens urge Labor to stop treating children detained in Syria camp like ‘disposable political pawns’ – as it happened;This blog is now closed;https://www.theguardian.com/australia-news/live/2026/feb/26/dfat-middle-east-evacuation-syria-isis-families-wives-children-anthony-albanese-angus-taylor-budget-cost-of-living-capital-gains-tax-reform-ntwnfb;Australia news
2026-02-25T16:30:03Z;Chile;The Guardian;"Life and style; Technology; Men";I wanted an oven with a knob. Instead I got a world of pain | Adrian Chiles;My new oven has a touchscreen – and demanded to be connected to my broadband. Now it won’t give me a moment’s peace;https://www.theguardian.com/commentisfree/2026/feb/25/i-wanted-an-oven-with-a-knob-instead-i-got-a-world-of-pain;Opinion
2026-02-22T10:00:34Z;Chile;The Guardian;"Tattoos; Culture; Music; JK Rowling; Harry Potter; Harry Potter; Morrissey; The Smiths; Marilyn Manson; Kanye West";‘A reminder of how careless I was’: from cringe cartoons to cancelled rockstars, the tattoos fans regret;What happens when you’re sporting signs of your devotion long after your idol has fallen from grace? Meet the fans whose tattoos have become embarrassing – even problematic;https://www.theguardian.com/fashion/2026/feb/22/when-fan-tattoos-go-wrong-pokemon-morrissey-marilyn-manson;Fashion
2026-02-18T18:00:41Z;Chile;The Guardian;"UK news; Global development";Toxic e-waste, harmful content, AI water use – we need to grasp the full impact of our digital habits;"In this week’s newsletter: how India’s rural workers are being harmed by watching hours of abusive content to train AI; why Cuba is betting on renewables; plus exclusive images of Iran’s deadly protests";https://www.theguardian.com/uk-news/2026/feb/18/toxic-e-waste-harmful-content-ai-water-use-we-need-to-grasp-the-full-impact-of-our-digital-habits;UK news
2026-02-18T16:38:31Z;Chile;The Guardian;"Motoring; Car insurance; Life and style; Insurance industry";My breakdown cover was extortionate – and that taught me an important lesson | Adrian Chiles;Consumers beware: you have to keep a forensic eye on the deals for all the services you pay for. Otherwise, like me, you’ll get shafted, writes Adrian Chiles;https://www.theguardian.com/commentisfree/2026/feb/18/my-breakdown-cover-was-extortionate-and-that-taught-me-an-important-lesson;Opinion
2026-02-17T15:02:02Z;Chile;The Guardian;"Stage; Comedy; Theatre; Culture; Soho theatre; Comedy; Older people";‘Oh my God, what a brutal existence!’ Haley McGee on her global hit about growing old (and white pubic hair);The Canadian performer visited hospices, mystics and cemeteries to research Age Is a Feeling. The show, which has now been performed in 10 languages, has reduced men in their 70s to tears;https://www.theguardian.com/stage/2026/feb/17/white-pubic-hair-haley-mcgee-global-hit-age-is-a-feeling;Stage
2026-02-16T13:00:26Z;Chile;The Guardian;"Critical minerals; Mining; Critical minerals; Commodities; Environment; World news";The US is merely the latest to join the global rush to hoard critical minerals;JD Vance is seeking to create a ‘trading bloc’ as shortages and climate crises mean a kaleidoscope of rare earths are increasingly jealously guarded;https://www.theguardian.com/environment/2026/feb/16/critical-minerals-shortages-jd-vance-trading-bloc-analysis;Environment
2026-02-15T14:00:25Z;Chile;The Guardian;"US foreign policy; Trump administration; US news; US politics; Donald Trump; Bad Bunny; Culture; Super Bowl; Americas; Music; Sport; US sports; World news";Trump gets the Monroe doctrine wrong. He should take a page from Bad Bunny | Ted Widmer;The US president has twisted the 1823 doctrine to suit his quest for domination. It originally had a very different vision for the Americas;https://www.theguardian.com/us-news/ng-interactive/2026/feb/15/trump-bad-bunny-monroe-doctrine;US news
2026-02-14T16:46:16Z;Chile;The Guardian;"Six Nations 2026; Six Nations; Rugby union; Sport; Ireland rugby union team; Italy rugby union team";Ireland 20-13 Italy: Six Nations rugby union – as it happened;Ireland fought back to earn a narrow victory in Dublin after a resurgent Italy had threatened a major upset;https://www.theguardian.com/sport/live/2026/feb/14/ireland-v-italy-six-nations-rugby-union-live;Sport
2026-02-13T17:43:39Z;Chile;The Guardian;"Film; Wim Wenders; Berlin film festival; Culture; Festivals; A Fantastic Woman; Female genital mutilation (FGM); Homelessness; Post Office Horizon scandal; Arundhati Roy; Books; Health; Housing; Post Office; Communities; Poverty; Society; UK news; Social exclusion; Business";Arundhati Roy is right, not Wim Wenders – here are eight films that have changed politics;From ‘honour’ killings to nuclear war, some screen works have led directly legislative action – despite what jury head Wenders suggested at the Berlin film festival;https://www.theguardian.com/film/2026/feb/13/films-that-have-changed-politics;Film
2026-02-12T12:23:03Z;Chile;The Guardian;"Women's football; Football; Chile; Sport";‘We want this movement to be massive’: how Chilean women’s football is leading the way;Chile’s female players are newly protected under labour law and are hoping their official status can help the game thrive in South America;https://www.theguardian.com/football/2026/feb/12/chilean-womens-football-players-union-moving-goalposts;Football
2026-02-12T11:00:14Z;Chile;The Guardian;"Chile; Protest; Americas; World news";Chile impunity fears as riot officer who blinded protester walks free;Gustavo Gatica lost his sight in 2019’s nationwide unrest but, with a far-right president about to be sworn in, the man who shot the rubber bullets has gloated over his acquittal;https://www.theguardian.com/world/2026/feb/12/chile-riot-police-blinded-protester-aquitted;World news
2026-02-12T11:00:13Z;Chile;The Guardian;"DIY; Life and style";At the age of 58, I’ve bought my first drill. Can it make me a new man? | Adrian Chiles;Bored with my DIY hopelessness, I’ve decided it’s time I learned some basics, writes Adrian Charles;https://www.theguardian.com/commentisfree/2026/feb/12/at-the-age-of-58-ive-bought-my-first-drill-can-it-make-me-a-new-man;Opinion
2026-02-12T10:00:40Z;Chile;The Guardian;"Happiness; Cycling; Travel; Life and style; Mindfulness; Health & wellbeing; Fitness";‘I lived the life I’ve always dreamed of’: the man who cycled around the world for four years;Andreas Graf lived without screens and no idea of the date or time. The conditions were often brutal – but he found kindness and friendship as he rode;https://www.theguardian.com/lifeandstyle/2026/feb/12/i-lived-the-life-ive-always-dreamed-of-the-man-who-cycled-around-the-world-for-four-years;Life and style
2026-02-11T17:01:15Z;Chile;The Guardian;"Infrastructure; Automotive industry; Life and style; Potholes";Surely potholes were never this bad before? | Adrian Chiles;Maybe I’m just getting older, but it seems there are more potholes than ever – big, deep, ruinous and a metaphor for Britain today, writes Adrian Chiles;https://www.theguardian.com/commentisfree/2026/feb/11/potholes-roads-britain-today;Opinion
2026-02-11T08:00:11Z;Chile;The Guardian;"Wildfires; Climate crisis; Trees and forests; Chile; Argentina; Americas; World news; Environment";Some of world’s oldest trees hit by climate-fuelled wildfires in Patagonia;Wildfires that left 23 people dead were made about three times more likely by global heating, researchers say;https://www.theguardian.com/world/2026/feb/11/climate-fuelled-wildfires-patagonia-argentina-chile-oldest-trees;World news
2026-02-10T12:48:41Z;Chile;The Guardian;"Chile; Environment; Astronomy; Space; World news; Science; Americas";Astronomers celebrate cancellation of $10bn Chile project that threatened clearest skies in the world;Astronomers had warned that proximity of INNA facility to telescopes would have irreparably damaged observation;https://www.theguardian.com/world/2026/feb/10/project-cancelled-chile-worlds-clearest-skies;World news
2026-02-09T04:09:33Z;Chile;The Guardian;"Bad Bunny; Super Bowl; Super Bowl LX; Music; Culture";Bad Bunny’s Super Bowl half-time show review – a thrilling ode to Boricua joy;The Grammy-winning Puerto Rican megastar delivered a powerful, detail-packed performance that paid tribute to his history and teased more greatness for his future;https://www.theguardian.com/music/2026/feb/08/bad-bunny-super-bowl-half-time-show-review;Music
2026-02-08T08:00:25Z;Chile;The Guardian;"Winter Olympics 2026; Winter Olympics; Sport";Winter Olympics briefing: Italy’s golden moment and Sweden stick it to Norway;Francesca Lollobrigida brought the house down at the Milano Ice Park and then searched out her son to share her joy;https://www.theguardian.com/sport/2026/feb/07/winter-olympics-briefing-italys-golden-moment-and-sweden-stick-it-to-norway;Sport
2026-02-07T21:05:04Z;Chile;The Guardian;"Winter Olympics 2026; Winter Olympics; Sport; US sports; Australia sport";Winter Olympics 2026: speed skating gold for Italy, Cas upholds ban on GB skeleton helmets and more – as it happened;Italy’s Francesca Lollobrigida won Italy’s first gold medal to get the party started at their home Games on day one;https://www.theguardian.com/sport/live/2026/feb/07/winter-olympics-2026-first-gold-medals-mens-downhill-figure-skating-live;Sport
2026-02-06T22:58:29Z;Chile;The Guardian;"Winter Olympics 2026; Winter Olympics; Sport; US sports; Australia sport";Winter Olympics 2026: opening ceremony at Milan’s San Siro and beyond – as it happened;The Olympic Flame is lit as Mariah Carey, Andrea Bocelli and Lang Lang star in beautiful opening ceremony at the San Siro stadium;https://www.theguardian.com/sport/live/2026/feb/06/winter-olympics-2026-milano-cortina-opening-ceremony-action;Sport
2026-02-06T15:25:51Z;Chile;The Guardian;"Science; Science funding crisis; Physics; UK news; Research funding; Research";UK ‘could lose generation of scientists’ with cuts to projects and research facilities;Researchers say best scientists are taking posts overseas because of lack of job stability at home;https://www.theguardian.com/science/2026/feb/06/uk-scientists-cuts-funding-projects-research-facilities;Science
2026-02-05T19:00:45Z;Chile;The Guardian;"Pesticides; Insects; Environment; Farming; Biodiversity; Conservation; Wildlife";‘Stark warning’: pesticide harm to wildlife rising globally, study finds;Toxicity from farm chemicals increased for most species groups between 2013 and 2019, with insects worst affected;https://www.theguardian.com/environment/2026/feb/05/pesticide-wildlife-harm-rising-globally-despite-stark-warning-study;Environment
2026-02-05T11:00:26Z;Chile;The Guardian;"United Kingdom; Winter; Life and style";I’m not fooled by the sun popping out – it’s the season of miserable greys | Adrian Chiles;Who cares about the days getting longer when they are so rainy and dull, writes Adrian Chiles;https://www.theguardian.com/commentisfree/2026/feb/05/im-not-fooled-by-the-sun-popping-out-its-the-season-of-miserable-greys;Opinion
2026-02-04T21:57:02Z;Chile;The Guardian;"Gift ideas from the Filter US; Valentine's Day; Life and style; Beauty; Fashion; Food";Our international Valentine’s gift guide for curious Americans;A Wuthering Heights-inspired cushion beloved in the UK and a Moroccan cooking tagine for two: these gifts show love in every language;https://www.theguardian.com/thefilter-us/2026/feb/04/international-valentines-gift-guide;The Filter US
2026-02-04T16:16:48Z;Chile;The Guardian;"Life and style; Health & wellbeing; Science; Biology; Psychology; Language";Things reek, stink and pong – but why are there no verbs for describing a delightful odour? | Adrian Chiles;We don’t have a single verb to express smelling something nice. Welsh and Croatian, by contrast, are never caught short when something fragrant gets right up your nose, writes Guardian columnist Adrian Chiles;https://www.theguardian.com/commentisfree/2026/feb/04/reek-stink-pong-verbs-odour-smelling-nice;Opinion
2026-02-04T12:09:13Z;Chile;The Guardian;"Westminster Dog Show; Sport; US sports; Dogs; Catherine O'Hara; Pets; Animals";Doberman named Penny takes Westminster’s best in show as Catherine O’Hara honored;Doberman Penny wins best in show at the 150th Westminster, giving handler Andy Linton a second career crown nearly four decades after his first triumph with the breed;https://www.theguardian.com/sport/2026/feb/04/priceless-penny-wins-westminster-best-in-show-catherine-ohara;Sport
2026-02-03T16:08:55Z;Chile;The Guardian;"Mining; Pollution; Environment; Lithium-ion batteries; Technology; Cornwall; Renewable energy; Electric, hybrid and low-emission cars; Ethical and green living; Society";The lithium boom: could a disused quarry bring riches to Cornwall?;Known as ‘white gold’, lithium is among the most important mined elements on the planet – ideal for the rechargeable batteries used in tech products. Can Europe’s largest deposit bring prosperity to the local community?;https://www.theguardian.com/environment/2026/feb/03/lithium-boom-cornwall-mine-largest-deposit-europe;Environment
2026-02-03T16:00:04Z;Chile;The Guardian;"US immigration; ICE (US Immigration and Customs Enforcement); Haiti; US news; Trump administration";Despite TPS stay, thousands of Haitians in Ohio face uncertainty and fear of ICE;Springfield businesses are closing and families are making contingency plans for their children;https://www.theguardian.com/us-news/2026/feb/03/ohio-ice-raids-haitian-community;US news
2026-02-02T16:00:13Z;Chile;The Guardian;"Critical minerals; Mining; International trade; Renewable energy; Greenhouse gas emissions; Economics; Business; Energy; Environment; Global economy; World news; Europe; European Union";Damning EU report lays bare bloc’s ‘dangerous dependence’ on critical mineral imports;Auditor calls renewable energy targets ‘unrealistic’ unless ‘EU ups its game’ in mining, refining and recycling of metals such as rare earths;https://www.theguardian.com/world/2026/feb/02/damning-eu-report-lays-bare-blocs-dangerous-dependence-on-critical-mineral-imports;World news
2026-01-30T14:48:39Z;Chile;The Guardian;"Football; Premier League; NWSL; Women's football; Sport; US sports";Pitch Points: Which Arsenal narrative will prevail, and how has Carrick reset Man United?;The world of soccer throws up no shortage of questions. In today’s column, we endeavor to answer three of them;https://www.theguardian.com/football/2026/jan/30/arsenal-manchester-united-trinity-rodman-nwsl;Football
2026-01-29T18:40:50Z;Chile;The Guardian;"World Cup 2026; Football; World Cup; Sport";A World Cup boycott would be a big statement but unlikely to accomplish much | Leander Schaerlaeckens;International sporting events don’t often see teams refuse to participate for a cause – but when it’s happened, it hasn’t been effective;https://www.theguardian.com/football/2026/jan/29/world-cup-boycott;Football
2026-01-29T11:00:24Z;Chile;The Guardian;"USA women's football team; US sports; Sport; Football; Women's football";Four big predictions for the USWNT lineup after 2026’s first games;With the year’s first games out of the way, open questions remain for Emma Hayes’ side in each position;https://www.theguardian.com/football/2026/jan/29/uswnt-four-predictions-january-window;Football
2026-01-29T11:00:21Z;Chile;The Guardian;"Life and style; Advertising; Cardiff; Language; Wales";Is the wayward apostrophe in WALE’S LARGEST VAPE SHOP a sign of the times? | Adrian Chiles;I’d been catching sight of a billboard displaying what I suspected to be some rogue punctuation every time I drove into Cardiff. This time, I had to stop and capture the evidence, writes Adrian Chiles;https://www.theguardian.com/commentisfree/2026/jan/29/wayward-apostrophe-wales-largest-vape-shop-adrian-chiles;Opinion
2026-01-29T06:00:39Z;Chile;The Guardian;"Science; Environment; Antarctica; World news";Does Antarctica really have the bluest sky in the world?;Light scattering creates the shade we see when we look skyward, and studies show the process varies around the world;https://www.theguardian.com/news/2026/jan/29/does-antarctica-really-have-the-bluest-sky-in-the-world;News
2026-01-28T17:11:05Z;Chile;The Guardian;"Architecture; Cheshire; Merseyside";I visited Runcorn for the first time this week – and was blown away by its magic | Adrian Chiles;Decades after I first befriended one of the town’s sons, I finally got to see the place – or at least its glorious bridge, writes Adrian Chiles;https://www.theguardian.com/commentisfree/2026/jan/28/i-visited-runcorn-and-was-blown-away-by-its-magic;Opinion
2026-01-28T11:00:38Z;Chile;The Guardian;"Women; Society; History books; Books; Environment; Antarctica; Women; Oceans; World news; Life and style; US news";Pregnant, 19 and facing down a mutiny: how did Mary Ann Patten steer her way into seafaring lore? ;Finding herself in charge of her sick husband’s clipper, a self-taught working-class teenager overcame storms, icebergs and a disloyal first mate to get her ship to safety;https://www.theguardian.com/environment/2026/jan/28/seafaring-history-mary-ann-patten-pregnant-mutiny-navigation-storms-antarctica;Environment
2026-01-28T09:00:08Z;Chile;The Guardian;"Books; Fiction; Culture";The Puma by Daniel Wiles review – a visceral tale of cyclical violence;A father and son move to the Patagonian woods – but intensity wanes when a search for home becomes an obsessive quest for revenge;https://www.theguardian.com/books/2026/jan/28/the-puma-by-daniel-wiles-review-a-visceral-tale-of-cyclical-violence;Books
2026-01-27T12:00:42Z;Chile;The Guardian;"Argentina; Wildfires; Chile; Indigenous peoples; Americas; Climate crisis; Environment; World news; Global development; Trees and forests; Extreme weather; Antisemitism; Javier Milei";‘The land will be left as ashes’: why Patagonia’s wildfires are almost impossible to stop;Funding cuts, conspiracy theories and ‘powder keg’ pine plantations have seen January’s forest fires tear through Chubut in southern Argentina;https://www.theguardian.com/global-development/2026/jan/27/argentina-patagonia-wildfires-javier-milei-mapuche-conspiracy-theories-cuts-climate-crisis-extreme-weather;Global development
2026-01-26T17:01:43Z;Chile;The Guardian;"United Nations; Donald Trump; US foreign policy; Greenland; Nato; Israel-Gaza war; Politics; Palestine; Gaza; Defence policy; Gordon Brown";The global rules-based order has been in freefall for years | Letters;<strong>Letters: </strong>Readers respond to an article by Gordon Brown in which he says the free world needs a new plan and strong leadership;https://www.theguardian.com/world/2026/jan/26/the-global-rules-based-order-has-been-in-freefall-for-years;World news
2026-01-24T15:00:42Z;Chile;The Guardian;"Minnesota; ICE (US Immigration and Customs Enforcement); US news; Minneapolis; Minneapolis school shooting; Trump administration; US politics; Schools; US education";ICE raids turn life into a daily terror for Minneapolis schoolkids: ‘This is a generational trauma’ ;As Trump-deployed agents pervade the region, students struggle to carry on with lessons while carrying grief and fear that they or their loved ones will be taken;https://www.theguardian.com/us-news/2026/jan/24/minnesota-ice-raids-children-trauma;US news
2026-01-23T12:31:17Z;Chile;The Guardian;"New York; US news; World news; Scotland; Children; Society; Zohran Mamdani";Scotland sends baby box to New York after mayor Mamdani cites policy;Scottish social justice secretary says manifesto pledge for New Yorkers shows shared ‘commitment to tackling child poverty’;https://www.theguardian.com/us-news/2026/jan/23/scotland-sends-baby-box-to-new-york-after-mayor-mamdani-cites-policy;US news
2026-01-22T11:00:52Z;Chile;The Guardian;"Schools; Teaching; Education";I went back to school for a day – and discovered some very unsettling facts about learning | Adrian Chiles;I thought my articles and radio shows made an impact on people. A notice in the staffroom suggested otherwise, writes Adrian Chiles;https://www.theguardian.com/commentisfree/2026/jan/22/back-to-school-learning-knowledge-retention-facts;Opinion
2026-01-21T16:56:26Z;Chile;The Guardian;"Chile; Women; Abortion; Americas; World news";Chile’s president-elect names staunch abortion opponent as gender equality minister;Far-right incoming president picked Judith Marín, who has publicly decried bills to decriminalise abortion, for the role;https://www.theguardian.com/world/2026/jan/21/chile-abortion-opponent-gender-equality-minister;World news
2026-01-21T15:02:23Z;Chile;The Guardian;"Pubs; Life and style; Women; Men";I had an eye-opening experience in the queue for a pub toilet | Adrian Chiles;There was the struggle to make chitchat, a whiff of humiliation – and a sobering recognition of what women have to put up with;https://www.theguardian.com/commentisfree/2026/jan/21/i-had-an-eye-opening-experience-in-the-queue-for-a-pub-toilet;Opinion
2026-01-21T15:00:40Z;Chile;The Guardian;"Photography; Art and design; Culture; Bolivia; Americas; World news";The shot that got me a police beating: Rod Morris’s best photograph;‘After I took this, police officers bundled me into the back of a car and drove me to the local station where I was questioned for a long time. On the way out, they took turns to punch and kick me’;https://www.theguardian.com/artanddesign/2026/jan/21/rod-morris-best-photograph-police-beating;Art and design
2026-01-16T13:00:58Z;Chile;The Guardian;"Alejandro Jodorowsky; Film; Culture";‘Soon I will die. And I will go with a great orgasm’: the last rites of Alejandro Jodorowsky;The Chilean film-maker’s psychedelic work earned him the title ‘king of the midnight movie’, and a fan in John Lennon. Now the 96-year-old is ready for the end – but first there is more living to do;https://www.theguardian.com/culture/2026/jan/16/alejandro-jodorowsky-interview-film-art-sin-fin-book;Culture
2026-01-16T13:00:57Z;Chile;The Guardian;"Bolivia; Chile; Climate crisis; Environment; Global development; World news; Indigenous peoples; Americas; Water"; ‘We’re in danger of extinction’: can Bolivia’s ‘water people’ survive a rising tide of salt and migration?;The Uru Chipaya, one of South America’s most ancient civilisations, are battling drought, salinity and an exodus of their people as the climate crisis wreaks havoc on their land;https://www.theguardian.com/global-development/2026/jan/16/bolivia-uru-chipaya-climate-crisis-water-oldest-civilisation-salinity;Global development
2026-01-15T11:00:01Z;Chile;The Guardian;"Life and style; Accessories; Fashion";After all these years, I still hate wearing specs | Adrian Chiles;When I was a boy, glasses were a source of shame that ruined my self-esteem. Now that contact lenses have failed me too, all that’s left is to embrace the blurriness;https://www.theguardian.com/commentisfree/2026/jan/15/after-all-these-years-i-still-hate-wearing-glasses;Opinion
2026-01-14T17:52:52Z;Chile;The Guardian;"Dogs; Pets; Environment; Pollution";I’ve been thinking a lot about dog poo | Adrian Chiles;There was a time when nobody picked up after their dogs – and it would have been considered disgusting to do so. What caused the change in attitude?;https://www.theguardian.com/commentisfree/2026/jan/14/ive-been-thinking-a-lot-about-dog-poo;Opinion
2026-01-14T14:59:31Z;Chile;The Guardian;"Art and design; Culture; New York";Bronx dog-walkers in the rubble of a dangerous New York: Camilo José Vergara’s best photograph;‘Huge parts of the city were being destroyed. This was part of my attempt to preserve the whole damn thing. The area became a juvenile prison’;https://www.theguardian.com/artanddesign/2026/jan/14/bronx-dog-walkers-new-york-camilo-jose-vergaras-best-photograph;Art and design
2026-01-14T01:46:50Z;Chile;The Guardian;"Australian law; Protest; Race; Australian security and counter-terrorism; Australian politics";Banning organisations has a sorry history – does Australia really want to go down this road again? | Anne Twomey;As the government brings its new hate laws to parliament, it’s worth remembering past attempts suggest legislation used to outlaw political groups have been neither wise nor necessary;https://www.theguardian.com/law/commentisfree/2026/jan/14/australia-hate-laws-banning-organisations-sorry-history;Opinion
2026-01-13T06:31:30Z;Chile;The Guardian;"Iran; Middle East and north Africa; Protest; Ayatollah Ali Khamenei; Human rights; World news";Tuesday briefing: What has sparked Iran’s latest wave of protests – and what might happen next;In today’s newsletter: A researcher with a focus on the region explains what’s behind deadly nationwide demonstrations and what a hardening of public opinion against the state might bring;https://www.theguardian.com/world/2026/jan/13/tuesday-briefing-what-has-sparked-irans-latest-wave-of-protests-and-what-might-happen-next;World news
2026-01-09T15:50:15Z;Chile;The Guardian;"Venezuela; Nicolás Maduro; Donald Trump; Americas; US news; World news; María Corina Machado";‘A more convenient dictatorship’: fear and uncertainty in Venezuela after fall of Maduro;US capture of president gave many Venezuelans hope, but a week on, an even more draconian atmosphere pervades;https://www.theguardian.com/world/2026/jan/09/fear-uncertainity-venezuela-after-maduro-trump-us;World news
2026-01-08T06:00:04Z;Chile;The Guardian;"Donald Trump; Venezuela; Greenland; US news; Trump administration; Pete Hegseth; Jared Kushner; US politics";Don’t dignify Trump with talk of a ‘new world order’ – there’s nothing new or ordered about this chaos | Aditya Chakrabortty ;The US president’s grotesque theatrics on the world stage are an opportunistic distraction from his falling domestic ratings, says Guardian columnist Aditya Chakrabortty;https://www.theguardian.com/commentisfree/2026/jan/08/trump-new-world-order-chaos-falling-ratings;Opinion
2026-01-07T17:54:24Z;Chile;The Guardian;"Trump administration; US attack on Venezuela; US Senate; US Congress; Democrats; Donald Trump; Pete Hegseth; Marco Rubio; Republicans; Nicolás Maduro; Venezuela; US politics; US news";Democrats decry Venezuela attack as Republicans defend Trump after Senate briefing;Top Trump officials brief 100 US senators on weekend raid while defending military operation and US president;https://www.theguardian.com/us-news/2026/jan/07/trump-venezuela-attack-democrat-republican-senators;US news
2026-01-07T17:37:00Z;Chile;The Guardian;"Oil; Critical minerals; Fossil fuels; Venezuela; Trump administration; US foreign policy; Americas; Environment; World news; Amazon rainforest; Energy; Climate crisis; Colombia; Brazil; Chile; Peru; Bolivia; China; US news";US attack on Venezuela will decide direction of South America’s vast mineral wealth;Outcome of aggression will determine whether rare earths and other resources drive energy transition – or strengthen US military power and oil interests;https://www.theguardian.com/environment/2026/jan/07/us-venezuela-south-america-mineral-wealth-rare-earths-oil;Environment
2026-01-06T22:30:20Z;Chile;The Guardian;"Premier League; Football; West Ham United; Nottingham Forest; Sport";West Ham 1-2 Nottingham Forest: Premier League – at it happened;Nottingham Forest moved seven points clear of West Ham and the relegation zone thanks to Morgan Gibbs-White’s late penalty;https://www.theguardian.com/football/live/2026/jan/06/west-ham-v-nottingham-forest-premier-league-live;Football
2026-01-06T04:36:56Z;Chile;The Guardian;"US attack on Venezuela; Venezuela; US politics; Nicolás Maduro; Americas; World news; US news; Trump administration; Donald Trump; US foreign policy";Machado welcomes ‘huge step for humanity’ – as it happened;Venezuelan opposition leader says she plans to return to her country as soon as possible. This blog is now closed;https://www.theguardian.com/world/live/2026/jan/05/venezuela-live-updates-trump-us-interim-president-collaborate;World news
2026-01-05T16:52:05Z;Chile;The Guardian;"Business; Economics; Stock markets; FTSE; Oil; Commodities";US oil company shares and Venezuelan bonds rally after Maduro seized, sending Dow to record high – as it happened;Rolling coverage of the latest economic and financial news, with gold and defence company shares also higher today;https://www.theguardian.com/business/live/2026/jan/05/gold-price-defence-shares-us-venezuela-maduro-oil-business-live-news-updates;Business
2026-01-05T07:41:53Z;Chile;The Guardian;"Venezuela; Donald Trump; Nicolás Maduro; Marco Rubio; World news; Americas; US news; US attack on Venezuela";Donald Trump warns of ‘big price to pay’ if Caracas fails to toe line;Washington keeping 15,000-strong military presence in Caribbean in case interim president hinders US objectives;https://www.theguardian.com/world/2026/jan/04/us-running-venezuela-now-seems-less-likely-but-second-intervention-possible;World news
2026-01-05T05:46:26Z;Chile;The Guardian;"Venezuela; Nicolás Maduro; Americas; World news; US news; Trump administration; Donald Trump; US politics; US foreign policy";Trump threatens Colombia with military action – as it happened;US president says an operation in Colombia ‘sounds good’ and elections in Venezuela will happen at the ‘right time’;https://www.theguardian.com/world/live/2026/jan/04/nicolas-maduro-jailed-us-attack-venezuela-donald-trump-reaction-latest-news-updates-live;World news
2026-01-04T22:03:26Z;Chile;The Guardian;"Venezuela; Americas; Trump administration; US politics; World news; US news; US attack on Venezuela";Few in Caracas are celebrating as they face an uncertain post-Maduro future;Stockpiling not partying is the priority for Venezuelans who say they fear crackdowns by the regime the US left in place;https://www.theguardian.com/world/2026/jan/04/few-in-caracas-are-celebrating-as-they-face-an-uncertain-post-maduro-future;World news
2026-01-04T05:09:35Z;Chile;The Guardian;"Venezuela; Nicolás Maduro; Americas; World news; US news; Trump administration; Donald Trump; US politics; US foreign policy; US attack on Venezuela";Venezuelan leader lands in New York after capture – as it happened;This blog is now closed;https://www.theguardian.com/world/live/2026/jan/03/caracas-explosions-venezuela-maduro-latest-news-updates-live;World news
2026-01-04T04:00:01Z;Chile;The Guardian;"US foreign policy; Americas; Venezuela; Nicolás Maduro; Donald Trump; Mexico; US politics; Cuba; Haiti; Brazil; Panama; World news; US attack on Venezuela";‘Naked imperialism’: how Trump intervention in Venezuela is a return to form for the US;Most of the Americas have suffered from interference from their powerful northern neighbour – and are usually the worse off for it ;https://www.theguardian.com/us-news/2026/jan/04/naked-imperialism-how-trump-intervention-in-venezuela-is-a-return-to-form-for-the-us;US news
2026-01-03T06:04:28Z;Chile;The Guardian;"Tasmania; Environment; Marine life; Australia news; Oceans; Fish";Mystery pink slime on secluded Tasmanian beach prompts fears of potential algal bloom;Environment Protection Authority says blooms are ‘natural occurrence’ as marine scientist warns it has grown ‘significantly’ in recent hours;https://www.theguardian.com/australia-news/2026/jan/03/mystery-pink-slime-on-secluded-tasmanian-beach-prompts-fears-of-potential-algal-bloom;Australia news
2026-01-01T14:00:41Z;Chile;The Guardian;"Chile; Critical minerals; Rio Tinto; Americas; Mining; Environment; World news; Pollution; Lithium-ion batteries; Sustainable development; Green economy; Indigenous peoples; Business; Conservation and indigenous people; Conservation";‘The source of all life is here’: plan to mine lithium in Chilean salt flat sparks fears of water scarcity;The Colla Indigenous people claim Rio Tinto’s plans to extract the key mineral will harm fragile ecosystems and livelihoods;https://www.theguardian.com/global-development/2026/jan/01/chile-lithium-rio-tinto-fears-colla-indigenous-water-atacama-ecosystem;Global development
2026-01-01T06:43:50Z;Chile;The Guardian;"New year; World news";New Year’s Eve celebrations around the world – as it happened;This blog is now closed;https://www.theguardian.com/lifeandstyle/live/2025/dec/31/new-years-eve-2026-world-ring-in-live-latest;Life and style
2025-12-29T09:47:14Z;Chile;The Guardian;"US news; Japan; New Zealand; World news";Weather tracker: Polar wind set to end warmth in US south and midwest;Spring-like weather experienced by many Americans to end, while heavy snow in Japan brings deadly conditions;https://www.theguardian.com/environment/2025/dec/29/weather-tracker-polar-wind-set-to-end-warmth-in-us-south-and-midwest;Environment
2025-12-27T18:00:44Z;Chile;The Guardian;"Wine; Life and style";The eight best wine subscriptions in the US let you uncork and unwind at home;From a sparkling wine club to a small business that delivers nationwide, we tested eight wine clubs that satisfied different tastes and needs;https://www.theguardian.com/thefilter-us/2025/dec/27/best-wine-subscriptions-us;The Filter US
2025-12-27T14:00:39Z;Chile;The Guardian;"Mountaineering; Children; UK news; Devon; Books";Child abuse victim of Jackanory presenter tells how climbing saved him;Iain Peters waited more than 50 years before going to the police but hopes he can be a beacon for other survivors;https://www.theguardian.com/world/2025/dec/28/child-abuse-victim-of-jackanory-presenter-climbing-iain-peters;World news
2025-12-25T12:00:42Z;Chile;The Guardian;"Chile; Environment; Rewilding; Conservation; Wildlife; Americas; World news";‘It’s the wildest place I have walked’: new national park will join up Chile’s 2,800km wildlife corridor;Government poised to officially protect 200,000 hectares of remote Patagonian coastline and forest;https://www.theguardian.com/world/2025/dec/25/cape-froward-new-national-park-patagonia-chile;World news
2025-12-25T06:00:34Z;Chile;The Guardian;"Travel; Life and style";Around the world in 50 countries: the globe-trotting Christmas travel quiz;From the Seven Wonders of the Ancient World to Donald Trump’s territorial wishlist, test your travel knowledge. Every answer is the name of a country;https://www.theguardian.com/lifeandstyle/2025/dec/25/around-the-world-in-50-countries-globe-trotting-christmas-travel-quiz;Life and style
2025-12-23T11:01:15Z;Chile;The Guardian;"Chile rugby union team; Uruguay rugby union team; Rugby union; Sport";The Breakdown | Chile coach Pablo Lemoine: ‘Rugby is in trouble, even in countries like Wales’;The former Uruguay prop has praise for the new World Cup format but believes World Rugby must do more for developing nations;https://www.theguardian.com/sport/2025/dec/23/the-breakdown-chile-head-coach-pablo-lemoine-rugby-is-in-trouble-even-in-countries-like-wales;Sport
2025-12-21T11:00:04Z;Chile;The Guardian;"US healthcare; Trump administration; Business; Healthcare industry; US news; US politics";The US healthcare system hurts poor Americans. It’s about to get worse;As Congress cuts healthcare access to pay for tax cuts and poor Americans die earlier, billionaires invest in anti-ageing;https://www.theguardian.com/us-news/2025/dec/21/us-healthcare-system-trump;US news
2025-12-19T10:00:07Z;Chile;The Guardian;"Chile; Americas; World news; The far right; Augusto Pinochet";Chile’s far-right president taps into support for Pinochet that never went away;Experts say José Antonio Kast able to ‘reactivate a dormant Pinochetism’ and warn more education needed on ‘horrors of dictatorship’;https://www.theguardian.com/world/2025/dec/19/chile-jose-antonio-kast-pinochet;World news
2025-12-19T09:00:01Z;Chile;The Guardian;"Chile; Environment; Americas; National parks; World news";‘I can’t think of a place more pristine’: 133,000 hectares of Chilean Patagonia preserved after local fundraising;Exclusive: Ancient forests and turquoise rivers of the Cochamó Valley protected from logging, damming and development;https://www.theguardian.com/world/2025/dec/19/i-cant-think-of-a-place-more-pristine-133000-hectares-of-chilean-patagonia-preserved-after-local-fundraising;World news
2025-12-17T17:09:59Z;Chile;The Guardian;"Paul Mescal; William Shakespeare; Culture; Theatre; Film; Stage; Acting";Everything about Paul Mescal is irresistible – with one exception | Adrian Chiles;The actor has said Shakespeare’s language can be understood ‘in the body’. I couldn’t disagree more, writes Guardian columnist Adrian Chiles;https://www.theguardian.com/commentisfree/2025/dec/17/paul-mescal-shakespeare-language-body-chloe-zhao-hamnet;Opinion
2025-12-17T17:00:12Z;Chile;The Guardian;"ICE (US Immigration and Customs Enforcement); North Carolina; US news";In Durham, North Carolina, neighbors are protecting neighbors from ICE: ‘We care for each other’;Community members have stepped up with carpools, food deliveries, school patrols and policy advocacy;https://www.theguardian.com/us-news/2025/dec/17/durham-north-carolina-ice;US news
2025-12-16T18:31:28Z;Chile;The Guardian;"Gift ideas from the Filter US; Shops and shopping; Shopping trips; Christmas; Food; Fashion; Travel; Life and style; Health & wellbeing; Tea; Coffee; Fitness; Cocktails; Men's fashion; Beauty; Toys; Puzzle games; Makeup; Homes";The 175 best holiday gift ideas for 2025, vetted by the Guardian US staff;Unique, tested gift ideas for every budget – from stocking stuffers to splurges – to cover every recipient and scenario;https://www.theguardian.com/thefilter-us/2025/nov/22/best-holiday-gifts-ideas-guide;The Filter US
2025-12-15T19:28:02Z;Chile;The Guardian;"Chile; The far right; Americas; World news; Augusto Pinochet";Chile’s new far-right head is latest Latin American leader to ride hardline wave to power;From the US to Hungary to Argentina, rightwing leaders are praising José Antonio Kast’s win in Chile’s presidential race;https://www.theguardian.com/world/2025/dec/15/jose-antonio-kast-chile-election-analysis;World news
2025-12-15T12:58:23Z;Chile;The Guardian;"Argentina; Catholicism; Pope Leo XIV; Christianity; The papacy; Women; Human rights; Religion; Americas; World news";Women who say they were tricked into servitude for Opus Dei to meet in Argentina;Pope said to have urged organisers to hold conference after 43 women alleged they were exploited as minors by Catholic group;https://www.theguardian.com/world/2025/dec/15/women-say-tricked-servitude-opus-dei-to-meet-argentina;World news
2025-12-15T11:00:28Z;Chile;The Guardian;"US foreign policy; Venezuela; Trump administration; Donald Trump; US politics; US news; Americas";Trump’s approach to Venezuela repeats the mistakes of the past | Austin Sarat;Congress must work to stop the president from leading us further into a South American quagmire;https://www.theguardian.com/commentisfree/2025/dec/15/trump-venezuela-repeat-past-mistakes;Opinion
2025-12-14T23:40:25Z;Chile;The Guardian;"Chile; Americas; World news";Ultra-conservative José Antonio Kast elected Chile’s next president;The son of a Nazi party member and an admirer of Pinochet, Kast built his campaign on a promise to expel tens of thousands of undocumented migrants;https://www.theguardian.com/world/2025/dec/15/jose-antonio-kast-wins-election-chile-president;World news
2025-12-14T19:49:38Z;Chile;The Guardian;Australia news;Morning Mail: death toll rises to 16 from terror attack at Bondi after shooters targeted Jewish festival, victims include a child;Jewish families targeted in deadly terror attack at Sydney’s Bondi Beach;https://www.theguardian.com/australia-news/2025/dec/15/morning-mail-monday-ntwnfb;Australia news
2025-12-14T10:00:03Z;Chile;The Guardian;"Chile; World news; Americas";Far-right José Antonio Kast favored to win as Chile votes in presidential runoff;Trump-inspired former congressman expected to succeed Gabriel Boric but compulsory voting could create volatility;https://www.theguardian.com/world/2025/dec/14/chile-presidential-election;World news
2025-12-10T08:00:45Z;Chile;The Guardian;"Football; Sport";The Knowledge | Which football clubs have pictures of people on their badges? ;Plus: players popping up randomly on TV, triple-doubles in names and which match featured the most Ballon d’Or winners?;https://www.theguardian.com/football/2025/dec/10/which-football-clubs-have-pictures-of-people-on-their-badges;Football
2025-12-09T06:51:13Z;Chile;The Guardian;"Sport; Fifa; World Cup; Football politics; Football; Donald Trump; US news";Tuesday briefing: Is next year’s XXL World Cup an expansion too far?;In today’s newsletter: As the 2026 tournament expands, questions are being asked about its new format, its environmental impact and whether Fifa is bending too many of its own rules;https://www.theguardian.com/world/2025/dec/09/tuesday-briefing-fifa-world-cup-2026-donald-trump-us-mexico-canada;World news
2025-12-08T10:33:15Z;Chile;The Guardian;"Anglo American; Mining; Business; Mergers and acquisitions; Corporate governance; Executive pay and bonuses; UK news";Anglo American drops plan to pay bosses millions in bonuses after $50bn Teck merger backlash;FTSE 100 miner’s U-turn follows investor opposition to payouts when deal completes, including estimated £8.5m to CEO;https://www.theguardian.com/business/2025/dec/08/anglo-american-ditch-plan-bonuses-teck-mega-merger;Business
2025-12-06T02:24:16Z;Chile;The Guardian;"World Cup 2026; World Cup; Australia; Football; Australia sport; Sport";Socceroos should not be overawed by 2026 World Cup group that plays to their strengths | Joey Lynch;Australia might face the USA, Paraguay and a Europe qualifier as the underdog, but have honed a style that is almost built for tournament football;https://www.theguardian.com/football/blog/2025/dec/06/australia-socceroos-2026-world-cup-group-strengths;Football
2025-12-03T19:49:41Z;Chile;The Guardian;Australia news;Morning Mail: who is behind Reform Australia, Helen Garner’s library outrage, images from Epstein’s island;"Our reporters uncover the people behind a new rightwing protest group; author says changes to state library are a ‘disgrace to our city’";https://www.theguardian.com/australia-news/2025/dec/04/morning-mail-thursday-ntwnfb;Australia news
2025-12-03T17:51:54Z;Chile;The Guardian;"NHS; Health; Society; Skin cancer; Apps; Technology";Letters. Text messages. Passwords and more passwords. Why can’t the NHS just give me someone to talk to? | Adrian Chiles;I can forgive shabby hospitals, confusion over appointments, even doctors’ poor bedside manner, but all the apps in the world can’t replace a real person, writes Adrian Chiles;https://www.theguardian.com/commentisfree/2025/dec/03/letters-text-messages-passwords-why-cant-nhs-just-give-me-someone-to-talk-to;Opinion
2025-12-03T16:16:36Z;Chile;The Guardian;"Tennis; Davis Cup; Sport; Italy; World news";Nicola Pietrangeli obituary;Italian tennis player who led his team to a historic victory in the Davis Cup in 1976;https://www.theguardian.com/sport/2025/dec/03/nicola-pietrangeli-obituary;Sport
2025-12-03T14:00:37Z;Chile;The Guardian;"Australia rugby union team; Rugby World Cup 2027; Rugby union; Australia sport; New Zealand rugby union team; Sport";Wallabies must improve as World Cup draw delivers daunting All Blacks clash | Angus Fontaine;After a winless European tour, Australia aim to regain winning habit before home tournament in October 2027;https://www.theguardian.com/sport/2025/dec/03/wallabies-must-improve-as-world-cup-draw-delivers-daunting-all-blacks-clash;Sport
2025-12-03T10:57:04Z;Chile;The Guardian;"Rugby World Cup 2027; Rugby World Cup; South Africa rugby team; Australia rugby union team; New Zealand rugby union team; England rugby union team; Wales rugby union team; Rugby union; Sport";Hosts Australia to face New Zealand in Rugby World Cup pool as England draw Wales;Australia will face the All Blacks while England were drawn with Wales and Ireland with Scotland in the 2027 Rugby World Cup pools;https://www.theguardian.com/sport/2025/dec/03/rugby-world-cup-2027-pool-draw-australia-new-zealand-england-wales;Sport
2025-12-03T10:30:17Z;Chile;The Guardian;"Rugby World Cup 2027; Rugby union; Australia sport; Sport; Australia rugby union team; England rugby union team";Rugby World Cup 2027 draw: Australia and New Zealand drawn in Pool A – as it happened;The hosts will face All Blacks in opening match while England drew Wales in Pool F and Ireland play Scotland in Pool D;https://www.theguardian.com/sport/live/2025/dec/03/rugby-world-cup-2027-draw-live;Sport
2025-12-02T17:30:14Z;Chile;The Guardian;"Rugby World Cup; Rugby union; Sport; Australia sport";Men’s Rugby World Cup 2027: how the draw will work and the new format explained;A potential path to victory at the 2027 men’s Rugby World Cup will become clearer in Sydney on Wednesday when the draw for the tournament is made;https://www.theguardian.com/sport/2025/dec/02/mens-rugby-world-cup-2027-how-the-draw-will-work-and-the-new-format-explained;Sport
2025-12-02T17:11:17Z;Chile;The Guardian;"Law; Augusto Pinochet; Jeremy Corbyn";Letter: Sir Geoffrey Bindman obituary;<strong>Jeremy Corbyn writes:</strong> He dedicated his life to protecting the freedoms of ordinary people;https://www.theguardian.com/law/2025/dec/02/letter-sir-geoffrey-bindman-obituary;Law
2025-12-02T15:00:36Z;Chile;The Guardian;"Chile; Global development; Fish; Fish; Fishing; Fishing industry; Oceans; Conservation; Environment; Business; Animals; Food; Food; Marine life; Wildlife; World news; Americas";‘Those who eat Chilean salmon cannot imagine how much human blood it carries with it’;The country is the world’s second-largest producer of the popular fish, and the biggest supplier to the US, but its farms are beset by accusations of dangerous labour conditions, antibiotic overuse and ecological harm;https://www.theguardian.com/global-development/2025/dec/02/chile-salmon-farms-fish-industry;Global development
2025-12-01T14:00:12Z;Chile;The Guardian;"Australia rugby union team; Rugby union; Australia sport; Sport";Wallabies to learn Rugby World Cup fate at draw that favours 2027 hosts;Despite Australia’s inability to secure a top seeding, a kind path to the quarter-final stage has been cleared for them;https://www.theguardian.com/sport/2025/dec/01/australia-wallabies-rugby-world-cup-fate-draw;Sport
2025-11-30T15:00:08Z;Chile;The Guardian;"Travel; Women; Women; UK news";‘I was hooked’: the rise of the intrepid female solo traveller;Women of all ages, especially older ones, are actively choosing to travel alone. What’s behind the trend?;https://www.theguardian.com/travel/2025/nov/30/i-was-hooked-the-rise-of-the-intrepid-female-solo-traveller;Travel
2025-11-28T15:00:11Z;Chile;The Guardian;"Homes; Interiors; Restaurants; Life and style; Food";Fine dining in your front room: from tea bags to ceramics, top restaurant essentials to transform meals at home;Never mind the food, what about the vibe? Restaurateurs share tips and tricks that will bring a touch of restaurant magic to your table;https://www.theguardian.com/lifeandstyle/2025/nov/28/fine-dining-in-your-front-room-top-restaurant-essentials-to-transform-meals-at-home;Life and style
2025-11-27T18:38:43Z;Chile;The Guardian;"Venezuela; Air transport; US news; Airline industry; Americas; Iberia; Business; World news";Venezuela bans six international airlines as tensions with US escalate;Carriers accused of joining ‘actions of state terrorism promoted by US’ after they suspended flights to Venezuela;https://www.theguardian.com/world/2025/nov/27/venezuela-bans-six-leading-airlines-as-tensions-with-us-escalate;World news
2025-11-27T11:00:26Z;Chile;The Guardian;"Life and style; Restaurants; London";London has plenty of posh breakfast options – but give me a greasy spoon any day | Adrian Chiles;The food’s better, the price is better and the company is better. You know where you are at a proper caff, writes Adrian Chiles;https://www.theguardian.com/lifeandstyle/commentisfree/2025/nov/27/london-has-plenty-of-posh-breakfast-options-but-give-me-a-greasy-spoon-any-day;Life and style
2025-11-26T21:00:07Z;Chile;The Guardian;;Corrections and clarifications;Airstrikes on Iran | Birmingham bin strike;https://www.theguardian.com/news/2025/nov/26/corrections-and-clarifications;News
2025-11-26T14:56:03Z;Chile;The Guardian;"Life and style; Young people; Careers; Education"; Teenage dreams are never practical. But where would we be without the people who chased theirs? | Adrian Chiles;It can feel wrong to encourage young people to shoot for the stars – yet if no one did, our world would be empty of the artists, actors, athletes and visionaries who give it so much pleasure and meaning, writes Adrian Chiles;https://www.theguardian.com/commentisfree/2025/nov/26/teenage-dreams-jobs-artists-actors-athletes;Opinion
2025-11-24T08:59:05Z;Chile;The Guardian;"Mergers and acquisitions; Anglo American; BHP; Mining; Business; UK news; Australia news; Commodities";Mining giant BHP drops latest bid to buy rival Anglo American;FTSE 100-listed miner forces Australian company to walk away from takeover after rebuffing second approach;https://www.theguardian.com/business/2025/nov/24/mining-giant-bhp-drops-latest-bid-to-buy-rival-anglo-american;Business
2025-11-23T18:33:52Z;Chile;The Guardian;"Autumn Nations Series; England rugby union team; Argentina rugby union team; Rugby union; Sport";England 27-23 Argentina: Autumn Nations Series rugby union – as it happened;Max Ojomoh scored one try and and set up two more as England hold off a late comeback from Argentina.;https://www.theguardian.com/sport/live/2025/nov/23/england-v-argentina-autumn-nations-series-rugby-union-live;Sport
2025-11-22T22:48:08Z;Chile;The Guardian;"Cop30; Environment; World news";Fury, confusion and gratitude as climate deal reached in Belém – as it happened;After a series of all-night meetings and fears the summit could collapse, an agreement has been gavelled through at Cop30;https://www.theguardian.com/environment/live/2025/nov/22/cop30-climate-talks-deal-overtime-live-news;Environment
2025-11-22T01:53:52Z;Chile;The Guardian;"World news; Environment; Cop30; Climate crisis";Cop30: countries still far apart as climate talks overrun – as it happened;Summit president André Corrêa do Lago issued plea to preserve Paris agreement with countries unable to reach compromise on scheduled final day;https://www.theguardian.com/world/live/2025/nov/21/cop30-live-fossil-fuel-phaseout-final-text-brazil-belem-latest-news-updates;World news
2025-11-22T00:30:43Z;Chile;The Guardian;"Chile; World news; Americas";Survivor of Chilean blizzard that killed Briton says staff told trekkers they could proceed;Tom Player speaks out about incident in which Victoria Bond died along with two Mexicans and two Germans;https://www.theguardian.com/world/2025/nov/22/survivor-of-chilean-blizzard-that-killed-briton-says-staff-told-trekkers-to-proceed;World news
2025-11-21T09:07:35Z;Chile;The Guardian;"Cop30; Environment; Brazil; World news; Climate crisis; Climate finance; Greenhouse gas emissions";Cop30 draft text omits mention of fossil fuel phase-out roadmap;Exclusive: Summit leadership releases new text despite 29 nations threatening to block progress without commitment;https://www.theguardian.com/environment/2025/nov/21/cop30-countries-threaten-block-resolution-unless-roadmap-to-fossil-fuel-phase-out;Environment
2025-11-20T11:00:05Z;Chile;The Guardian;"Homes; Life and style";I’ve always wanted the perfect reason to declutter. Now I’ve found it | Adrian Chiles;It’s a radical but simple notion: ditch the dead weight of your worldly goods and get out there and live your best life, writes Adrian Chiles;https://www.theguardian.com/commentisfree/2025/nov/20/ive-always-wanted-the-perfect-reason-to-declutter-now-ive-found-it;Opinion
2025-11-19T17:43:30Z;Chile;The Guardian;"Common cold; Society; Life and style; Health";I am the king of the common cold – and I can tell you how to avoid one | Adrian Chiles;No one suffers a cold like I do. Drops and brandy don’t touch the sides – but thanks to a friendly singer, I’ve learned a more extreme regime for countering the snuffles, writes Adrian Chiles;https://www.theguardian.com/society/2025/nov/19/i-am-the-king-of-the-common-cold-and-i-can-tell-you-how-to-avoid-one;Opinion
2025-11-18T22:53:36Z;Chile;The Guardian;"Chile; UK news; Americas";British woman among five tourists killed in blizzard at nature reserve in Chile;Four people rescued alive at popular Torres del Paine reserve in Patagonia amid heavy snowfall and strong winds;https://www.theguardian.com/world/2025/nov/18/british-woman-among-four-tourists-killed-in-blizzard-at-nature-reserve-in-chile;World news
2025-11-17T11:00:06Z;Chile;The Guardian;"US military; Trump administration; US politics; US news; Donald Trump; Pete Hegseth; World news";Trump is turning the US military into a political prop | Jan-Werner Müller;The military has been recast in a partisan, performative mold – all according to the president’s logic of impunity;https://www.theguardian.com/commentisfree/2025/nov/17/trump-politics-military-pentagon-hegseth;Opinion
2025-11-17T08:00:01Z;Chile;The Guardian;"Palestine; Football; Sport";‘It touched us from the start’: Palestine savour historic night in Bilbao | Sid Lowe;More than 50,000 fans cheered on Ihab Abu Jazar’s team with the coach and players ‘shocked’ by the outpouring of support during their visit;https://www.theguardian.com/football/2025/nov/17/it-touched-us-from-the-start-palestine-savour-historic-night-in-bilbao;Football
2025-11-17T01:01:14Z;Chile;The Guardian;"Chile; Americas";Far-right candidate José Antonio Kast favourite to become Chile’s next president after first round vote;The ultraconservative lawyer is in pole position going into the second round election, after running a campaign with a distinctly Trumpian feel;https://www.theguardian.com/world/2025/nov/17/far-right-candidate-jose-antonio-kast-favourite-to-become-chiles-next-president-after-first-round-vote;World news
2025-11-16T19:00:49Z;Chile;The Guardian;"Cop30; Fossil fuels; Energy; Environment; Brazil; Climate crisis; Coal; Gas; Oil; Renewable energy";Can Cop30 begin the process of phasing out fossil fuels?;Ending use of coal, oil and gas is essential in tackling climate crisis – but even talking about it is controversial;https://www.theguardian.com/environment/2025/nov/16/can-cop30-begin-the-process-of-phasing-out-fossil-fuels;Environment
2025-11-14T20:45:35Z;Chile;The Guardian;"Climate crisis; World news; Cop30; Brazil";Indigenous groups blockade Cop30 conference entrance in protests – as it happened;The members of the Munduruku people met Cop30 president André Corrêa do Lago and demanded an end to invasions of their land;https://www.theguardian.com/environment/live/2025/nov/14/cop30-live-updates-activists-blockade-summit-climate-conference;Environment
2025-11-14T12:00:44Z;Chile;The Guardian;"Chile; Green economy; Conservation; Conservation and indigenous people; Indigenous peoples; Human rights; Human rights; Employment; Access to energy; Access to water; Hydrogen power; Biofuels; European Union; Greenhouse gas emissions; Energy; Environment; Americas; Europe; Global development; Renewable energy; World news; Cetaceans; Marine life; Wildlife; Birds";‘Will it change the weather? Will wildlife cope?’: Europe rushes to build energy megaprojects in Chile ;The country’s government is upbeat about the economic prospects of the growing number of windfarms, solar parks and industrial complexes but others warn of ‘green colonialism’;https://www.theguardian.com/global-development/2025/nov/14/chile-patagonia-green-energy-hydrogen-foreign-companies-pollution-indigenous-people;Global development
2025-11-14T06:57:02Z;Chile;The Guardian;"Australia news; Australian politics; Australian economy; Business; Health; Australian education; Australian immigration and asylum; Australian foreign policy";Bondi Sands recalls two sunscreens due to formulation concerns – as it happened;This blog is now closed;https://www.theguardian.com/australia-news/live/2025/nov/14/australia-news-live-net-zero-coalition-sussan-ley-liberals-climate-change-anthony-albanese-labor-hobart-stadium-ntwnfb;Australia news
2025-11-13T15:50:21Z;Chile;The Guardian;"Law; Human rights; Race; World news";Sir Geoffrey Bindman obituary;Human rights lawyer who helped to expand Britain’s Race Relations Act and investigated apartheid in South Africa;https://www.theguardian.com/law/2025/nov/13/sir-geoffrey-bindman-obituary;Law
2025-11-13T11:00:40Z;Chile;The Guardian;Money;I decided to put my change into a cash-converting machine. Big mistake | Adrian Chiles;The machine sought to claim both a transaction fee and a percentage of my change. Why would anyone agree to this, asks Adrian Chiles;https://www.theguardian.com/commentisfree/2025/nov/13/cash-converting-machine-big-mistake;Opinion
2025-11-12T21:15:38Z;Chile;The Guardian;"Cop30; Climate crisis; World news; Brazil; Environment; Biodiversity; Americas; Conservation";Cop30 live: ‘literally insane’ that we are letting global heating happen, says Al Gore;This live blog is now closed. You can read the full Guardian coverage of the climate talks in Brazil here;https://www.theguardian.com/environment/live/2025/nov/12/cop30-live-talks-us-protests-belem-brazil;Environment
2025-11-12T15:14:34Z;Chile;The Guardian;Life and style;To the cashier who left me absolutely speechless – I salute you | Adrian Chiles;Ours was a highly unusual interaction, and it made me question the way that British people speak to one another;https://www.theguardian.com/lifeandstyle/commentisfree/2025/nov/12/to-the-cashier-who-left-me-absolutely-speechless-i-salute-you;Life and style
2025-11-12T10:00:21Z;Chile;The Guardian;"Chile; Americas; World news; The far right; Javier Milei; Giorgia Meloni; Viktor Orbán; Luiz Inácio Lula da Silva";‘We need an iron fist’: the Trump-inspired favourite to win Chile’s election;José Antonio Kast, 59, is appealing to voters with a hard-right pitch on crime and immigration ;https://www.theguardian.com/world/2025/nov/12/jose-antonio-kast-trump-inspired-frontrunner-chile-president;World news
2025-11-11T21:01:36Z;Chile;The Guardian;"Environment; Cop30; World news; Brazil; Climate crisis; Americas";World must ‘honour 1.5C’, small island states insist at Cop30 summit – as it happened;The 1.5 temperature limit is not a political slogan, it’s a lifeline, the small island states say, as climate discussions continue in Belém;https://www.theguardian.com/environment/live/2025/nov/11/cop30-live-negotiations-begin-after-agenda-agreed;Environment
2025-11-11T12:00:54Z;Chile;The Guardian;"Canada; Global development; Americas; Environment; World news; Coastlines; Earthquakes; Tsunamis; Oceans; Climate crisis; Surfing; Sport; Natural disasters";Waiting for the tsunami: Tofino’s waves are loved by surfers – but this Canadian town is braced for disaster ;How do you plan for an event whose timing is unknown? For Tofino’s residents the threat is distant but signs of preparedness are everywhere;https://www.theguardian.com/environment/2025/nov/11/canada-tofino-disasters-earthquakes-tsunami-tourism-tectonics;Environment
2025-11-10T23:58:06Z;Chile;The Guardian;"AI (artificial intelligence); Technology; Environment; US news; Computing; Silicon Valley; Brazil; CHEW LiPS; Uruguay; Climate crisis";Datacenters meet resistance over environmental concerns as AI boom spreads in Latin America;An expert describes how communities in some of the world’s driest areas are demanding transparency as secretive governments court billions in foreign investment;https://www.theguardian.com/technology/2025/nov/10/data-centers-latin-america;Technology
2025-11-10T21:30:05Z;Chile;The Guardian;"Environment; Cop30; Climate crisis; Brazil; World news; Americas";Agenda for Cop30 agreed as crucial climate talks begin – as it happened;Ministers and high-ranking officials from nearly 200 countries have gathered in the Amazonian city of Belem, with Brazil insisting this will be ‘the Cop of implementation’;https://www.theguardian.com/environment/live/2025/nov/10/cop30-climate-talks-brazil-belem-latest-news-updates;Environment
2025-11-10T17:59:55Z;Chile;The Guardian;"The Guardian; Chile; Augusto Pinochet; Foreign policy; Arms trade; National newspapers";Witnessing the wrath of Richard Gott in Chile | Letter;Letter:<strong> Neal Ascherson </strong>on one of the lowest points in British postwar diplomacy ;https://www.theguardian.com/media/2025/nov/10/witnessing-the-wrath-of-richard-gott-in-chile;Media
2025-11-10T10:00:04Z;Chile;The Guardian;"Cop30; Climate crisis; US foreign policy; Donald Trump; Environment; World news; US news";The temperature at Cop30: Trump’s absence better than a US wrecking ball;After bully-like behavior last month over a small emissions levy, diplomats will be relieved if the US stays away from climate talks;https://www.theguardian.com/environment/2025/nov/10/cop30-trump-climate-crisis-brazil;Environment
2025-11-10T01:26:44Z;Chile;The Guardian;"Australia; Manchester United; Football; Australia sport; Sport";Manchester United prodigy James Overy in frame for Socceroos World Cup squad;The 18-year-old has emerged as a contender to make Australia’s World Cup squad next year, even though he is yet to play a competitive senior match;https://www.theguardian.com/football/2025/nov/10/manchester-united-player-james-overy-australia-socceroos-world-cup-chances;Football
2025-11-09T08:00:27Z;Chile;The Guardian;"Autumn Nations Series; England rugby union team; Fiji rugby union team; Rugby Football Union; Sport; Rugby union";It would be dereliction of Borthwick’s duty not to harness Arundell’s raw talent | Gerard Meagher;It is a test of Steve Borthwick’s coaching credentials to develop speedster Henry Arundell into the player he so obviously can become;https://www.theguardian.com/sport/2025/nov/09/arundell-has-god-given-talents-it-would-be-a-dereliction-of-duty-not-to-harness-them;Sport
2025-11-07T00:13:45Z;Chile;The Guardian;"Australia; Football; Australia sport; Sport";Manchester United teenager James Overy handed shock Socceroos call-up;17-year-old defender named in first Australia squad as Jackson Irvine and Riley McGree return from injury for friendlies against Venezuela and Colombia;https://www.theguardian.com/football/2025/nov/07/manchester-united-footballer-james-overy-handed-shock-socceroos-call-up;Football
2025-11-06T17:52:27Z;Chile;The Guardian;"The Guardian; Chile; Argentina; Che Guevara; World news; Journalism, publishing and public relations; Newspapers";Richard Gott was a groundbreaking, schmooze-proof journalist | Letters ;Letters: <strong>Grace Livingstone</strong> and <strong>Martin Hamilton </strong>reflect on the work and interests of the late writer and historian;https://www.theguardian.com/media/2025/nov/06/richard-gott-was-a-groundbreaking-schmooze-proof-journalist;Media
2025-11-05T17:45:29Z;Chile;The Guardian;"Health; Life and style; NHS; Private healthcare";I found something strange on my back – and eventually I just couldn’t ignore it | Adrian Chiles;When I first discovered this vaguely troubling symptom, I embarked upon my tried-and-tested routine for dealing with such things: 1. Pretend it’s not there. 2. Acknowledge it is. 3. Convince myself it’s growing, writes Adrian Chiles;https://www.theguardian.com/commentisfree/2025/nov/05/i-found-something-strange-on-my-back-and-eventually-i-just-couldnt-ignore-it;Opinion
2025-11-05T14:00:27Z;Chile;The Guardian;"Global development; Brazil; Land rights; World news; Americas; Farming; Environmental activism; Environment";‘Green desert’: the farmers winning a battle with Brazil’s wood-pulp giant;Eucalyptus production is dominated by large multinationals that convert farmland and forest into monoculture plantations;https://www.theguardian.com/global-development/2025/nov/05/brazil-green-desert-bahia-farmers-winning-battle-eucalyptus-wood-pulp-veracel-celulose;Global development
2025-11-04T18:34:15Z;Chile;The Guardian;"England rugby union team; Steve Borthwick; Fiji rugby union team; Rugby union; Sport";Roebuck and Steward injuries likely to trigger major England reshuffle against Fiji;Head coach Steve ­Borthwick was planning to announce England’s starting XV early this week but has changed tack after Tom Roebuck limped out of training;https://www.theguardian.com/sport/2025/nov/04/england-fiji-rugby-union-test-marcus-smith-henry-arundell-ollie-lawrence;Sport
2025-11-03T19:23:07Z;Chile;The Guardian;"Chile; Augusto Pinochet; World news; Prisons; Americas";Chile to end Pinochet henchmen’s pampered prison life of tennis and barbecues ;Punta Peuco – where military human rights offenders enjoy privileged conditions – set to join public prison network;https://www.theguardian.com/world/2025/nov/03/chile-prison-punta-pueco-pinochet;World news
2025-11-02T16:44:47Z;Chile;The Guardian;"The Guardian; Books; Cuba; Che Guevara; Nuclear weapons; Politics; Berkshire; University of Oxford; Chile; Newspapers; Russia; MI6";Richard Gott obituary;Journalist, historian and author who served as a foreign correspondent and features editor of the Guardian;https://www.theguardian.com/media/2025/nov/02/richard-gott-obituary;Media
2025-11-02T04:57:08Z;Chile;The Guardian;"Australian politics; National party; Labor party; Environment; Coalition; Australia news; Liberal party; Anthony Albanese; Medicare Australia; Health; Energy; Apec summit; Australia weather";Decision to scrap net zero commitment shows Nationals ‘profoundly out of touch’, critics say – as it happened;This blog is now closed;https://www.theguardian.com/australia-news/live/2025/nov/02/nationals-net-zero-party-room-meeting-coalition-labor-murray-watt-anthony-albanese-apec-mark-butler-medicare-bulk-billing-ntwnfb;Australia news
2025-11-01T16:00:38Z;Chile;The Guardian;"Economics; Business; Donald Trump; US news; World news; Tariffs; Inequality";The London consensus is a timely challenge to Trump’s isolationism | Phillip Inman;A debate on how to achieve fairer, greener growth could point the way to a successor for neoliberal capitalism;https://www.theguardian.com/business/2025/nov/01/london-consensus-neoliberalism-trump-fairer-growth;Business
2025-11-01T11:00:32Z;Chile;The Guardian;"Nicolás Maduro; Donald Trump; CIA; Venezuela; Trump administration; US foreign policy; US politics; US news; Americas; World news";Trump’s military pressure on Maduro evokes Latin America’s coup-ridden past;US forces and CIA actions target Venezuela’s leader, recalling coups and assassinations across the region;https://www.theguardian.com/world/2025/nov/01/trump-maduro-venezuela-coups;World news
2025-11-01T06:00:29Z;Chile;The Guardian;"Margaret Atwood; Autobiography and memoir; Fiction; Science fiction books; Booker prize 2019; Booker prize 2000; Books; Culture";‘It is the scariest of times’: Margaret Atwood on defying Trump, banned books – and her score-settling memoir;At 86, she’s a literary seer and saint – and queen of the Canadian resistance. So what does the writer make of our dystopian world? ;https://www.theguardian.com/books/2025/nov/01/margaret-atwood-interview-handmaids-tale-author-new-memoir;Books
2025-10-30T10:00:03Z;Chile;The Guardian;"Life and style; Celebrity; Music; Fashion; Culture";Can I learn to be cool – even though I am garrulous, swotty and wear no-show socks?;An international study found cool people are extroverted, open, hedonistic, adventurous, autonomous and powerful. At best, I have three of these traits. Could I change that?;https://www.theguardian.com/lifeandstyle/2025/oct/30/can-i-learn-to-be-cool-even-though-i-am-garrulous-swotty-and-wear-no-show-socks;Life and style
2025-10-29T23:57:56Z;Chile;The Guardian;"Apec summit; South Korea; Asia Pacific; World news";What is Apec - explained in 30 seconds;The Asia-Pacific Economic Cooperation club has 21 members that represent more than 50% of global GDP and are home to about 2.7 billion people;https://www.theguardian.com/world/2025/oct/30/apec-asia-pacific-economic-cooperation-explained;World news
2025-10-29T08:00:36Z;Chile;The Guardian;"Autumn Nations Series; England rugby union team; Scotland rugby union team; Wales rugby union team; Ireland rugby union team; France rugby union team; Italy rugby union team; Australia rugby union team; New Zealand rugby union team; South Africa rugby team; Argentina rugby union team; Rugby union; Sport; Australia sport";State of the Nations: form guide for November rugby internationals;The southern hemisphere big guns have touched down in Europe for the Autumn Nations Series and there is much to look forward to over the next five weekends;https://www.theguardian.com/sport/2025/oct/29/state-of-the-nations-form-guide-for-november-rugby-internationals;Sport
2025-10-27T00:02:38Z;Chile;The Guardian;"Pacific islands; Australia news; China; US news; Asia Pacific";Australia ‘increasingly alone’ in countering China’s influence in Pacific, aid report shows;US aid cuts hurt Washington’s standing as China recasts itself as a ‘steady’ alternative partner, Lowy Institute report finds;https://www.theguardian.com/world/2025/oct/27/australia-increasingly-alone-in-countering-chinas-influence-in-pacific-aid-report-shows;World news
2025-10-26T10:00:02Z;Chile;The Guardian;"Antarctica; Fishing; Environment; Conservation; Marine life; World news; Wildlife; Norway; Food; Europe; Oceans";Antarctic krill: how did a paperclip-sized crustacean cause a diplomatic row – and why are they so important?;Russia’s arrest of a Ukrainian scientist this week over his support for curbs on krill fishing have thrown the vital role of the tiny marine species into the spotlight;https://www.theguardian.com/environment/2025/oct/26/explainer-antarctic-krill-vital-ecosystem-food-chain-conservation-carbon-store;Environment
2025-10-25T16:00:38Z;Chile;The Guardian;"California; Rivers; Indigenous peoples; Environment; Oregon; West Coast; Native Americans; US news";One year after a historic dam removal, teens inspire river restoration worldwide: ‘It turns out you can win’;The Klamath River began rebounding almost immediately. Now, Indigenous youth are leading the next chapter of the recovery, inspiring tribes from Brazil to China;https://www.theguardian.com/us-news/2025/oct/25/klamath-river-restoration-teenagers;US news
2025-10-25T09:28:19Z;Chile;The Guardian;"Cycling; Sport";Tarling and Charlton grab GB’s first golds at Track World Championships;Josh Charlton claimed his first world title with victory in the individual pursuit and Josh Tarling stormed to victory the men’s points race;https://www.theguardian.com/sport/2025/oct/25/tarling-and-charlton-grab-gbs-first-golds-at-track-world-championships;Sport
2025-10-23T10:00:39Z;Chile;The Guardian;"Life and style; Sewing";I know I should stop writing about zips. But I’ve just suffered another outrage | Adrian Chiles;When an expensive suitcase refused to close, all my old frustration came flooding back. Don’t tell me to pull myself together, writes Adrian Chiles;https://www.theguardian.com/lifeandstyle/commentisfree/2025/oct/23/i-know-i-should-stop-writing-about-zips-but-ive-just-suffered-another-outrage;Life and style
2025-10-22T15:37:14Z;Chile;The Guardian;"Rail travel; Travel; Life and style";Poetry in motion: the most joyous four hours I’ve ever spent on a train | Adrian Chiles;The plug sockets may not work and there isn’t a trolley service, but the Heart of Wales Line is a friendly, bustling, beautiful treat, writes Adrian Chiles;https://www.theguardian.com/commentisfree/2025/oct/22/the-most-joyous-four-hours-ive-ever-spent-on-a-train-my-trip-from-swansea-on-tuesday;Opinion
2025-10-22T11:49:43Z;Chile;The Guardian;"Film; Horror films; Science fiction and fantasy films; Catalonia; Spain; Festivals; Culture; Europe; World news";Killer hounds, rabid chimps and a tiny Jean Dujardin – the Sitges film festival 2025;Pets gone rogue, vomiting and martial arts were recurrent themes in this year’s annual roundup of fantasy, horror and cult movies;https://www.theguardian.com/film/2025/oct/22/killer-hounds-rabid-chimps-and-a-tiny-jean-dujardin-the-sitges-film-festival-2025;Film
2025-10-20T11:40:03Z;Chile;The Guardian;"Film; Culture; Brazil; Jair Bolsonaro; Luiz Inácio Lula da Silva; Americas; World news";‘I hope he goes to jail’: Brazil’s Cannes-winning director on Bolsonaro and political amnesia;Kleber Mendonça Filho’s gripping thriller The Secret Agent is set in the 70s but casts light on present-day politics;https://www.theguardian.com/film/2025/oct/20/brazil-cannes-winning-director-bolsonaro-political-amnesia;Film
2025-10-18T13:00:47Z;Chile;The Guardian;"Trump administration; Airline industry; Gender; US news; US politics";US tells airlines to disregard ‘X’ sex markers on passports and input ‘M’ or ‘F’;Customs and Border Protection implemented rule this week, sending Americans with ‘X’ marker into panic;https://www.theguardian.com/us-news/2025/oct/18/airlines-passports-x-sex-marker;US news
2025-10-17T11:00:55Z;Chile;The Guardian;"Global development; Global health; MMR; Infectious diseases; Vaccines and immunisation; Health; Robert F Kennedy Jr; US news; Mexico; Americas; World news; Society; Trump administration; US politics; Bolivia; Epidemics";US anti-vax stance to blame for continent-wide surge in measles, say experts;The disease was eliminated across the Americas in 2024, but urgent vaccination drives are now under way as cases rise from Mexico to Bolivia after outbreaks farther north;https://www.theguardian.com/global-development/2025/oct/17/health-infectious-diseases-vaccination-measles-us-robert-kennedy-latin-america-antivax-blamed-cases-deaths-rise;Global development
2025-10-16T22:26:47Z;Chile;The Guardian;"World Cup; Fifa; World Cup 2030; Football; Football politics; Sport";Majority of South American federations oppose 64-team World Cup proposal;Seven of Conmebol’s 10 nations have expressed concerns about the proposal, which would negatively impact lucrative World Cup qualifying media deals;https://www.theguardian.com/football/2025/oct/16/conmebol-64-team-world-cup-expansion;Football
2025-10-16T10:00:03Z;Chile;The Guardian;Rail travel;A genuine treat for £1.60? Try the shortest railway line in Britain | Adrian Chiles;There is an even shorter route in Germany, but that runs less frequently - which gives the shuttle train in my home town the moral victory;https://www.theguardian.com/lifeandstyle/commentisfree/2025/oct/16/shortest-railway-line-in-britain-stourbridge;Life and style
2025-10-15T15:29:32Z;Chile;The Guardian;"Marina Abramović; Performance art; Art; Art and design; Culture";I went to Marina Abramović’s erotic, explicit new art show – and there was an awful lot to take in | Adrian Chiles;The ‘grandmother of performance art’ and I both have Slavic roots. But I didn’t recognise any of her 14th-century Dalmatian fertility rites – and neither did my mum, writes Adrian Chiles;https://www.theguardian.com/commentisfree/2025/oct/15/marina-abramovics-erotic-explicit-new-art-show-was-an-awful-lot-to-take-in;Opinion
2025-10-14T09:24:16Z;Chile;The Guardian;"Rugby union; Rugby World Cup; Sport";The Breakdown | South American rugby success stories propel men's World Cup qualifying;<em>Los Condores</em> are in the finals again and subplots abound going into next month’s Dubai qualification tournament;https://www.theguardian.com/sport/2025/oct/14/south-american-rugby-success-stories-propel-world-cup-qualifying-the-breakdown;Sport
2025-10-10T11:00:52Z;Chile;The Guardian;"World Cup 2026; Football; Sport; US sports; Ecuador; USA; World Cup";Defensive, wily and intense, Ecuador aim to make 2026 World Cup their best;The South American nation performed better than ever in World Cup qualifying, with strength in depth that make them difficult to play against;https://www.theguardian.com/football/2025/oct/10/ecuador-2026-world-cup-usmnt-friendly-preview;Football
2025-10-09T10:00:22Z;Chile;The Guardian;"Life and style; Elvis Presley; Football";I met Priscilla Presley this week – and couldn’t believe she was in the same building as me | Adrian Chiles;My Saturday felt mind-bending, from interviewing the woman who was married to Elvis to watching my team endure a 3-0 defeat to Millwall. How can one day contain so much, asks Adrian Chiles;https://www.theguardian.com/commentisfree/2025/oct/09/i-met-priscilla-presley-this-week-and-couldnt-believe-she-was-in-the-same-building-as-me;Opinion
2025-10-08T20:14:27Z;Chile;The Guardian;"Documentary films; Film; Culture; Laura Poitras; New York Times; Newspapers; Vietnam war; World news; US news";Cover-Up review – Laura Poitras’s Seymour Hersh documentary is a thrilling ode to journalism;The acclaimed documentarian follows up All the Beauty and the Bloodshed with another smart and impeccably structured winner;https://www.theguardian.com/film/2025/oct/08/cover-up-review-laura-poitras-seymour-hersh;Film
2025-10-08T16:10:07Z;Chile;The Guardian;"Inside No 9; Theatre; Television";I had a cameo in the Inside No 9 stage show. It was a living nightmare | Adrian Chiles;Immersing myself in the programme’s seriously dark comedy loosened my grip on reality – and then a ventriloquist asked me for a selfie;https://www.theguardian.com/global/commentisfree/2025/oct/08/i-had-a-cameo-in-the-inside-no-9-stage-show-it-was-a-living-nightmare;Global
2025-10-08T14:12:44Z;Chile;The Guardian;"Business; Stock markets; Currencies; Commodities; Gold";"Bank of England warns of risk of AI market correction; gold hits new $4,000 an ounce record – as it happened";"Soaring tech valuations could drop amid potentially ‘disappointing’ progress on AI, central bank says; gold has doubled in two years and extends 50% rally so far this year";https://www.theguardian.com/business/live/2025/oct/08/spot-gold-rises-above-4000-first-time-vertu-motors-warns-profit-hit-jlr-disruption-federal-reserve-imf-business-live;Business
2025-10-08T10:11:18Z;Chile;The Guardian;"Comets; Space; Science; Astronomy; World news";3/I Atlas: a rare comet from beyond our solar system is being closely tracked – what can it teach us?;Only the third interstellar comet ever to be seen contains material from other star systems that can be observed close up;https://www.theguardian.com/science/2025/oct/08/a-rare-comet-from-beyond-our-solar-system-is-being-closely-tracked-what-can-it-teach-us;Science
2025-10-02T20:55:51Z;Chile;The Guardian;Australia news;Morning Mail: Nauru asylum seekers ‘going hungry’, ATO hunt for old debts, UK synagogue attack;Refugees and asylum seekers say they can’t afford to eat and plead for help;https://www.theguardian.com/australia-news/2025/oct/03/morning-mail-nauru-asylum-seekers-going-hungry-ato-hunt-for-old-debts-uk-synagogue-attack;Australia news
2025-10-02T18:00:11Z;Chile;The Guardian;"Wildfires; Bushfires; Australia news; Climate crisis; Environment; Natural disasters; Air pollution";Wildfires are getting deadlier and costing more. Experts warn they’re becoming unstoppable;Of 200 fires in the past 44 years, half of the fires that cost US$1bn or more were in the last decade;https://www.theguardian.com/world/2025/oct/02/earths-wildfires-growing-in-number;World news
2025-10-02T15:00:53Z;Chile;The Guardian;"Air pollution; Chile; Climate crisis; Energy; Environment; Americas; World news";Lifting the ‘constant black cloud’: how a smog-bound city cut dangerous levels of air pollution;A 30-year effort driven by long-term policies is finally paying off in Santiago in Chile – but the challenge is far from over;https://www.theguardian.com/environment/2025/oct/02/lifting-black-cloud-smog-bound-city-cut-dangerous-levels-air-pollution;Environment
2025-10-02T10:00:47Z;Chile;The Guardian;"Food; Vegetables; Life and style";Heard of aztec broccoli? Let me tell you about my favourite new superfood ... | Adrian Chiles;A few months ago I was unaware of this leafy, fast-growing vegetable. Now I’m growing it, recommending it – and giving away as much as I can, writes writes Adrian Chiles;https://www.theguardian.com/commentisfree/2025/oct/02/heard-of-aztec-broccoli-let-me-tell-you-about-my-favourite-new-superfood;Opinion
2025-10-01T16:29:58Z;Chile;The Guardian;"Sport; US news; Ryder Cup; Ryder Cup 2025; Golf";What can Americans learn from the UK? How to cope with national sporting despair | Adrian Chiles;America’s Ryder Cup defeat sparked some ugly behaviour among their fans. But, as some of us know all too well, losing can be a bonding experience, writes Adrian Chiles;https://www.theguardian.com/commentisfree/2025/oct/01/what-can-americans-learn-from-the-uk-how-to-cope-with-national-sporting-despair;Life and style
2025-09-28T13:00:14Z;Chile;The Guardian;"US immigration; Donald Trump; Trump administration; Law (US); Law; US politics; US news";‘Like the Gestapo’: trailblazing immigration judge on Ice brutality and Trump’s damage to the courts;Dana Leigh Marks had a long and notable tenure on the bench. Now she’s watching the Trump administration trash her institution – and raising the alarm;https://www.theguardian.com/us-news/2025/sep/28/dana-leigh-marks-immigration-judge-trump;US news
2025-09-26T17:37:47Z;Chile;The Guardian;"Israel; Israel-Gaza war; Malaysia; South Africa; Colombia; United Nations; International law; Middle East and north Africa; World news; Brazil; Chile; Palestine; Law; Africa; Americas; Asia Pacific";World must deny Israel ‘tools of genocide’, says growing alliance of activist states;New York meeting of Hague Group warns of shared responsibility to prevent genocide and proposes steps to isolate Israel;https://www.theguardian.com/world/2025/sep/26/world-must-deny-israel-tools-of-genocide-says-growing-alliance-of-activist-states;World news
2025-09-26T15:00:17Z;Chile;The Guardian;"Quiz and trivia games; Culture; Seven Network; Television & radio";‘I’ve never driven a car. I can’t cook. I’m a lost cause’: meet Australia’s top quizzers;They study for hours a day. The competitions have zero prize money. So what keeps quiz champions going for glory – and how do they win?;https://www.theguardian.com/games/2025/sep/27/ive-never-driven-a-car-i-cant-cook-im-a-lost-cause-meet-australias-top-quizzers;Games
2025-09-25T14:00:40Z;Chile;The Guardian;"Books; Culture; Fiction";My Name Is Emilia del Valle by Isabel Allende audiobook review – portrait of a fiercely independent young woman;Sent from San Francisco to report on the war in late-19th century Chile, a young writer embarks on a journey of self-discovery in this tale of love, loss and liberation;https://www.theguardian.com/books/2025/sep/25/my-name-is-emilia-del-valle-by-isabel-allende-audiobook-review-portrait-of-a-fiercely-independent-young-woman;Books
2025-09-24T15:03:35Z;Chile;The Guardian;Life and style;Why does it take so long to repair a broken lift? | Adrian Chiles;Too many people use too few lifts and – as I learned at a recent visit to the hospital – getting to the 26th floor can bring out the worst in people, writes Guardian columnist Adrian Chiles;https://www.theguardian.com/commentisfree/2025/sep/24/long-repair-broken-lift-hospital;Opinion
2025-09-22T08:00:06Z;Chile;The Guardian;"Mining; Chile; Mining; Anglo American; World news; Environment; Pollution; Americas; Global development";Illness, animal deaths and water shortages: life inside Chile’s polluted ‘sacrifice zones’;Allegations of environmental breaches dog Anglo American’s mining operations. Now the company has been given the go-ahead for plans that communities say risk disaster;https://www.theguardian.com/global-development/2025/sep/22/illness-animal-deaths-water-shortages-chile-polluted-sacrifice-zones-anglo-american-mining;Global development
2025-09-20T14:19:01Z;Chile;The Guardian;"World Athletics Championships; Athletics; Sport; US sports; Australia sport";"World Athletics Championships 2025: heptathlon gold for Hall, Johnson-Thompson shares bronze; Wanyonyi wins men’s 800m – live";Katarina Johnson-Thompson dug deep to claim a joint-bronze medal while Emmanuel Wanyonyi won 800m gold;https://www.theguardian.com/sport/live/2025/sep/20/world-athletics-championships-2025-heptathlon-mens-800m-final-and-more-live;Sport
2025-09-18T10:00:13Z;Chile;The Guardian;"Football; Derby County; West Bromwich Albion; Birds; Animals; Sport";I’ve seen horrible things at football matches – but what landed on the pitch last week was the worst | Adrian Chiles;When a mysterious object fell from the sky mid-game, I knew it was a portent of doom. The surprise was finding out who chucked it there, writes Guardian columnist Adrian Chiles;https://www.theguardian.com/commentisfree/2025/sep/18/football-matches-pigeon-west-bromwich-derby-county;Opinion
2025-09-17T15:14:24Z;Chile;The Guardian;"Social etiquette; Psychology; Life and style";What’s the best way to apologise? I’m sorry, but I disagree with the newest suggestion | Adrian Chiles;A research paper says people are more likely to believe you if you use long words when asking for forgiveness. I prefer to keep it simple;https://www.theguardian.com/commentisfree/2025/sep/17/whats-the-best-way-to-apologise-im-sorry-but-i-disagree-with-the-newest-suggestion;Opinion
2025-09-17T07:00:28Z;Chile;The Guardian;"Football; Sport";Football’s greatest scorer with initials XG and most goals and assists with initials GA | The Knowledge;Plus: national teams with top-10 scorers in the 21st century, different kits in the same match (2) and a referee’s coin toss;https://www.theguardian.com/football/2025/sep/17/greatest-scorer-initials-xg-most-goals-assists-initials-ga-the-knowledge;Football
2025-09-16T23:01:18Z;Chile;The Guardian;"Land rights; Chile; Indigenous peoples; Environment; Americas; World news";‘We’re still in the dark’: a missing land defender and the deadly toll of land conflict on Indigenous people;Julia Chuñil is one of 146 land defenders who were killed or went missing last year, a third of them from Indigenous communities;https://www.theguardian.com/environment/2025/sep/17/missing-land-defender-deadly-toll-land-conflict-indigenous-people;Environment
2025-09-16T09:00:01Z;Chile;The Guardian;"Brazil; World news; Americas; Donald Trump; US foreign policy; Jair Bolsonaro; US immigration";‘Diplomatic abuse’: Brazil minister on US revoking his 10-year-old daughter’s visa;Alexandre Padilha’s father fled dictatorship for the US – now the health chief’s family is a target of Trump’s bully tactics;https://www.theguardian.com/world/2025/sep/16/alexandre-padilha-brazil-minister-daughter-visa-revoked-trump;World news
2025-09-15T21:26:52Z;Chile;The Guardian;"Skiing; Sport; Italy; Winter Olympics 2026; Europe; Winter Olympics";Italian skier Matteo Franzoso dies at the age of 25 after training crash in Chile;Matteo Franzoso has died after suffering ‘major head trauma’ in a training crash at the La Parva track near Santiago;https://www.theguardian.com/sport/2025/sep/15/italian-skier-matteo-franzoso-dies-at-25-after-training-crash;Sport
2025-09-14T14:45:39Z;Chile;The Guardian;"World Athletics Championships; Athletics; Sport; US sports; Australia sport";World Athletics Championships 2025: Jefferson-Wooden and Seville blast to 100m golds, Gressier wins men’s 10,000m – as it happened;Brilliant runs from USA’s Melissa Jefferson-Wooden and Oblique Seville of Jamaica saw them win 100m gold in the women’s and men’s races respectively;https://www.theguardian.com/sport/live/2025/sep/14/world-athletics-championships-2025-100m-finals-mens-10000m-and-more-live;Sport
2025-09-13T09:00:01Z;Chile;The Guardian;"USA rugby union team; Rugby union; Sport";‘Fight like heck’: US Eagles seek World Cup spot amid MLR turmoil;Just before Sunday’s crucial qualifier against Samoa in Denver, the American domestic league lost a third team in less than two months;https://www.theguardian.com/sport/2025/sep/13/us-eagles-samoa-2027-rugby-world-cup-mlr-crisis;Sport
2025-09-12T14:54:33Z;Chile;The Guardian;"Jair Bolsonaro; Brazil; Americas; World news";Brazilians take to the streets to celebrate Bolsonaro conviction;Indigenous groups and other minorities praise ‘breath of justice’ while US officials issue warnings of possible sanctions;https://www.theguardian.com/world/2025/sep/12/brazilians-take-to-the-streets-to-celebrate-bolsonaro-conviction;World news
2025-09-11T10:00:52Z;Chile;The Guardian;"Food; Life and style; Homes";I boiled my wooden spoons – and what emerged from them will haunt me for ever | Adrian Chiles;A sleepless night of doomscrolling led me to dunk my cherished kitchen utensils in bubbling water. The murky results were horrifying, writes Adrian Chiles;https://www.theguardian.com/commentisfree/2025/sep/11/i-boiled-my-wooden-spoons-and-what-emerged-from-them-will-haunt-me-for-ever;Opinion
2025-09-11T10:00:50Z;Chile;The Guardian;"Comets; Space; Alien life; Astronomy; Science; Nasa; US news; World news";Interstellar overhype: Nasa debunks claim about alien-made comet;Nasa dismisses theory by Harvard astronomer who suggested an object from beyond the solar system could be a relic from a distant civilization;https://www.theguardian.com/science/2025/sep/11/interstellar-comet-nasa-alien-made;Science
2025-09-10T23:01:16Z;Chile;The Guardian;"Press freedom; Media; World news; US news; Africa; Chile; Newspapers; Newspapers & magazines; South Korea; New Zealand";Global press freedom suffers sharpest fall in 50 years, report finds;The International IDEA’s survey of democratic markers finds US is offering ‘encouragement’ to populist leaders;https://www.theguardian.com/media/2025/sep/11/global-press-freedom-suffers-sharpest-fall-in-50-years-report-finds;Media
2025-09-10T15:24:19Z;Chile;The Guardian;"Music; Dating; Life and style; Culture; Pop and rock";What should you do if, like me, you are irredeemably naff? Embrace it | Adrian Chiles;From Abba to Supertramp, my taste in music has often inspired a rising sea of scorn. But whatever. I am cool with being uncool, writes Adrian Chiles;https://www.theguardian.com/commentisfree/2025/sep/10/what-should-you-do-if-like-me-you-are-irredeemably-naff-embrace-it;Opinion
2025-09-10T07:00:04Z;Chile;The Guardian;"Football; Sport; Hibernian";Which teams have worn parts of three different kits in the same match? | The Knowledge;Plus: more First Division players from unusual places, and the first team with a star on their shirt;https://www.theguardian.com/football/2025/sep/10/which-teams-have-worn-parts-of-three-different-kits-in-the-same-match;Football
2025-09-09T23:01:54Z;Chile;The Guardian;"Global health; Global development; Children's health; Obesity; Malnutrition; Children; United Nations; Society; World news; Ultra-processed foods; Marketing & PR; Media; South Africa; Pacific islands; Africa; Asia Pacific; Young people; Chile; Cook Islands; Americas; American food and drink; Fast food; Food & drink industry; Nutrition and development";Junk food leads to more children being obese than underweight for first time;Cheap ultra-processed food behind rise in overweight children, with one in 10 now obese globally, says Unicef;https://www.theguardian.com/global-development/2025/sep/10/junk-food-upf-more-children-obese-than-underweight-unicef;Global development
2025-09-09T16:41:37Z;Chile;The Guardian;"Anglo American; Mining; Business; Mergers and acquisitions; UK news; Canada; Commodities";Nice deal if it happens – but Anglo Teck is also an invitation to other bidders;The proposed $53bn merger looks logical in its own terms but it is far from being a done deal;https://www.theguardian.com/business/nils-pratley-on-finance/2025/sep/09/nice-deal-if-it-happens-but-anglo-teck-is-also-an-invitation-to-other-bidders;Business
2025-09-09T15:09:11Z;Chile;The Guardian;"Business; Stock markets; Commodities; Bonds; Currencies";"Anglo American agrees mining mega merger; Londoners face commuting struggles as tube strike enters second day – as it happened";Deal will create $53bn mining giant but raises fears of job cuts as headquarters moves to Vancouver;https://www.theguardian.com/business/live/2025/sep/09/anglo-mining-mega-merger-londoners-commuting-struggles-tube-strike-second-day-business-live;Business
2025-09-09T13:28:00Z;Chile;The Guardian;"Anglo American; Mining; Business; Canada; UK news; US news; World news";Anglo American to merge with rival Teck in $53bn mining group;Two of world’s largest copper producers to combine, retaining London listing but raising prospect of job cuts;https://www.theguardian.com/business/2025/sep/09/anglo-american-merge-teck-copper-london-listing;Business
2025-09-06T11:00:50Z;Chile;The Guardian;"Argentina; Americas; World news; Nazism; Second world war; Art theft; Art; Art and design; Culture";How an 18th-century portrait stolen by the Nazis was recovered 80 years later in Argentina;Painting was spotted online by Dutch journalists when the daughter of a former Nazi official put her house up for sale in Mar del Plata;https://www.theguardian.com/world/2025/sep/06/18th-century-portrait-stolen-by-nazis-recovered-in-argentina;World news
2025-09-04T10:00:49Z;Chile;The Guardian;"Life and style; Call centres; Business; Music; Telecoms";Hold music is eating my soul. Can anyone save me from the doom loop? | Adrian Chiles;The endlessly repeated tunes suggest your quest to speak to a person is utterly, horrifyingly futile, writes Guardian columnist Adrian Chiles;https://www.theguardian.com/commentisfree/2025/sep/04/hold-music-doom-loop-repeated-tunes-speak-person;Opinion
2025-09-03T16:56:26Z;Chile;The Guardian;"Football; Life and style; Health & wellbeing; Brentford; Sunderland; Sport; Society";I saw a poor, lonely man wandering the A4 – then realised the sheer joy of where he was heading | Adrian Chiles;The football shirt gave it away. Suddenly, he didn’t look like the loneliest guy in the world, but someone on the brink of unlimited camaraderie and cake;https://www.theguardian.com/commentisfree/2025/sep/03/lonely-man-football-shirt-camaraderie;Opinion
2025-09-03T11:00:21Z;Chile;The Guardian;"Bolivia; Global development; Conservation and indigenous people; Employment; Access to water; Conservation; Environment; Mining; Mining; Indigenous peoples; Americas; Business; World news; Green economy; Renewable energy; Energy";‘The Dubai of South America’: how the promise of riches from lithium mining turned to dust in Bolivia;Politicians have long promised the critical metal will rescue the economy but Indigenous locals say the push to exploit vast reserves threatens the ecosystem and their livelihoods ;https://www.theguardian.com/global-development/2025/sep/03/lithium-mining-bolivia-salt-flats-indigenous-environment-ecosystem;Global development
2025-08-30T20:00:10Z;Chile;The Guardian;"Relationships; Australian lifestyle; Life and style; Dating";The moment I knew: stuck in Chile in the early days of Covid, he brought me out of my anxiety loop;When <strong>Sashi Perera</strong> and her boyfriend Charlie were marooned in a hotel room in Punta Arenas, she realised they balanced each other out perfectly;https://www.theguardian.com/lifeandstyle/2025/aug/31/the-moment-i-knew-stuck-in-chile-in-the-early-days-of-covid-he-brought-me-out-of-my-anxiety-loop;Life and style
2025-08-28T17:38:53Z;Chile;The Guardian;"US immigration; Trump administration; US news; US politics; Los Angeles; Arizona; California; West Coast; ICE (US Immigration and Customs Enforcement)";‘Nightmare’: family in shock after Ice moves LA teen out of state without their knowledge;Benjamin Guerrero-Cruz, 18, was initially held at a facility near LA and later transferred to an Arizona holding site;https://www.theguardian.com/us-news/2025/aug/28/immigration-ice-los-angeles-teen-detention;US news
2025-08-27T04:05:44Z;Chile;The Guardian;"Trump tariffs; Donald Trump; Tariffs; Trump administration; World news; US news; British empire";Trump tariffs are reshaping old alliances as the global south plots its own path;Countries from Brazil to India – hit by 50% tariffs from Wednesday – are exploring collective resistance as Trump uses trade to assert political and economic power;https://www.theguardian.com/us-news/2025/aug/27/trumps-tariffs-trade-war;US news
2025-08-22T09:00:28Z;Chile;The Guardian;"USA rugby union team; Rugby union; Rugby World Cup 2027; Sport";Eagles men seek Rugby World Cup qualification amid uncertainty over US future;Victory over Canada will bring spot at Australia 2027 but amid MLR doubts and foreign schemes, little is certain for Scott Lawrence’s team;https://www.theguardian.com/sport/2025/aug/22/eagles-men-seek-mens-rugby-world-cup-qualification-amid-uncertainty-over-us-future;Sport
2025-08-20T01:22:20Z;Chile;The Guardian;"US immigration; Los Angeles; California; US news; West Coast; Trump administration; US politics; ICE (US Immigration and Customs Enforcement); World news";Community rallies around LA teen detained by Ice while walking dog;People attend rally for Benjamin Marcelo Guerrero-Cruz, 18, arrested in Van Nuys in what family call kidnapping;https://www.theguardian.com/us-news/2025/aug/19/california-teen-ice-immigration-detention-van-nuys;US news
2025-08-19T10:41:51Z;Chile;The Guardian;"Women's Rugby World Cup 2025; Women's rugby union; Rugby union; Sport; Brazil; Brazil women's rugby union team";Brazil aim to make waves at their first Women’s Rugby World Cup;Tournament debutants will make history as the first South American team to qualify, just 17 years after their first match;https://www.theguardian.com/sport/2025/aug/19/rugby-union-womens-world-cup-brazil-edna-santini;Sport
2025-08-19T08:08:13Z;Chile;The Guardian;"Australia news; Australian politics; Australian economy; Business; Health; Australian education; Australian immigration and asylum; Australian foreign policy; Israel; Palestine; Jim Chalmers; Anthony Albanese";Tasmanian Labor’s no-confidence motion in new Liberal government fails – as it happened;All the day’s news as it unfolded;https://www.theguardian.com/australia-news/live/2025/aug/19/news-live-israel-diplomat-visa-palestine-anthony-albanese-jim-chalmers-economic-productivity-reform-summit-ntwnfb;Australia news
2025-08-13T18:56:07Z;Chile;The Guardian;"Plastics; Environment; World news; Greenpeace; Pollution";Talks stall on world’s first plastic pollution treaty one day before deadline;Almost 100 countries reject draft treaty as ‘unambitious’ and ‘inadequate’;https://www.theguardian.com/environment/2025/aug/13/plastic-pollution-treaty-talks-stall-one-day-before-deadline;Environment
2025-08-12T16:51:00Z;Chile;The Guardian;"Music; Culture; Chile; Americas; Augusto Pinochet; Womad; Festivals; Music festivals; World news; Birmingham; Vanessa Redgrave";Carlos Muñoz Villalobos obituary;<strong>Other lives:</strong> Political refugee who founded an Andean band that performed at the Southbank Centre and at Womad;https://www.theguardian.com/music/2025/aug/12/carlos-munoz-villalobos-obituary;Music
2025-08-12T10:00:06Z;Chile;The Guardian;"US politics; Democrats; Texas; Gavin Newsom; US voting rights; US news";Some Democrats want to use gerrymandering. That’s a bad idea | Carlo Invernizzi-Accetti;When a house is on fire, more fire won’t help;https://www.theguardian.com/commentisfree/2025/aug/12/texas-democrats-gerrymandering;Opinion
2025-08-11T12:00:05Z;Chile;The Guardian;"Film; Documentary films; Chile; Prisons; Women; Americas; Culture";Malqueridas review – blurry phone footage takes us inside Chile’s prisons with incarcerated mothers;Video shot by inmates opens the doors on the often painful realities of having children in the country’s jails;https://www.theguardian.com/film/2025/aug/11/malqueridas-review-mothers-chile-prison;Film
2025-08-09T20:00:04Z;Chile;The Guardian;"Animals; Australia news; Victoria; Farming; Rural and regional Australia";Fashion week for Australia’s fluffiest and silkiest alpacas, where ‘we’re all hoping for a good hair day’;At the Australian Alpaca National Show, local camelids compete in the hope of being crowned Supreme Champion. But it’s not some ‘fancy kennel club’ – this is a serious industry;https://www.theguardian.com/world/2025/aug/10/australian-alpaca-national-show-bendigo-2025;World news
2025-08-07T15:41:08Z;Chile;The Guardian;"Plastics; Environment; United Nations; World news; Fossil fuels";More than 200 lobbyists at UN’s plastic treaty talks will limit progress, campaigners warn;Environmental group says industry figures will be obstructive and aim to reduce overall ambition of meeting;https://www.theguardian.com/environment/2025/aug/07/more-than-200-lobbyists-at-uns-plastic-treaty-talks-will-limit-progress-campaigners-warn;Environment
2025-08-06T17:18:23Z;Chile;The Guardian;"Fashion; Swimming";I’d never wear budgie smugglers – but I did once help smuggle a budgie | Adrian Chiles;Tight swimwear is for the likes of Ronaldo, and, I can imagine, Robert Jenrick. But when my aunt and uncle needed to get their beloved Timmy out of the country, it was a different matter …;https://www.theguardian.com/commentisfree/2025/aug/06/id-never-wear-budgie-smugglers-but-i-did-once-help-smuggle-a-budgie;Opinion
2025-08-06T16:22:31Z;Chile;The Guardian;"Mubi; Film; Culture; Israel-Gaza war; Israel";Mubi film distributor faces backlash over investor’s ties to Israeli military;The boutique distribution company and streaming platform, behind horror hit The Substance, has been criticized by film-makers and festivals;https://www.theguardian.com/culture/2025/aug/06/mubi-backlash-investors-israeli-military;Culture
2025-08-05T20:00:35Z;Chile;The Guardian;;Corrections and clarifications;"Betting &amp; Gaming Council | Isabel Ashman";https://www.theguardian.com/news/2025/aug/05/corrections-and-clarifications;News
2025-08-02T20:00:21Z;Chile;The Guardian;"Northern Territory holidays; Meteors; Australian lifestyle; Travel; Life and style; Australia holidays; Australasia holidays; Astronomy; Deserts; Environment";Deep impact: touring central Australia’s cosmic craters;The luminous Milky Way is not the only feature that makes space feel close in the Central Desert – you can also witness the aftermath of stars that fell to Earth;https://www.theguardian.com/travel/2025/aug/03/deep-impact-touring-central-australias-cosmic-craters;Travel
2025-08-02T05:00:04Z;Chile;The Guardian;"Technology; AI (artificial intelligence); Computing; Internet; World news";Enough of the billionaires and their big tech. ‘Frugal tech’ will build us all a better world | Eleanor Drage;Titans like Musk would love us to believe innovation means top-down solutions that only enrich the wealthy. In fact, we all have the power, says Eleanor Drage, research fellow at Cambridge University;https://www.theguardian.com/commentisfree/2025/aug/02/billionaire-big-tech-frugal-elon-musk-innovation;Opinion
2025-07-31T13:21:46Z;Chile;The Guardian;"Earthquakes; Tsunamis; Russia; World news; Hawaii; US news; Japan; Asia Pacific";Why did such a powerful earthquake and tsunami cause so little damage?;The 8.8-magnitude quake triggered a global race against time – and showed how much had been learned since 2004;https://www.theguardian.com/world/2025/jul/31/why-did-wednesday-earthquake-tsunami-produce-so-little-damage;World news
2025-07-31T10:00:52Z;Chile;The Guardian;"Sleep; Life and style; Psychology";No one wants to hear about your dreams – unless you follow my golden rule | Adrian Chiles;You’ve woken up with an amazing story to tell, but everyone’s eyes are already glazing over. Here’s the fix, writes Guardian columnist Adrian Chiles;https://www.theguardian.com/commentisfree/2025/jul/31/no-one-wants-to-hear-about-your-dreams-unless-you-follow-my-golden-rule;Opinion
2025-07-31T05:34:38Z;Chile;The Guardian;"Earthquakes; Tsunamis; Russia; Pacific islands; Japan; US news; Asia Pacific; Europe; World news; Volcanoes";Thursday briefing: How ​global ​preparedness ​prevented a ​tsunami ​tragedy;In today’s newsletter: Years of preparation and global coordination ensured communities from Japan to Hawaii were not caught off guard;https://www.theguardian.com/world/2025/jul/31/thursday-briefing-how-global-preparedness-prevented-a-tsunami-tragedy;World news
2025-07-31T01:47:46Z;Chile;The Guardian;"Tsunamis; Hawaii; Earthquakes; Russia; Japan";With tsunami warnings lifted, millions return home after powerful Pacific earthquake;Country after country has lifted or downgraded warnings, telling coastal residents they can return;https://www.theguardian.com/world/2025/jul/31/tsunami-update-warnings-lifted-russia-earthquake;World news
2025-07-30T21:20:33Z;Chile;The Guardian;"Trump tariffs; Trump administration; Business; Tariffs; US news; US economy; Donald Trump";Trump plans to impose 50% tariff on copper pipes and wiring;Move roils US prices as new policy falls short of US president’s initial threats to introduce sweeping new levy;https://www.theguardian.com/us-news/2025/jul/30/trump-tariffs-copper-pipes-wiring;US news
2025-07-30T18:34:12Z;Chile;The Guardian;"Earthquakes; Tsunamis; Russia; Pacific islands; Japan";Easter and Galápagos Islands evacuate coastal areas as warnings rattle Pacific – as it happened;This blog is now closed;https://www.theguardian.com/world/live/2025/jul/30/tsunami-alert-pacific-islands-japan-russia-magnitude-8-earthquake-follow-live-updates;World news
2025-07-30T16:18:29Z;Chile;The Guardian;"Earthquakes; Tsunamis; Russia; Japan; Pacific islands; Hawaii; US news; Asia Pacific; World news";Many countries downgrade tsunami alerts after powerful earthquake off Russia;Impact of water surges less than initially feared after quake of 8.8 magnitude hit near Russia’s Kamchatka peninsula;https://www.theguardian.com/world/2025/jul/30/tsunami-warning-watch-alert-japan-guam-pacific-russia-earthquake;World news
2025-07-30T14:27:56Z;Chile;The Guardian;"Earthquakes; Tsunamis; World news";What are the strongest earthquakes ever recorded?;An 8.8-magnitude quake off the coast of Russia set off tsunami warnings – how does it compare with past temblors?;https://www.theguardian.com/world/2025/jul/30/strongest-earthquakes-ever-recorded;World news
2025-07-30T14:00:11Z;Chile;The Guardian;"Social etiquette; Life and style";Why do I hate umbrellas? How long have you got? | Adrian Chiles;The first drop of rain and out they come, getting in your way and threatening your eyes. We need a law to control the nasty, pointy, dangerous things, writes Guardian columnist Adrian Chiles;https://www.theguardian.com/commentisfree/2025/jul/30/why-do-i-hate-umbrellas-how-long-have-you-got;Opinion
2025-07-30T05:39:04Z;Chile;The Guardian;"Tsunamis; Earthquakes; Russia; Japan; Hawaii; Asia Pacific; World news";Pacific tsunami alerts: what we know so far about the warnings stretching from Japan to the US;Shallow magnitude 8.8 quake hit near Russia’s Kamchatka peninsula prompting warnings as far away as New Zealand and California;https://www.theguardian.com/world/2025/jul/30/tsunami-alerts-what-we-know-so-far-warnings-pacific-japan-us-hawaii-california;World news
2025-07-27T14:18:14Z;Chile;The Guardian;"Women’s Euro 2025; Women's football; Football; Sport";Women’s Euro 2025: England v Spain news and buildup to the final showdown – as it happened;England and Spain arrived in Basel for the Euro 2025 final as thousands of fans took to the streets before kick-off;https://www.theguardian.com/football/live/2025/jul/27/womens-euro-2025-england-v-spain-news-and-buildup-to-the-final-showdown-live;Football
2025-07-26T22:06:02Z;Chile;The Guardian;"Israel-Gaza war; Gaza; Middle East and north Africa; Palestine; World news; Israel";Middle East: Israel starts airdrops with humanitarian aid in Gaza – as it happened;‘Airdrops will not reverse the deepening starvation,’ said UNRWA Commissioner-General Philippe Lazzarini;https://www.theguardian.com/world/live/2025/jul/26/israel-gaza-war-palestinian-state-palestine-middle-east-latest-news-updates;World news
2025-07-24T10:00:12Z;Chile;The Guardian;"Waste; Homes; Environment; Life and style";Why I absolutely love a visit to the dump | Adrian Chiles;Throwing things away is bad. Buying them in the first place was probably bad, too. But the act of disposing of them at the rubbish tip is a glorious moment of relief and release, writes Adrian Chiles;https://www.theguardian.com/commentisfree/2025/jul/24/why-i-absolutely-love-a-good-dump;Opinion
2025-07-23T15:27:36Z;Chile;The Guardian;"Ozzy Osbourne; Black Sabbath; Birmingham; Music; Metal; Pop and rock; Culture";For a Brummie like me, Ozzy Osbourne’s voice mattered | Adrian Chiles;Unlike other rock stars of the 70s and 80s, Osbourne talked like a bloke from Birmingham should talk. The teenage me loved it, writes Adrian Chiles;https://www.theguardian.com/commentisfree/2025/jul/23/ozzy-osbourne-voice-accent-brummie-birmingham;Opinion
2025-07-23T10:00:49Z;Chile;The Guardian;"Far right (US); US news; Canada; World news; Americas";From Canada to Finland, a US neo-Nazi fight club is rapidly spreading across the globe;‘Active clubs’ that use martial arts to espouse far-right, fascist ideologies are proliferating in the US and abroad;https://www.theguardian.com/us-news/2025/jul/23/neo-nazi-fight-club;US news
2025-07-22T15:21:00Z;Chile;The Guardian;"US immigration; US news; Pennsylvania; World news; Guatemala; ICE (US Immigration and Customs Enforcement)";Homeland security denies reports that Ice ‘secretly deported’ Pennsylvania grandfather;The department said in a statement that Ice never arrested or deported Luis Leon to Guatemala, and that the reports were a ‘hoax’;https://www.theguardian.com/us-news/2025/jul/22/luis-leon-ice-pennsylvania-grandfather;US news
2025-07-22T06:22:38Z;Chile;The Guardian;"Lions tour 2025; Sport; British & Irish Lions; Rugby union; Australia rugby union team; Australia sport";The Breakdown | If Lions complete Australia rout, clamour for tour of France will grow;It may open the Lions to accusations of parochialism, but there is a compelling case for staying in Europe;https://www.theguardian.com/sport/2025/jul/22/the-breakdown-british-and-irish-lions-australia-tour-of-france;Sport
2025-07-20T14:56:31Z;Chile;The Guardian;"US immigration; Trump administration; US news; US politics; Pennsylvania; Guatemala; ICE (US Immigration and Customs Enforcement)";Ice ‘secretly deported’ Pennsylvania grandfather after he lost green card, report says;Family of Luis Leon say they were initially told by someone he had died, but they found him alive in Guatemala hospital;https://www.theguardian.com/us-news/2025/jul/20/ice-secretly-deported-grandfather;US news
2025-07-17T09:57:12Z;Chile;The Guardian;"Photography; Art and design; Chile; Americas; Culture; World news; Transgender; Society";‘I was censored for a long time’: the woman who photographed Chile’s sex workers and dissidents;From brothels to boxing rings, Paz Errázuriz’s tender images always challenged the Pinochet dictatorship. Now 81 years old – and ahead of a UK show – the spiky-haired artist recounts a career spent on the fringes;https://www.theguardian.com/artanddesign/2025/jul/17/photographer-paz-errazuriz-dare-to-look-hidden-realities-chile-mk-gallery-milton-keynes;Art and design
2025-07-17T09:40:44Z;Chile;The Guardian;"Croatia; Life and style; Europe weather; Sleep";I’ve found the cure for a sleepless night in a heatwave – but it can have its drawbacks …  | Adrian Chiles;On a family holiday in Croatia, I came a cropper after going big on the ice – and lost my cool;https://www.theguardian.com/commentisfree/2025/jul/17/ive-found-the-cure-for-a-sleepless-night-in-a-heatwave-but-it-can-have-its-drawbacks;Opinion
2025-07-17T05:00:31Z;Chile;The Guardian;"Global development; Chile; Mining; Mining; Americas; World news; Access to water; Conservation and indigenous people; Food security; Human rights; Human rights; Business; Environment; Conservation; Indigenous peoples";Mining companies are pumping seawater into the driest place on Earth. But has the damage been done?;In Chile’s drought-stricken Atacama desert, Indigenous people say desalination plants cannot counter the impact of intensive lithium and copper mining on local water sources;https://www.theguardian.com/global-development/2025/jul/17/green-transition-water-chile-atacama-desalination-plants-lithium-copper-mining;Global development
2025-07-16T15:57:53Z;Chile;The Guardian;"Life and style; Celebrity; Careers";Kids, don’t look to me for career inspiration. Look to your electrician instead | Adrian Chiles;People often assume my job skills are impressive, while their own aren’t worth a mention. What they don’t realise is that I’d swap with them in an instant, writes Adrian Chiles;https://www.theguardian.com/commentisfree/2025/jul/16/kids-dont-look-to-me-for-career-inspiration-look-to-your-electrician-instead;Opinion
2025-07-14T20:28:35Z;Chile;The Guardian;"USA; Australia; Australia sport; Football; Sport; US sports; World Cup; World Cup 2026; Ecuador";US men to host friendlies against Australia and Ecuador in October international window;The US will host Australia for a friendly on 14 October in Colorado, while Ecuador will visit Austin, Texas four days earlier;https://www.theguardian.com/football/2025/jul/14/us-men-to-host-friendlies-against-australia-and-ecuador-in-october-international-window;Football
2025-07-14T19:49:33Z;Chile;The Guardian;"Essex; Southend-on-Sea; Plane crashes; England; UK news";New flight nurse reportedly among four dead in Southend plane crash;Maria Fernanda Rojas Ortiz, 31, reportedly killed alongside Dutch pilot and co-pilot and European male medical professional;https://www.theguardian.com/uk-news/2025/jul/14/southend-plane-crash-essex-casualties-investigation;UK news
2025-07-13T17:49:44Z;Chile;The Guardian;"England v India 2025; England cricket team; India cricket team; Cricket; Sport; Over by over reports";England v India: third men’s cricket Test, day four – as it happened;India finished on 58 for four, needing another 135 to win after a sensational day’s play at Lord’s;https://www.theguardian.com/sport/live/2025/jul/13/england-v-india-third-mens-cricket-test-day-four-live;Sport
2025-07-10T10:00:41Z;Chile;The Guardian;"Retail industry; Business; British identity and society; Society";Is there anything more British than an underwhelming boast on a sign? | Adrian Chiles;In this era of relentless, irony-free, fact-free braggadocio, I can’t get enough of amusingly bashful self-promotion, writes Adrian Chiles;https://www.theguardian.com/commentisfree/2025/jul/10/british-underwhelming-boast-sign-self-promotion-adrian-chiles;Opinion
2025-07-09T16:56:21Z;Chile;The Guardian;"Oasis; Life and style; Liam Gallagher; Football";I’ve started strutting like Liam Gallagher – and the power is great indeed | Adrian Chiles;I happened to be in Cardiff during the Oasis gigs. Before I knew it, my legs developed a mind of their own, my shoulders got involved and my jaw was chewing, writes Guardian columnist Adrian Chiles;https://www.theguardian.com/commentisfree/2025/jul/09/oasis-liam-gallagher-walk-adrian-chiles;Opinion
2025-07-09T10:32:08Z;Chile;The Guardian;"Trump tariffs; International trade; Business; Donald Trump; Stock markets; Tariffs; Mining; US news; World news; US economy; Economics";Copper prices in US hit record high after Trump announces 50% tariff;Latest escalation in trade war is expected to push up costs across key parts of US economy;https://www.theguardian.com/us-news/2025/jul/09/copper-prices-in-us-hit-record-high-trump-tariff-trade-war;US news
2025-07-09T08:07:11Z;Chile;The Guardian;"Australia news; Australian politics; Australian economy; Business; Health; Australian education; Australian immigration and asylum; Australian foreign policy";Affinity group to install CCTV at all its childcare centres – as it happened;This blog is now closed;https://www.theguardian.com/australia-news/live/2025/jul/09/erin-patterson-tga-sunscreen-childcare-sector-victoria-ntwnfb;Australia news
2025-07-09T07:00:44Z;Chile;The Guardian;"Football; Sport";The Knowledge | How early has a defending champion exited an international tournament?;Plus: more non top-flight teams playing in Europe, alumni of semi-finalists and England captains in one team;https://www.theguardian.com/football/2025/jul/09/the-knowleedge-how-early-has-a-defending-champion-exited-an-international-football-tournament;Football
2025-07-08T08:19:39Z;Chile;The Guardian;"Australia news; Australian politics; Australian economy; Business; Health; Australian education; Australian immigration and asylum; Australian foreign policy";Zachary Rolfe accuses NT coroner of going ‘far beyond her remit’ in Kumanjayi Walker inquest – as it happened;This blog is now closed;https://www.theguardian.com/australia-news/live/2025/jul/08/anthony-albanese-tariffs-trump-east-melbourne-synagogue-bobdi-junction-nine-ntwnfb;Australia news
2025-07-07T23:01:20Z;Chile;The Guardian;"Climate crisis; Volcanoes; Ice; Polar regions; Glaciers; Geology; Chile; Science; Antarctica; Environment; World news";Melting glaciers and ice caps could unleash wave of volcanic eruptions, study says;Research in Chile suggests climate crisis makes eruptions more likely and explosive, and warns of Antarctica risk;https://www.theguardian.com/environment/2025/jul/08/climate-crisis-melting-glaciers-ice-caps-volcanic-eruptions-chile-antartica-volcanoes;Environment
2025-07-05T20:30:33Z;Chile;The Guardian;"Transfer window; Chelsea; Nottingham Forest; Borussia Dortmund; Football; Sport; Botafogo";Transfer news: Jamie Gittens completes £48.5m Chelsea move, Forest land Jesus;The England Under-21 winger joins Chelsea on a contract until 2032, while Nottingham Forest have signed Brazil striker Igor Jesus from Botafogo;https://www.theguardian.com/football/2025/jul/05/transfer-news-jamie-gittens-completes-55m-chelsea-switch-nottingham-forest-sign-igor-jesus;Football
2025-07-05T04:00:01Z;Chile;The Guardian;"Donald Trump; Trump administration; Africa; US news; US politics; World news";Has Trump taken leadership lessons from cold war-era Africa? | David Van Reybrouck;To truly understand the president’s style of rule, we must go beyond Scandinavian sagas and Sicilian crime lore, says philosopher and author David Van Reybrouck;https://www.theguardian.com/commentisfree/2025/jul/05/donald-trump-cold-war-africa;Opinion
2025-07-03T21:53:26Z;Chile;The Guardian;"Environment; Greenhouse gas emissions; Colombia; Chile; Americas; World news; Costa Rica; Law";Countries must protect human right to a stable climate, court rules;Costa Rica-based inter-American court of human rights says states have obligation to respond to climate change;https://www.theguardian.com/environment/2025/jul/03/countries-must-protect-human-right-to-a-stable-climate-court-rules;Environment
2025-07-03T14:28:39Z;Chile;The Guardian;"Space; Comets; Asteroids; Nasa; Astronomy; Science; World news";Scientists spot mystery object believed to come from beyond solar system;Astronomer says object could be further evidence that ‘interstellar wanderers’ are common in galaxy;https://www.theguardian.com/science/2025/jul/03/nasa-interstellar-comet-solar-system-a11pl3z-3i-atlas;Science
2025-07-03T04:00:19Z;Chile;The Guardian;"Language; Spain; Europe; US news; Languages";Like English, Spanish is constantly evolving. Unlike some English speakers, we welcome that | María Ramírez;Purists’ attempts to police our global languages are doomed – there’s joy and inspiration in new expressions from all over the world, says journalist María Ramírez;https://www.theguardian.com/commentisfree/2025/jul/03/spanish-english-speak-language-global-world;Opinion
2025-07-01T14:12:39Z;Chile;The Guardian;"Psychology; Charli xcx; Science; US news";Think you’re cool? Here are the six boxes you’ll have to tick;Are you extroverted, hedonistic, powerful? Then you’re halfway there, according to a study of 6,000 people in six continents;https://www.theguardian.com/science/2025/jul/01/think-youre-cool-here-are-the-six-boxes-youll-have-to-tick;Science
2025-06-30T10:40:25Z;Chile;The Guardian;"Americas; Chile; Argentina; Uruguay; World news; Environment; Brazil; Bolivia";Weather tracker: Temperatures plunge in Chile, Argentina and Uruguay;Cold spell expected to push northwards as storm system that has brought torrential rain in Bolivia and Brazil clears;https://www.theguardian.com/environment/2025/jun/30/weather-tracker-temperatures-plunge-in-chile-argentina-and-uruguay;Environment
2025-06-29T14:00:55Z;Chile;The Guardian;"Glastonbury 2025; Music; Culture; Glastonbury festival; Music festivals; Festivals";Adrian Chiles’s first time at Glastonbury: ‘The peace-and-love control knobs get turned up to 11’;Six years after declaring the festival his idea of hell, the columnist finally had his arm twisted. What unfolded was a weekend of shock, confusion, throbbing testicles – and unbridled joy;https://www.theguardian.com/music/2025/jun/29/adrian-chiles-first-time-glastonbury;Music
2025-06-29T09:00:49Z;Chile;The Guardian;"Chile; Americas; World news";‘We’ll keep fighting’: search persists for priest thought to be murdered on Pinochet torture ship;No trace has ever been found of Michael Woodward, but almost two years since Chile assumed responsibility for finding victims, cautious progress is being made;https://www.theguardian.com/world/2025/jun/29/michael-woodward-search-pinochet;World news
2025-06-28T11:00:22Z;Chile;The Guardian;"Asteroids; Space; Astronomy; Nasa; European Space Agency; Science";Are we doing enough to save Earth from a devastating asteroid strike?;With our planet set for close encounters in 2029 and 2032, space scientists are getting to grips with an existential threat;https://www.theguardian.com/science/2025/jun/28/its-something-that-happens-are-we-doing-enough-to-save-earth-from-a-devastating-asteroid-strike;Science
2025-06-26T12:05:06Z;Chile;The Guardian;US news;First Thing: Trump officials cite ‘new intelligence’ to back president’s claims of successful Iran strikes ;Tulsi Gabbard and the CIA director have said that Iran’s nuclear sites were ‘destroyed’, citing new evidence that appears to contradict a leaked report. Plus, nearly a third of Tuvaluans attempt to get Australian climate visa;https://www.theguardian.com/us-news/2025/jun/26/first-thing-trump-officials-new-intelligence-iran-strikes-successful;US news
2025-06-26T10:00:26Z;Chile;The Guardian;"Hobbies; Gardens; Homes; Life and style";Why is so much of life spent clearing up? | Adrian Chiles;Whatever I turn my hand to, I leave behind a chaotic mess. If tidiness is next to godliness, there’s no hope for me, writes Guardian columnist Adrian Chiles;https://www.theguardian.com/commentisfree/2025/jun/26/why-is-so-much-of-life-spent-clearing-up;Opinion
2025-06-26T09:00:00Z;Chile;The Guardian;"Chile; World news; Americas; Environment; Fashion";Chile targets fast fashion waste with landmark desert cleanup plan;Government move to regulate textile imports aims to curb clothing dumps in the Atacama and boost circular economy;https://www.theguardian.com/world/2025/jun/26/chile-fast-fashion-waste-atacama-desert;World news
2025-06-25T15:55:47Z;Chile;The Guardian;"Life and style; Society; Books; Culture";I’d lost my childhood love of reading – but rediscovered it when I set aside my iPhone  | Adrian Chiles;You can keep your ebooks. There is no better way to engage with words than through a paperback;https://www.theguardian.com/commentisfree/2025/jun/25/id-lost-my-childhood-love-of-reading-but-rediscovered-it-when-i-set-aside-my-iphone;Opinion
2025-06-24T08:34:51Z;Chile;The Guardian;"Australia news; Australian politics; Australian economy; Business; Health; Australian education; Australian immigration and asylum; Australian foreign policy";O’Brien accepts invite to Chalmers roundtable – as it happened;This blog is now closed;https://www.theguardian.com/australia-news/live/2025/jun/24/australia-news-live-albanese-iran-us-trump-nsw-qld-act-budget-economy-treasurer-labor-coalition-ndis-ntwnfb;Australia news
2025-06-23T09:40:31Z;Chile;The Guardian;"Astronomy; Science; Space; Asteroids";First images of distant galaxies captured by ‘ultimate’ telescope;Stunning pictures from Vera C Rubin observatory in Chile released at start of 10-year survey of cosmos;https://www.theguardian.com/science/2025/jun/23/first-images-of-distant-galleries-captured-by-ultimate-telescope;Science
2025-06-22T06:00:31Z;Chile;The Guardian;"Global development; Indigenous peoples; Internally displaced people; Endangered habitats; Climate crisis; Peru; Americas; World news";In the shadow of melting glaciers: life in the heartland of the Incas’ former empire – a photo essay;Ancient rituals and a profound respect for ‘Mother Earth’ bolster fragile Andean communities as the climate crisis and unchecked mining take their toll;https://www.theguardian.com/global-development/2025/jun/22/peru-quechua-pacha-mama-andes-way-of-life-in-pictures;Global development
2025-06-22T06:00:31Z;Chile;The Guardian;"Photography; Spain; Art and design; Europe; Culture; World news; US news; Colonialism";Photoespaña 2025: colonial legacies, transitional landscapes and chance encounters;A summer of photography gets under way in the capital, featuring more than 80 contemporary and historical exhibitions;https://www.theguardian.com/artanddesign/2025/jun/22/madrid-photoespana-2025-photo-festival-spain;Art and design
2025-06-21T04:00:02Z;Chile;The Guardian;"Mining; Lithium-ion batteries; Portugal; Climate crisis; Europe; World news; Environment; United Nations";The ‘sacrifice zone’: villagers resist the EU’s green push for lithium mining;Residents of a Portuguese rural idyll where four vast mines are planned are among those who feel they will pay too high a cost for the energy transition;https://www.theguardian.com/environment/2025/jun/21/lithium-mining-sacrifice-zone-portuguese-villagers-eu-energy-transition;Environment
2025-06-20T20:00:49Z;Chile;The Guardian;;Corrections and clarifications;Advice column headline | Lloyd Neck peninsula, New York | Cannon/canon homophone;https://www.theguardian.com/news/2025/jun/20/corrections-and-clarifications;News
2025-06-20T10:27:54Z;Chile;The Guardian;"Music; Art; Poetry; Culture; Space; Nasa";Hey aliens, here’s our new album! How do you follow up a 50-year-old record that’s hurtling through space?;The Golden Record – launched in 1977 on the Voyager space probes – contained everything from Chuck Berry to Chinese dialects and the sound of humpback whales. But what would we put on it today?;https://www.theguardian.com/music/2025/jun/20/aliens-new-album-golden-record-space-voyager-chuck-berry;Music
2025-06-19T11:00:05Z;Chile;The Guardian;"Climate crisis; Climate science scepticism and denial; Environment; World news; Climate science";Climate misinformation turning crisis into catastrophe – major report;False claims obstructing climate action, say researchers, amid calls for climate lies to be criminalised;https://www.theguardian.com/environment/2025/jun/19/climate-misinformation-turning-crisis-into-catastrophe-ipie-report;Environment
2025-06-18T16:55:01Z;Chile;The Guardian;"Men's facial hair; Fashion; Timothée Chalamet; Harry Styles; Paul Mescal; Life and style; Men's fashion";Few men can really rock a moustache. Timothée Chalamet is not one of them | Adrian Chiles;The actor seems to have inspired a generation of young chaps to grow wispy caterpillars on their upper lips. When it comes to facial hair, I’ve learned it’s best to go big or go home, writes Guardian columnist Adrian Chiles;https://www.theguardian.com/commentisfree/2025/jun/18/few-men-can-really-rock-a-moustache-timothee-chalamet-is-not-one-of-them;Opinion
2025-06-18T15:00:52Z;Chile;The Guardian;"Comedy; Culture; Stage; Australian theatre; Theatre; Reality TV; Big Brother";Iolanthe: the 10 funniest things I have ever seen (on the internet);The actor and writer shares her trove of online clips – including two Big Brother meltdowns;https://www.theguardian.com/culture/2025/jun/19/iolanthe-the-10-funniest-things-i-have-ever-seen-on-the-internet;Culture
2025-06-18T14:32:03Z;Chile;The Guardian;"Documentary; Television; Television & radio; Culture; Space; Brian Cox; People in science; Science";Michael Lachmann obituary;Television documentary producer and director who collaborated with Brian Cox on Wonders of the Solar System;https://www.theguardian.com/tv-and-radio/2025/jun/18/michael-lachmann-obituary;Television & radio
2025-06-12T10:00:02Z;Chile;The Guardian;"Gig economy; Business; Fruit; Life and style; Society";Who could deny a hot, tired delivery driver the fruit from their cherry tree? | Adrian Chiles;All the poor man wanted was fresh fruit from the tree in front of my flat. I would have needed a heart of stone to refuse him, writes Guardian columnist Adrian Chiles;https://www.theguardian.com/commentisfree/2025/jun/12/delivery-driver-cherry-tree-fruit;Opinion
2025-06-11T14:59:53Z;Chile;The Guardian;"Life and style; Schools; Children; Advertising; Media; Health & wellbeing; Business; Society";The latest Andrex advert is a life-changing masterpiece | Adrian Chiles;In scraping the bottom of the barrel to find something new to say about toilet paper, they’ve struck gold. If I had seen this as a kid, it would saved me years of fear and shame, writes Adrian Chiles;https://www.theguardian.com/commentisfree/2025/jun/11/the-latest-andrex-advert-is-a-life-changing-masterpiece;Opinion
2025-06-10T05:38:31Z;Chile;The Guardian;"Los Angeles; US news; Donald Trump; Republicans; US politics; Protest; US immigration; West Coast; Trump administration";Tuesday briefing: What Trump’s response to the LA protests could mean for US democracy;In today’s newsletter: A lauded human rights lawyer on the anti-immigration protests in Los Angeles – and just what is at stake;https://www.theguardian.com/world/2025/jun/10/first-edition-tuesday-briefing-los-angele-protests-donald-trump-ice;World news
2025-06-10T01:33:25Z;Chile;The Guardian;"New Zealand; Oceans; Environment; Asia Pacific"; New Zealand is failing to protect its vast ocean resources. We owe it to the world to act | Helen Clark and Kayla Kingdon-Bebb;Less than 1% of our country’s seas are highly protected and the damaging practice of bottom-trawling must be restricted;https://www.theguardian.com/world/2025/jun/10/new-zealand-is-failing-to-protect-its-vast-ocean-resources-we-owe-it-to-the-world-to-act;World news
2025-06-09T10:00:34Z;Chile;The Guardian;"Elon Musk; Donald Trump; US politics; US news; Technology";Will the Trump-Musk rift really change anything? | Jan-Werner Müller;Much has been made of the falling out, but Doge’s destruction continues and Musk’s fate is entwined with Trump’s;https://www.theguardian.com/commentisfree/2025/jun/09/musk-trump-rift-change;Opinion
2025-06-06T14:00:37Z;Chile;The Guardian;"Dance; Stage; Culture; Witchcraft; Jersey; Channel Islands; Sexuality";‘Whipped till the blood comes’: Jersey’s shocking witch-hunting past is brought spectacularly back to life;The Channel Islands were dubbed ‘the witch-hunting capital of Atlantic Europe’. Just talking to a cat could get you hanged, strangled or burned. We go behind the scenes of an outdoor dance triple-bill at an ancient burial site;https://www.theguardian.com/stage/2025/jun/06/blood-jerseys-witch-hunting-channel-islands-hanged-strangled;Stage
2025-06-05T10:00:05Z;Chile;The Guardian;"Men's shorts; Men's fashion; Jeans; Fashion; Men's trousers; Life and style";I knew everyone would hate my mustard shorts. That didn’t stop me buying them | Adrian Chiles;I can’t explain what was going through my mind my when I splashed out on them. But I’ve spent three years trying to make amends, writes Adrian Chiles;https://www.theguardian.com/commentisfree/2025/jun/05/everyone-hates-my-mustard-shorts-didnt-stop-me-buying-them;Opinion
2025-06-04T12:52:21Z;Chile;The Guardian;"Social etiquette; Language; Life and style";I’ve learned a new word – and now I’m seeing the people it describes everywhere | Adrian Chiles;Do you spout controversial opinions, even if you don’t believe them, just to attract attention? There’s a name for you (and me), writes Adrian Chiles;https://www.theguardian.com/commentisfree/2025/jun/04/ive-learned-a-new-word-and-now-im-seeing-the-people-it-describes-everywhere;Opinion
2025-06-02T16:24:06Z;Chile;The Guardian;"Sweden; Adoption; Children; Europe; World news; Society";Sweden urged to ban international adoption after damning inquiry findings;Inquiry head accuses Swedish state of human rights violations, citing child-trafficking cases across four decades;https://www.theguardian.com/world/2025/jun/02/sweden-urged-to-ban-international-adoption-damning-inquiry-findings;World news
2025-06-02T16:17:32Z;Chile;The Guardian;"Liverpool; Chile; Books; Brazil; Sociology; University of Liverpool";Colin Henfrey obituary;<strong>Other lives: </strong> Sociology lecturer at Liverpool University who played a key role in establishing the anti-Pinochet campaign in Britain;https://www.theguardian.com/uk-news/2025/jun/02/colin-henfrey-obituary;UK news
2025-06-02T14:56:48Z;Chile;The Guardian;"Champions League; Football; Sport; US sports; Paris Saint-Germain; Internazionale";PSG’s Champions League win was thrilling. It was still sportswashing | Jonathan Wilson;After years as a directionless collection of celebrity footballers, PSG are a true team now. But they still represent one of the sport’s darkest trends;https://www.theguardian.com/global/2025/jun/02/psg-champions-league-sportswashing;Football
2025-05-30T11:00:15Z;Chile;The Guardian;"Climate crisis; Greenhouse gas emissions; Carbon footprints; Environment; Donald Trump; Trump administration; US news; World news";How the US became the biggest military emitter and stopped everyone finding out;Academic Neta Crawford warns that if Donald Trump follows through on his threats of war, emissions will soar and the planet will pay the price;https://www.theguardian.com/environment/2025/may/30/donald-trump-geopolitics-could-deepen-planetary-catastrophe-expert-warns;Environment
2025-05-28T14:53:00Z;Chile;The Guardian;"Mindfulness; Travel";I did a road journey in England avoiding motorways – and discovered a whole new country | Adrian Chiles;Aston Clinton, Weedon, Maids Moreton – motorways bypass so many fascinating places. Maybe it is this that makes us an island of strangers;https://www.theguardian.com/lifeandstyle/commentisfree/2025/may/28/on-my-motorbike-i-did-a-road-journey-in-england-avoiding-motorways-and-discovered-a-whole-new-country;Life and style
2025-05-26T10:00:54Z;Chile;The Guardian;"Film; Documentary films; Travel; Culture";The Road to Patagonia review – an epic journey from Alaska to the Andes;Director Matty Hannon’s adventures are a dazzling cinematic homage to nature even if his environmental commentary sometimes roams a bit too freely;https://www.theguardian.com/film/2025/may/26/the-road-to-patagonia-review-an-epic-journey-from-alaska-to-the-andes;Film
2025-05-23T23:30:43Z;Chile;The Guardian;"China; Brazil; Xi Jinping; Luiz Inácio Lula da Silva; Americas; World news";As Trump focuses on his trade war, Brazil and China forge closer ties;Luiz Inácio Lula da Silva has signed up to Xi Jinping’s vision of a multi-polar world, as Beijing expands its influence in Latin America;https://www.theguardian.com/world/2025/may/24/as-trump-focuses-on-his-trade-war-brazil-and-china-forge-closer-ties;World news
2025-05-22T10:00:47Z;Chile;The Guardian;"Collecting; Life and style";My signed tie is up for auction. I don’t think even my mum would buy it | Adrian Chiles;It dates back to the time when I was hot television property, but the embarrassingly low £10 starting price speaks for itself, writes Guardian columnist Adrian Chiles;https://www.theguardian.com/commentisfree/2025/may/22/my-signed-tie-is-up-for-auction-i-dont-think-even-my-mum-would-buy-it;Opinion
2025-05-22T09:00:03Z;Chile;The Guardian;"Brazil; TikTok; Social media; Drought; Water; China; AI (artificial intelligence); Computing; Digital media; Environment; Global development; Americas; Asia Pacific; Technology; Media; World news; Access to water";Draining cities dry: the giant tech companies queueing up to build datacentres in drought-hit Latin America;In Brazil, the Chinese social media giant TikTok is said to be the latest company planning a supercomputer warehouse that will use vast amounts of water and energy;https://www.theguardian.com/global-development/2025/may/22/datacentre-drought-chinese-social-media-supercomputers-brazil-latin-america;Global development
2025-05-21T05:00:19Z;Chile;The Guardian;"Renewable energy; Energy; Mining; Solar power; Wind power; Commodities; Mining; Business; Environment";Demand for copper to dramatically outstrip supply within decade;International Energy Agency says it is ‘time to sound alarm’ over future shortages of metal needed for low-carbon transition;https://www.theguardian.com/environment/2025/may/21/copper-supply-demand-analysis-international-energy-agency;Environment
2025-05-21T04:00:16Z;Chile;The Guardian;"Technology; AI (artificial intelligence); Computing; Sam Altman; ChatGPT; Silicon Valley; US news";‘Every person that clashed with him has left’: the rise, fall and spectacular comeback of Sam Altman;From Elon Musk to his own board, anyone who has come up against the OpenAI CEO has lost. In a gripping new account of the battle for AI supremacy, writer Karen Hao says we should all be wary of the power he now wields;https://www.theguardian.com/technology/2025/may/21/every-person-that-clashed-with-him-has-left-the-rise-fall-and-spectacular-comeback-of-sam-altman;Technology
2025-05-18T15:01:12Z;Chile;The Guardian;"Cannes film festival; Film; Culture; Festivals; Gérard Depardieu; #MeToo movement; Gender; Kevin Spacey";Kevin Spacey to be celebrated at Cannes’ Better World gala;Actor will receive lifetime achievement award on Tuesday for his ‘enduring impact on cinema and the arts’ and ‘decades of artistic brilliance’;https://www.theguardian.com/film/2025/may/18/kevin-spacey-to-be-celebrated-at-cannes-better-world-gala;Film
2025-05-17T14:16:39Z;Chile;The Guardian;"Cannes film festival; Donald Trump; Pedro Pascal; Film; US news; France; Culture; Festivals; Europe";‘Fight back and don’t let them win’: actor Pedro Pascal decries Trump’s attacks on artists;Comments at Cannes come after US president’s social media posts against Bruce Springsteen and Taylor Swift;https://www.theguardian.com/us-news/2025/may/17/fight-back-and-dont-let-them-win-actor-pedro-pascal-decries-trumps-attacks-on-artists;Film
2025-05-17T05:00:59Z;Chile;The Guardian;"Food & drink industry; Business; Wine; Food; Spain; Europe; World news; UK news; Climate crisis; Environment; Farming";Top winemaker ‘may have to leave its Spanish vineyards due to climate crisis’;Familia Torres has been making wine in Catalonia since 1870, but says it may have to move to higher altitudes in 30 years’ time;https://www.theguardian.com/business/2025/may/17/top-winemaker-spanish-vineyards-climate-crisis-familia-torres;Business
2025-05-15T11:01:09Z;Chile;The Guardian;"Music; Culture; Dance music";Shanti Celeste: Romance review | Alexis Petridis's album of the week;Six years on from her acclaimed ‘fast house’ debut, the UK singer-producer invites listeners into a sunlit space between night out and morning after;https://www.theguardian.com/music/2025/may/15/shanti-celeste-romance-review;Music
2025-05-15T10:00:09Z;Chile;The Guardian;"Life and style; Telecoms; Friendship";It can be hard to end a phone call. But 'Okaybye' is not the way to do it | Adrian Chiles;I’m not necessarily expecting a ‘love you’ from the person on the other end of the line – but don’t make me feel I’ve outstayed my welcome, writes Guardian columnist Adrian Chiles;https://www.theguardian.com/commentisfree/2025/may/15/it-can-be-hard-to-end-a-phone-call-but-okaybye-is-not-the-way-to-do-it;Opinion
2025-05-14T23:01:09Z;Chile;The Guardian;"Commodities; Environment policy; UK news; Environment; Mining; Mining; Critical minerals";UK urged not to exploit poor countries in rush for critical minerals;Civil society groups call on government to address risk of neocolonial exploitation in its supply chain strategy;https://www.theguardian.com/business/2025/may/15/uk-urged-not-to-exploit-poor-countries-in-rush-for-critical-minerals;Business
2025-05-14T07:00:01Z;Chile;The Guardian;"Football; Sport";‘I don’t know why I got the trophy’: football’s unusual player-of-the-match awards | The Knowledge;Plus: hat-trick heroes who didn’t get a medal, shot-shy matchwinners and Jimmy Hill being caught off guard;https://www.theguardian.com/football/2025/may/14/football-unusual-player-of-the-match-awards-the-knowledge;Football
2025-05-09T07:00:53Z;Chile;The Guardian;"Music; Culture; Denmark; Europe; Education; Music";‘Rethink it all!’ Why is one Danish school producing nearly every cool alt-pop star?;Copenhagen’s Rhythmic Music Conservatory finds common ground between Ella Fitzgerald and Charli xcx – and its free-thinking alumni are thriving. We go on a tour to see what’s in the water there (aside from shipwrecks);https://www.theguardian.com/music/2025/may/09/danish-copenhagen-conservatory-music;Music
2025-05-08T13:00:30Z;Chile;The Guardian;"Renewable energy; Global development; Energy; Indigenous peoples; Amazon rainforest; Cop30; Americas; World news; Environment; Solar power; Pollution; Fossil fuels; Access to energy";‘A future on our terms’: how community energy is lighting up Latin America;Small-scale schemes are replacing dirty diesel with clean electricity in remote areas – and ensuring a just transition;https://www.theguardian.com/global-development/2025/may/08/latin-america-community-energy-indigenous-lighting-electricity-solar-pollution-diesel-just-transition;Global development
2025-05-08T10:59:20Z;Chile;The Guardian;"Palestine; Mahmoud Abbas; Gaza; Israel-Gaza war; West Bank; Middle East and north Africa; World news";Palestinians urgently need a leader who represents them – but they’re facing another undemocratic stitch-up | Dana El Kurd;Mahmoud Abbas’s lining up of the next president is part of a long pattern of denying Palestinians political agency, says researcher of Palestinian and Arab politics Dana El Kurd;https://www.theguardian.com/commentisfree/2025/may/08/palestinians-leader-mahmoud-abbas-president;Opinion
2025-05-08T10:00:27Z;Chile;The Guardian;"Gambling; Society; UK news; England; Life and style";Does Britain need 24-hour slot machines? There must be better things to do at 3am | Adrian Chiles;Gambling arcades that never close are spreading across the country. I’m not against having a flutter, but seriously, in the middle of the night?;https://www.theguardian.com/commentisfree/2025/may/08/britain-24-hour-slot-machines-gambling-arcades;Opinion
2025-05-07T19:41:08Z;Chile;The Guardian;"Papal conclave; Vatican; Catholicism; Christianity; Italy; Religion; Europe; World news; The papacy";Black smoke emerges at Vatican as conclave fails to elect pope – as it happened;Cardinals will be back for more votes tomorrow with up to four rounds of voting;https://www.theguardian.com/world/live/2025/may/07/new-pope-conclave-catholic-cardinals-papacy-vote-white-black-smoke-latest-live-news;World news
2025-05-07T14:48:47Z;Chile;The Guardian;"Life and style; Mobile phones; Technology; Telecommunications industry; Telecoms";How are you supposed to handle cold callers nowadays? You can’t even slam the phone down | Adrian Chiles;I’m being plagued by a particularly pushy estate agent. I’ve tried blocking them, reasoning with them, even barking at them. And still they keep coming back for more, writes Adrian Chiles;https://www.theguardian.com/commentisfree/2025/may/07/how-are-you-supposed-to-handle-cold-callers-nowadays-you-cant-even-slam-the-phone-down;Opinion
2025-05-07T14:46:17Z;Chile;The Guardian;"Politics; UK news; PMQs; Keir Starmer; Kemi Badenoch; Labour; Conservatives; House of Commons; Trade policy; International trade; Reform UK; India; Jonathan Reynolds; Scotland; Scottish politics; Scottish National party (SNP); Wales; Welsh politics; Opinion polls; Ed Davey; Business; Jeremy Hunt; Green party";Tory extinction ‘can’t be ruled out’, says Jeremy Hunt – as it happened;Former chancellor says he does not expect the Conservatives to die out as a party but he says it is a possibility;https://www.theguardian.com/politics/live/2025/may/07/business-reform-conservatives-labour-trade-deal-keir-starmer-kemi-badenoch-pmqs-uk-politics-live;Politics
2025-05-07T10:00:11Z;Chile;The Guardian;"Whales; Oceans; Chile; Shipping industry; Cetaceans; Marine life; Wildlife; Environment; Global development; Business; Mining; Mining; Americas; World news";‘It’s like putting a whale in a blender’: the rise of deadly ship collisions in Chile;On average, five whales struck by ships wash up on the country’s beaches each year, the highest in the world – and far more remain undiscovered, say researchers;https://www.theguardian.com/environment/2025/may/07/its-like-putting-a-whale-in-a-blender-the-rise-of-deadly-ship-collisions-in-chile;Environment
2025-05-06T22:43:42Z;Chile;The Guardian;"Astronomy; Australia news; Science; Space";What is the best time to see the Eta Aquariids meteor shower 2025? Where and how can I see it in Australia?;This display caused by Earth passing through debris from Halley’s Comet will be most visible on Wednesday – but only if you’re up before dawn;https://www.theguardian.com/science/2025/may/06/eta-aquariids-meteor-shower-2025;Science
2025-05-04T14:50:57Z;Chile;The Guardian;"Lady Gaga; Brazil; Music; LGBTQ+ rights; World news; Culture";‘Like a religious thing’: free Lady Gaga concert draws 2.1m to Rio;Fans poured on to Copacabana beach from around Brazil for show that beat Madonna’s record audience size;https://www.theguardian.com/music/2025/may/04/like-a-religious-thing-free-lady-gaga-concert-draws-2-million-people-to-rio-de-janeiro-brazil;Music
2025-05-02T08:55:15Z;Chile;The Guardian;"Liverpool; Earthquakes; Liverpool; Football; UK news; Sport; Premier League; Tottenham Hotspur";Scientists record seismic tremors from title-clinching Liverpool win over Spurs;Anfield celebrations of Alexis Mac Allister strike caused tremor with peak magnitude of 1.74;https://www.theguardian.com/football/2025/may/02/liverpool-5-1-win-tottenham-triggers-seismic-tremors-anfield;Football
2025-04-30T17:44:32Z;Chile;The Guardian;"Argentina; International Monetary Fund (IMF); Javier Milei; Donald Trump; Economics; World news; US news; Americas";The Guardian view on Argentina’s bailout: when Trump’s ally calls, the IMF obeys – at a cost | Editorial;<strong>Editorial:</strong> The deal with Javier Milei shows how America-first dealmaking is bending global finance to serve authoritarian and extractive ends;https://www.theguardian.com/commentisfree/2025/apr/30/the-guardian-view-on-argentinas-bailout-when-trumps-ally-calls-the-imf-obeys-at-a-cost;Opinion
2025-04-29T11:00:43Z;Chile;The Guardian;"US immigration; Trump administration; US news; US politics; World news; Venezuela; El Salvador; Americas";‘They disappear them’: families of the detained see grim echo of Latin American dictatorships in Trump’s US;Mounting stories of ‘forced disappearances’ of Venezuelans in the US have left their loved ones distraught and disbelieving;https://www.theguardian.com/us-news/2025/apr/29/venezuelan-detained-families-el-salvador-trump-dictatorship;US news
2025-04-29T09:00:19Z;Chile;The Guardian;"Glaciers; Antarctica; Polar regions; Environment; Climate crisis; Global development; World news; Science; Ice";‘Last chance for humanity’: the cold reality of monitoring global heating on a glacier;Scientists on Union glacier in Antarctica fear the region is reaching a dangerous tipping point;https://www.theguardian.com/global-development/2025/apr/29/global-heating-union-glacier-tipping-point;Global development
2025-04-28T10:38:35Z;Chile;The Guardian;"US news; Canada";First thing: Suspect in Vancouver ramming attack charged with eight counts of murder;Prosecutors say more charges are possible against Kai-Ji Adam Lo, who was arrested at the scene. Plus, Heather Graham on family, ageing and ‘creepy’ film-makers;https://www.theguardian.com/us-news/2025/apr/28/first-thing-vancouver-ramming-attack-suspect-charged;US news
2025-04-28T04:05:50Z;Chile;The Guardian;"Ultra-processed foods; Food; Health; UK news; World news; Society; Health policy";Ultra-processed food increases risk of early death, international study finds;About 14% of premature deaths in England attributable to unhealthy food, the most among surveyed countries;https://www.theguardian.com/society/2025/apr/28/ultra-processed-food-increases-risk-of-early-death-international-study-finds;Society
2025-04-27T13:00:34Z;Chile;The Guardian;"Venezuela; Trump administration; Americas; US news; US politics; World news; Gangs; US immigration; Nicolás Maduro; Donald Trump";What is Tren de Aragua and has the group ‘invaded’ the United States?;Trump has fixated on the Venezuelan gang, but experts say he’s concocted a bogeyman to fuel immigration crackdowns;https://www.theguardian.com/world/2025/apr/27/what-is-tren-de-aragua-trump-venezuela;World news
2025-04-27T13:00:33Z;Chile;The Guardian;"US news; US politics; Trump administration; Chile; Americas; World news; US universities; Migration";I used to laugh at my Chilean father’s paranoia about life in the US – not any more;Having fled here from Chile after Pinochet seized power in 1973 my father feared the state’s arbitrary power to turn lives upside down. His outlook has never felt more relevant;https://www.theguardian.com/us-news/ng-interactive/2025/apr/27/chile-trump-pinochet-authoritarianism;US news
2025-04-26T16:07:56Z;Chile;The Guardian;"Novak Djokovic; Tennis; Sport; Jack Draper";Novak Djokovic faces up to ‘new reality’ after crashing out of Madrid Open;Novak Djokovic is not sure if he has competed in Madrid for the last time after succumbing to a difficult 6-3, 6-4 loss to the unseeded Italian Matteo Arnaldi in the second round, his third consecutive defeat.;https://www.theguardian.com/sport/2025/apr/26/novak-djokovic-madrid-open-matteo-arnaldi-tennis;Sport
2025-04-25T10:00:32Z;Chile;The Guardian;"World news; Trump administration; Donald Trump; Americas; US politics; Brazil; Argentina; Mexico; Colombia; Bolivia; Ecuador; Chile; El Salvador; Democrats";Want to beat authoritarianism? Look to Latin America | Greg Grandin;The region has grappled with dictatorships, coups and inequality. But its democratic spirit remains vital – and offers a lesson for the US;https://www.theguardian.com/commentisfree/2025/apr/25/authoritarianism-latin-america-trump;Opinion
2025-04-24T10:00:03Z;Chile;The Guardian;"Psychology; Life and style; Rory McIlroy; Golf; Sport; Health & wellbeing";I’ll never play golf like Rory McIlroy. But maybe he can teach me how to live with my mistakes | Adrian Chiles;I need to stop dwelling on everything I get wrong, from sending my ball into the drink to squeezing the wrong bottom, writes Adrian Chiles;https://www.theguardian.com/commentisfree/2025/apr/24/golf-rory-mcilroy-mistakes-teach;Opinion
2025-04-23T15:00:38Z;Chile;The Guardian;"Health; Bowel cancer; Cancer; Science; Society; World news";Childhood toxin exposure ‘may be factor in bowel cancer rise in under-50s’;Researchers say mutations more often found in younger patients’ tumours caused by toxin secreted by E coli strains;https://www.theguardian.com/society/2025/apr/23/childhood-toxin-exposure-may-be-factor-in-bowel-cancer-rise-in-under-50s;Society
2025-04-23T14:22:59Z;Chile;The Guardian;"Birds; Urban wildlife; Environment; Life and style; Homes; Animals; Wildlife; Cities";I loathe pigeons. You wouldn’t believe what they do to my downpipe | Adrian Chiles;These noisy, filthy, feral creatures make my life a misery. Is there really no way to get rid of them, asks Adrian Chiles;https://www.theguardian.com/commentisfree/2025/apr/23/pigeons-noisy-filthy-creatures;Opinion
2025-04-23T10:00:39Z;Chile;The Guardian;"Pope Francis; US politics; JD Vance; Catholicism; Christianity; Rory Stewart; The papacy; US news; Religion; Far right (US); Viktor Orbán; Donald Trump";What did Pope Francis think of JD Vance? His view was more than clear | Jan-Werner Mueller;Francis was as outspoken as could be without naming names, when he criticized Vance in his February letter to US bishops;https://www.theguardian.com/commentisfree/2025/apr/23/pope-francis-jd-vance-meeting;Opinion
2025-04-22T11:57:01Z;Chile;The Guardian;"Pope Francis; Catholicism; Christianity; The papacy; World news; Religion";Child sexual abuse scandal cast long shadow over Francis’s papacy;Issue threatened to derail Francis’s papacy and dominated his trips abroad;https://www.theguardian.com/world/2025/apr/22/tragedy-child-sexual-abuse-scandal-cast-long-shadow-over-pope-franciss-papacy;World news
2025-04-22T04:00:57Z;Chile;The Guardian;"Tsunamis; Life and style; Earthquakes; Chile; Americas; World news";My family and I were sound asleep – then a tsunami swept our house out to sea;When Pedro Niada awoke to find his house tilting and filling with water, he was confused. He soon realised he was in a race against time to save everyone;https://www.theguardian.com/lifeandstyle/2025/apr/22/my-family-and-i-were-sound-asleep-then-a-tsunami-swept-our-house-out-to-sea;Life and style
2025-04-21T18:58:27Z;Chile;The Guardian;"Pope Francis; Catholicism; Christianity; Religion; The papacy; World news";Pope Francis died from a stroke followed by heart failure, Vatican says;Pontiff had requested simple burial ‘without particular decoration’ at Rome church rather than beneath St Peter’s;https://www.theguardian.com/world/2025/apr/21/pope-francis-died-from-a-stroke-followed-by-heart-failure-vatican-says;World news
2025-04-21T11:36:37Z;Chile;The Guardian;"Pope Francis; The papacy; Catholicism; Pope Benedict XVI; Christianity; Religion; Argentina; Jair Bolsonaro; Brazil; Chile; World news";Pope Francis obituary;Leader of the Catholic church who pushed for social and economic justice, and an urgent response to the climate crisis;https://www.theguardian.com/world/2025/apr/21/pope-francis-obituary;World news
2025-04-20T11:00:06Z;Chile;The Guardian;"Bolivia; Americas; Global development; World news; Food; Agriculture; Science; Depopulation; Climate crisis; Environment; Drought; Water; Farming"; ‘Cañahua chose me’: can an ancient relative of quinoa revive rural Bolivia’s economy?;The effects of the climate crisis and a lack of jobs are driving young people away from the Andean highlands but a long-shunned crop could stem the tide;https://www.theguardian.com/global-development/2025/apr/20/canahua-ancient-andean-superfood-rural-bolivia;Global development
2025-04-20T10:00:06Z;Chile;The Guardian;"US immigration; El Salvador; Venezuela; Trump administration; Donald Trump; US politics; Americas; World news; US news";‘I just ask God that he’s OK’: family of Venezuelan musician sent to El Salvador prison agonizes over his fate;Arturo Suárez Trejo was caught up in Trump’s immigration crackdown in North Carolina and sent to a notorious Salvadorian prison;https://www.theguardian.com/us-news/2025/apr/20/venezuela-arturo-suarez-trejo-el-salvador-prison;US news
2025-04-20T01:16:42Z;Chile;The Guardian;"Gymnastics; College sports; Sport; US sports";Oklahoma edge Jordan Chiles’ UCLA for seventh NCAA gymnastics crown;Audrey Davis posted a 9.9250 on the uneven bars to help the Oklahoma Sooners win their seventh NCAA women’s gymnastics championship;https://www.theguardian.com/sport/2025/apr/19/ncaa-gymnastics-championships-oklahoma-women;Sport
2025-04-17T10:00:36Z;Chile;The Guardian;"Ed Davey; Trump administration; Tariffs; Radio 4; Media; Politics; US politics; BBC";In a world full of wedgies, are you a wedger like Trump, or a wedgee like me? | Adrian Chiles;There are two sorts of people – those who pull others’ underwear, and those who have their underwear pulled. And we’d never have known it without the Lib Dems’ Ed Davey, writes Adrian Chiles;https://www.theguardian.com/commentisfree/2025/apr/17/in-a-world-full-of-wedgies-are-you-a-wedger-like-trump-or-a-wedgee-like-me;Opinion
2025-04-16T15:08:10Z;Chile;The Guardian;"Spring; Winter; Ageing; UK weather; Health & wellbeing; Life and style";I thought seasonal affective disorder was a myth. Then I saw the joy that spring can bring | Adrian Chiles;I’ve loved watching people perk up as the weather improves. It lifts the heart as much as any spring flower, writes Adrian Chiles;https://www.theguardian.com/commentisfree/2025/apr/16/i-thought-seasonal-affective-disorder-was-a-myth-then-i-saw-the-joy-that-spring-can-bring;Opinion
2025-04-12T11:00:45Z;Chile;The Guardian;"Fertility problems; IVF; Health; Society; Pregnancy; Family; Health & wellbeing; Parents and parenting; Life and style";Rogue doctors stole one woman’s eggs to get another patient pregnant. What happened next is an unlikely tale of friendship against the odds;When it emerged that a fertility clinic had made one woman pregnant with another’s baby, Renée Ballou and Carole LieberWilkins were advised to ‘lawyer up’. Instead they did something extraordinary – even as one raised the other’s biological child;https://www.theguardian.com/society/2025/apr/12/fertility-clinic-doctors-stole-womans-eggs-to-get-another-pregnant;Society
2025-04-11T10:01:05Z;Chile;The Guardian;"Books; Augusto Pinochet; Philippe Sands; Nazism; Culture; History books; War crimes";38 Londres Street by Philippe Sands review – Pinochet and the Nazis;A human rights lawyer skilfully gathers the threads that link the former Chilean dictator to a fugitive SS officer;https://www.theguardian.com/books/2025/apr/11/38-londres-street-by-philippe-sands-review-pinochet-and-the-nazis;Books
2025-04-10T23:25:54Z;Chile;The Guardian;"The Masters; Golf; Sport; PGA Tour; US sports; European Tour";The Masters 2025: Justin Rose leads the way on day one at Augusta – as it happened;Justin Rose signed for a brilliant 65 to take a three-shot lead after an eventful first day at the 89th Masters;https://www.theguardian.com/sport/live/2025/apr/10/the-masters-day-one-at-augusta-live;Sport
2025-04-10T10:00:25Z;Chile;The Guardian;"Ageing; Health; Society; Wildlife";Go off grid? Where would I get my meds, compression socks and corn removers? | Adrian Chiles;Am I just too fussy or too old? Either way I’m not cut out for a life in the wilderness, writes Adrian Chiles;https://www.theguardian.com/commentisfree/2025/apr/10/go-off-grid-where-would-i-get-my-meds-compression-socks-and-corn-removers;Opinion
2025-04-10T08:30:04Z;Chile;The Guardian;"Australian politics; Australian election 2025; Australia news; Peter Dutton; Anthony Albanese; Labor party; Coalition";Dutton visits sixth petrol station in seven days – as it happened;This blog is now closed;https://www.theguardian.com/australia-news/live/2025/apr/10/australia-election-2025-live-anthony-albanese-peter-dutton-economy-tariffs-cost-of-living-labor-coalition-ntwnfb;Australia news
2025-04-09T14:37:12Z;Chile;The Guardian;"Public transport; Life and style; Society; UK news; Smartphones; Technology";Where have all the headphones gone on public transport? The noise is eating into my soul | Adrian Chiles;Just one antisocial fellow traveller can ruin a journey. Is it a<strong> </strong>giant two-fingered gesture to the rest of the world?;https://www.theguardian.com/commentisfree/2025/apr/09/where-have-all-the-headphones-gone-on-public-transport-the-noise-is-eating-into-my-soul;Opinion
2025-04-08T12:00:13Z;Chile;The Guardian;"Football; Sport; Newcastle United; Barnsley";George Robledo: Newcastle great with a record beyond Salah and Henry;Born in Chile, shaped by poverty and hard graft, the prolific inside-forward holds a scoring record unbroken to this day;https://www.theguardian.com/football/2025/apr/08/george-robledo-newcastle-great-scoring-record-overseas;Football
2025-04-07T11:00:15Z;Chile;The Guardian;"Indigenous peoples; Land rights; Chile; Americas; Environment; World news";Silence surrounds the disappearance of Chilean grandmother Julia Chuñil. What really happened?;Nearly five months ago, the Indigenous land rights defender went out to herd animals in the forest and vanished. Her family say she had been threatened – and no trace of her has been found;https://www.theguardian.com/global-development/2025/apr/07/what-happened-to-julia-chunil-missing-land-defender-chile;Global development
2025-04-05T10:00:18Z;Chile;The Guardian;"Books; Philippe Sands; Augusto Pinochet; War crimes; Fiction; Fiction in translation; Culture";‘The law is another form of storytelling’: Philippe Sands in conversation with Juan Gabriel Vásquez;When Chilean dictator Augusto Pinochet was arrested in London in 1998, lawyer Philippe Sands was part of the prosecution. As his book about the case comes out, he talks to the Colombian novelist about literature and justice;https://www.theguardian.com/books/2025/apr/05/the-law-is-another-form-of-storytelling-philippe-sands-in-conversation-with-juan-gabriel-vasquez;Books
2025-04-04T12:00:52Z;Chile;The Guardian;"Fish; Endangered species; Fish; Conservation; Environment; Wildlife; Food; Animals; Illegal wildlife trade; World news; US news";US ports to use Covid-like tests to identify illegally trafficked seafood species;Devices similar to those used during pandemic to be deployed to help stamp out trade in threatened fish;https://www.theguardian.com/environment/2025/apr/04/pcr-tests-identify-seafood-species-aid-fish-trafficking-crackdown;Environment
2025-04-03T10:00:50Z;Chile;The Guardian;"Gymnastics; Anxiety; Fitness; Sport";Yes, I have just done a naked forward roll. But there was a good reason | Adrian Chiles;There I was, lying in bed and worrying I’d lost a basic life skill. Can you blame me for putting it to the test, asks Adrian Chiles;https://www.theguardian.com/commentisfree/2025/apr/03/yes-i-have-just-done-a-naked-forward-roll-but-there-was-a-good-reason;Opinion
2025-04-02T11:03:39Z;Chile;The Guardian;"Young people; Ageing; Adolescence; Society; Social trends; Social media";What do young people really think about us oldies? I asked a few | Adrian Chiles;Why is the moral panic only ever about younger generations? It’s time we heard what confuses or worries them about us, writes Adrian Chiles;https://www.theguardian.com/commentisfree/2025/apr/02/what-do-young-people-really-think-about-us-oldies-i-asked-a-few;Opinion
2025-04-01T14:27:16Z;Chile;The Guardian;"Life and style; Alcohol; Society; Social media; Pubs; TikTok; Wine; Beer; Spirits";‘Coke and beer – in one glass, please’: my gut-churning search for a signature drink;Could I discover an order that would mark me out as intriguing, charming and strangely sophisticated? I spent a week trying everything from chocolate milk with rum to apple cider vinegar with prosecco to find out;https://www.theguardian.com/lifeandstyle/2025/apr/01/coke-and-beer-in-one-glass-please-my-gut-churning-search-for-a-signature-drink;Life and style
2025-03-31T06:00:42Z;Chile;The Guardian;"History books; Books; Culture; Philippe Sands; Augusto Pinochet; War crimes; Law";38 Londres Street: On Impunity, Pinochet in England and a Nazi in Patagonia by Philippe Sands review – war crimes revisited;In the final part of a bravura trilogy detailing the struggle to bring war criminals to account, Sands tracks a former SS commander to Chile, where he found a friend in Augusto Pinochet;https://www.theguardian.com/books/2025/mar/31/38-londres-street-on-impunity-pinochet-in-england-and-a-nazi-in-patagonia-by-philippe-sands-review-war-crimes-revisited;Books
2025-03-28T13:00:23Z;Chile;The Guardian;"Global development; Chile; Fashion industry; Fashion; Americas; World news; Life and style; Waste; Environment; Ethical and green living";Calvin Klein jeans for free! Branded clothes dumped in the desert snapped up on anti-fast fashion website;Items taken from a mountain of discarded garments in the Atacama desert were sold for the price of shipping in a fightback against the ‘racist and colonialist’ dumping of unwanted clothing;https://www.theguardian.com/global-development/2025/mar/28/atacama-chilean-desert-clothes-dumping-western-fast-fashion-industry;Global development
2025-03-27T11:00:19Z;Chile;The Guardian;"Shopping; Consumer magazines; Magazines; Media; Newspapers & magazines; Consumer affairs; Money; Consumer spending; Online shopping";I trust Which? to help me choose a washing machine. But I have my own views on kitchen roll and toilet paper | Adrian Chiles;I’m in awe of the organisation’s rigorous approach to product testing. That doesn’t mean I need it for everything, writes Adrian Chiles;https://www.theguardian.com/commentisfree/2025/mar/27/i-trust-which-to-help-me-choose-a-washing-machine-but-i-have-my-own-views-on-kitchen-roll-and-toilet-paper;Opinion
2025-03-26T17:26:25Z;Chile;The Guardian;"Donald Trump; US news; Israel; Gaza; Palestine; Nobel peace prize; World news; US politics; US foreign policy; Hamas; Benjamin Netanyahu";Trump wants a Nobel peace prize. Here’s how he can earn one | Kenneth Roth;We must persuade Trump to do the right thing – securing peace in the Middle East – for the wrong reason;https://www.theguardian.com/commentisfree/2025/mar/26/trump-nobel-peace-prize-middle-east;Opinion
2025-03-26T14:39:59Z;Chile;The Guardian;"Bread; Baking; Food; Life and style; Sourdough; Diets and dieting";I found the world’s worst bread recipe – and I love it | Adrian Chiles;It tastes a bit weird, but it’s 288 times quicker to make than a loaf of sourdough;https://www.theguardian.com/commentisfree/2025/mar/26/i-found-the-worlds-worst-bread-recipe-and-i-love-it;Opinion
2025-03-26T11:18:42Z;Chile;The Guardian;"Art and design; Culture";Here Is a Gale Warning review – five tumultuous decades of catastrophic art;A flag hoisted in 1971 looms over a show that references to George Floyd, Inuit women and spear-bearing Amazons – to a droll soundtrack from Xena: Warrior Princess and Buffy the Vampire Slayer;https://www.theguardian.com/artanddesign/2025/mar/26/here-is-a-gale-warning-review-kettles-yard-cambridge-george-floyd-catastrophic;Art and design
2025-03-25T14:00:50Z;Chile;The Guardian;"Food; Wine; Spring food and drink";In the mood for spring: feel-good wines in sync with the season;Fresh, floral and frisky – these are bottles that are more about mood pairing than food pairing;https://www.theguardian.com/food/2025/mar/25/in-the-mood-for-spring-feel-good-wines-in-sync-with-the-season;Food
2025-03-25T01:51:22Z;Chile;The Guardian;"Signal group chat leak; Trump administration; US politics; US news; World news; Greenland; Donald Trump";National security council investigating after Trump officials accidentally text journalist top-secret Yemen war plans – as it happened;Members of the administration, including Pete Hegseth and JD Vance, were on group that inadvertently added Atlantic editor;https://www.theguardian.com/us-news/live/2025/mar/24/donald-trump-jd-vance-greenland-us-politics-latest-live-news;US news
2025-03-23T08:00:16Z;Chile;The Guardian;"Europe; European Union; US politics; Defence policy; Economics; Trump tariffs; Culture; Business; Politics; US news; UK news; World news; International trade; Donald Trump; Global economy; Nato; Russia; Ukraine; Israel; Tariffs";After America: can Europe learn to go it alone without the US?;In Germany, tariff-hit car factories are being repurposed for defence. In Britain, American academics are queueing up for jobs. The west will be different as a result of Trump – but will it be worse?;https://www.theguardian.com/world/2025/mar/23/after-america-can-europe-learn-to-go-it-alone-without-the-us;World news
2025-03-22T12:00:51Z;Chile;The Guardian;"Adolescence; Television; Television & radio; Culture; Violence against women and girls; Social media; Men; Sexual harassment; Drama; Stephen Graham; Ashley Walters";From the police to the prime minister: how Adolescence is making Britain face up to toxic masculinity;The Netflix drama isn’t just a critical smash – its tale of social media-fuelled violence to women by young boys has forced a national debate in the UK that might lead to genuine political change;https://www.theguardian.com/tv-and-radio/2025/mar/22/netflix-from-the-police-to-the-prime-minister-how-adolescence-is-making-britain-face-up-to-toxic-masculinity;Television & radio
2025-03-21T08:00:55Z;Chile;The Guardian;"USA; Panama; Football; Sport; US sports";Mauricio Pochettino’s US honeymoon is over, but it’s not time to panic;That the US was once again bested by Panama showed that this is still a flawed team with ample chance to improve;https://www.theguardian.com/football/2025/mar/21/usmnt-panama-mauricio-pochettino-nations-league;Football
2025-03-20T11:00:23Z;Chile;The Guardian;"Interiors; Life and style";Scatter cushions and bedspreads – can someone explain to me what they’re for? | Adrian Chiles;Every night I hurl them off the bed. Every morning they are replaced. Off, on, off, on, for ever. Serving no purpose whatsoever.;https://www.theguardian.com/lifeandstyle/commentisfree/2025/mar/20/scatter-cushions-and-bedspreads-can-someone-explain-to-me-what-theyre-for;Life and style
2025-03-19T10:00:54Z;Chile;The Guardian;"World Cup 2026 qualifiers; World Cup 2026; World Cup; Football; Sport";Road to the 2026 World Cup: how is it shaping up with 48 places at stake?;With more teams to qualify than ever we take a look at the situation in the six confederations, from Japan being close to securing their place to Brazil’s struggles;https://www.theguardian.com/football/2025/mar/19/road-to-the-2026-world-cup-how-is-it-shaping-up-with-48-places-at-stake;Football
2025-03-18T14:00:46Z;Chile;The Guardian;"Star Wars; Culture; Animation on TV; Television; Television & radio; George Lucas; Anime; Film; Science fiction and fantasy films";Star Wars: Visions – finally, a spin-off that lives up to the original;In a franchise filled with convoluted additions, this animated anthology feels closest to the pulpy wonder of George Lucas’s first films;https://www.theguardian.com/culture/2025/mar/18/star-wars-visions-animated-anthology-disney-plus;Culture
2025-03-13T11:00:06Z;Chile;The Guardian;"Indigenous peoples; Global development; Paraguay; Americas; Cattle; Farming";The end of the Ayoreo? The race to find proof of Paraguay’s uncontacted people;A vast ranch in the country’s Chaco region is quietly deforesting a huge swath of land. Indigenous people say this could be deadly for their isolated relatives but others say there is no evidence that anyone lives there;https://www.theguardian.com/global-development/2025/mar/13/the-end-of-the-ayoreo-the-race-to-find-proof-that-paraguays-uncontacted-people-exist;Global development
2025-03-13T11:00:04Z;Chile;The Guardian;"Life and style; London";Daybreak is a magical time in a big city, no matter how tired you are | Adrian Chiles;London, Manchester, Cardiff, Birmingham – I have favourite early-morning memories from each of them, writes Adrian Chiles;https://www.theguardian.com/commentisfree/2025/mar/13/daybreak-is-a-magical-time-in-a-big-city-no-matter-how-tired-you-are;Opinion
2025-03-12T17:06:31Z;Chile;The Guardian;"Sports injuries; Fitness; Life and style; Health; Society; Human biology";I twanged my achilles playing pickleball. Here’s what it taught me about tendons – and human nature | Adrian Chiles;You learn so much when you’re forced to clop around town in a great big boot, writes Adrian Chiles. And you make so many friends …;https://www.theguardian.com/commentisfree/2025/mar/12/i-twanged-my-achilles-playing-pickleball-heres-what-it-taught-me-about-tendons-and-human-nature;Opinion
2025-03-11T18:41:38Z;Chile;The Guardian;"Chile; Augusto Pinochet";Wendy Tyndale obituary;<strong>Other lives:</strong> Campaigner for human rights in Latin America who explored the role of religion in development;https://www.theguardian.com/world/2025/mar/11/wendy-tyndale-obituary;World news
2025-03-10T10:00:17Z;Chile;The Guardian;"Conservation; Chile; Environment; Biodiversity; Law; Plants; Americas; World news; Illegal wildlife trade; Wildlife";A cacti-smuggling case with a prickly end: the novel way courts are making poachers pay;Two Italian cacti smugglers have been fined for illegally trading plants from Chile – and for the cost of restoring the environment. Conservationists hope more cases will follow;https://www.theguardian.com/environment/2025/mar/10/cacti-smuggling-case-with-prickly-end-novel-way-legal-teams-are-making-poachers-pay-aoe;Environment
2025-03-08T02:48:50Z;Chile;The Guardian;"Infectious diseases; Gene Hackman; Health; Science; Society; Medical research; New Mexico; Film; US news; World news; Hantavirus";Hantavirus pulmonary syndrome: the infection that killed Betsy Arakawa, Gene Hackman’s wife;Virus that caused death of actor’s wife in Santa Fe is rare but serious illness that can damage major organs of the body;https://www.theguardian.com/us-news/2025/mar/07/hantavirus-gene-hackman-wife-death;Science
2025-03-06T11:00:03Z;Chile;The Guardian;"Ageing; Physiotherapists";The days crawl, the years race by: time is doing my head in | Adrian Chiles;At almost 58, I’m still getting to grips with this temporal nonsense;https://www.theguardian.com/commentisfree/2025/mar/06/the-days-crawl-the-years-race-by-time-is-doing-my-head-in;Opinion
2025-03-05T16:40:36Z;Chile;The Guardian;"Documentary; Documentary films; Radio 4; Podcasting; Television & radio; Gadgets";Remote controls, tumble dryers, documentaries … do we have to make everything so complicated? | Adrian Chiles;I’m not saying everything was better in the good old days – but a lot of things really don’t need the latest bells and whistles, writes Adrian Chiles;https://www.theguardian.com/commentisfree/2025/mar/05/remote-controls-tumble-dryers-documentaries-do-we-have-to-make-everything-so-complicated;Opinion
2025-03-04T09:00:42Z;Chile;The Guardian;"Chile; Astronomy; World news; Americas; Space; Science";Chile’s perfect skies for stargazing under threat from giant chemical plant ;Astronomers deeply concerned that darkest, clearest skies in world will be compromised by proposed facility nearby;https://www.theguardian.com/world/2025/mar/04/chile-stargazing-night-sky;World news
2025-03-03T23:32:42Z;Chile;The Guardian;"Health; Obesity; Health; Australia news; Food & drink industry";One in two Australian children will be obese or overweight by 2050 unless ‘action taken now’;Study predicts nation on course to have second-highest overweight and obesity rates in world but says urgent government reform could help avoid this;https://www.theguardian.com/australia-news/2025/mar/04/one-in-two-australian-children-will-be-obese-or-overweight-by-2050-unless-action-taken-now;Australia news
2025-03-03T03:49:31Z;Chile;The Guardian;"Australia; Australia sport; Sport; Football";Young Socceroos drive optimism in Australia after Asian Cup triumph | Joey Lynch;The prevailing narrative that the country’s youth are being left behind at the continental level was upended by Trevor Morgan’s fearless side in China;https://www.theguardian.com/football/blog/2025/mar/03/socceroos-u20-asian-cup-final-victory-chile-world-cup;Football
2025-03-02T07:00:04Z;Chile;The Guardian;"Environment; Technology; Research and development; Pollution; Science";Mine copper without destroying the planet? London-based project gives scientists hope;Experts hope research can create greener methods of extracting the metal vital for renewable energy revolution and boom in electrical devices;https://www.theguardian.com/global/2025/mar/02/copper-scientists-london-energy-electrical;Environment
2025-02-28T06:00:49Z;Chile;The Guardian;"Politics; The far right; Donald Trump; Benito Mussolini; Conservatives; Labour; UK news; US news; World news";The UK has a history of coddling authoritarian leaders – now it’s happening again | Andy Beckett;British politicians think they exercise a moderating force on strongmen. In practice, ‘diplomacy’ and ‘pragmatism’ only ease their path, says Guardian columnist Andy Beckett;https://www.theguardian.com/commentisfree/2025/feb/28/britain-politics-authoritarian-leaders-trump-mussolini;Opinion
2025-02-27T18:00:33Z;Chile;The Guardian;"England rugby union team; Rugby union; Sport";Marcus Smith can be better at full-back, says England coach Kevin Sinfield;England assistant coach Kevin Sinfield said Marcus Smith could become a better full-back than fly-half;https://www.theguardian.com/sport/2025/feb/27/marcus-smith-can-be-better-at-full-back-says-england-coach-kevin-sinfield;Sport
2025-02-26T15:29:36Z;Chile;The Guardian;"Gardens; Attention deficit hyperactivity disorder; Health & wellbeing; Gardening advice; Society; Life and style; Spring; Environment";What I have learned in my filthy, bloody, sisyphean quest to tame my garden | Adrian Chiles;It’s chaos as small jobs become big jobs, tools disappear and distractions lead to furious frustration, writes Adrian Chiles. Then you spot spring’s first flower ...;https://www.theguardian.com/commentisfree/2025/feb/26/what-i-have-learned-in-my-filthy-bloody-sisyphean-quest-to-tame-my-garden;Opinion
2025-02-26T09:09:29Z;Chile;The Guardian;"Photography; Climate crisis; Art and design; Culture; Environment; Exhibitions; Art; Museums";‘Human activity on a massive scale’: a photo exhibition tackles the climate crisis;Photographs from across the globe capture the impact of people on the climate – and of the climate on people;https://www.theguardian.com/artanddesign/2025/feb/26/second-nature-exhibition-anthropocene-photography;Art and design
2025-02-26T09:00:30Z;Chile;The Guardian;"Global development; Wildfires; Climate crisis; Environment; World news; Argentina; Americas; Indigenous peoples";‘The forests are going up in flames – so is the rule of law’: Argentina’s climate of fear;Wildfires are devastating Patagonia. In response, Argentinian authorities are removing environmental protections and raiding Indigenous communities;https://www.theguardian.com/global-development/2025/feb/26/forests-flames-argentina-wildfires-patagonia-;Global development
2025-02-25T14:00:13Z;Chile;The Guardian;"Food; Wine; French food and drink; Spanish food and drink";This must be the place: the rise of single-vineyard wines;The wine zeitgeist is that place is now more important than time, but labelling bottles as hyper local is not as trainspottery as it sounds;https://www.theguardian.com/food/2025/feb/25/this-must-be-the-place-the-rise-of-single-vineyard-wines;Food
2025-02-22T09:09:02Z;Chile;The Guardian;"Donald Trump; Culture; Trump administration; Adolf Hitler; Art; Art and design; Stage; Germany; Viktor Orbán; Hungary; Jair Bolsonaro; US politics; US news; World news";Culture wars: Trump’s takeover of arts is straight from the dictator playbook;US president’s attempt to control or dismantle cultural institutions plays into a long history of authoritarians using arts to push their agenda;https://www.theguardian.com/culture/2025/feb/22/trump-administration-arts;US news
2025-02-21T12:20:22Z;Chile;The Guardian;"Architecture; Art and design; Culture; Colombia; Regeneration; Communities; Americas";Organizmo! The Colombian architects overturning colonialist ‘sustainability’ ideas;A 30-acre construction lab is helping reshape Colombia’s architecture with ancestral knowledge and direct ecological action. We head inside their smoking doughnut;https://www.theguardian.com/artanddesign/2025/feb/21/organizmo-the-colombian-architects-overturning-colonialist-sustainability-ideas;Art and design
2025-02-20T13:00:08Z;Chile;The Guardian;"Games; Culture; Role playing games";Nature documentaries, pet lizards and spying on players: how Monster Hunter Wilds built a whole new world;The team behind Capcom’s hit series was known for its extensive grounding in real-world adventures. The latest chapter, developed during Covid, required a different kind of daring;https://www.theguardian.com/games/2025/feb/20/monster-hunter-wilds-capcom;Games
2025-02-20T06:00:31Z;Chile;The Guardian;"US foreign policy; Donald Trump; Trump administration; Ukraine; US news; World news";Let’s be clear – the US never had moral supremacy. With Trump, it’s not even pretending any more | Owen Jones;The president has replaced the ‘good guys’ myth with unapologetic brute force and greed – it could be a major mistake, says Guardian columnist Owen Jones;https://www.theguardian.com/commentisfree/2025/feb/20/us-moral-supremacy-donald-trump-president;Opinion
2025-02-19T17:16:09Z;Chile;The Guardian;"Pubs; Alcohol; Hospitality industry; Food & drink industry";My big ambition? To have a pint in each of Ireland’s 32 counties | Adrian Chiles;A former publican is on a mission to visit every boozer in the UK to boost the flagging industry. I suspect his true motivation is just to have fun, and there’s nothing wrong with that, writes Adrian Chiles;https://www.theguardian.com/commentisfree/2025/feb/19/my-big-ambition-to-have-a-pint-in-each-of-irelands-32-counties;Opinion
2025-02-19T16:52:53Z;Chile;The Guardian;"Technology; Google; Photography; Family; Parents and parenting; Apple; Alphabet; Life and style; iPhone; Smartphones; Google Street View; Mapping technologies";My dad died a year ago – and a photo of him on Google Street View brought me up short | Adrian Chiles;A friend sent me the image by surprise and I felt a lot of things very strongly: love, upset, amusement, pleasure and anger, writes Adrian Chiles;https://www.theguardian.com/commentisfree/2025/feb/19/dad-died-google-street-view-photo-image;Opinion
2025-02-19T10:30:06Z;Chile;The Guardian;"Trees and forests; Environment; Chile; Americas; World news; Plants; Extinct wildlife; Science";‘The last plant left’: can Rapa Nui’s extinct tree be resurrected?;Seeds from the last toromiro, unique to remote Easter Island, were taken away in the 1960s. Now, after a crucial discovery gave hope for its survival, it is making a return;https://www.theguardian.com/environment/2025/feb/19/rapa-nui-easter-island-science-extinct-endemic-tree-sophora-toromiro;Environment
2025-02-18T11:00:04Z;Chile;The Guardian;"Inter Miami; MLS; US sports; Football; Sport; Lionel Messi; Luis Suárez";For Inter Miami and Lionel Messi, a club-defining season awaits;Miami’s bid for domestic, continental, and global glory is over a decade in the making, but it must happen this year;https://www.theguardian.com/football/2025/feb/18/inter-miami-lionel-messi-mls;Football
2025-02-17T06:29:15Z;Chile;The Guardian;;Monday briefing: What you need to know about the underreported bird flu crisis;In today’s newsletter: Avian flu is hitting animals, sending food prices soaring and decimating farms – scientists are preparing for the worst-case scenario;https://www.theguardian.com/world/2025/feb/16/monday-briefing-whether-it-becomes-a-pandemic-or-not-the-bird-flu-crisis-warrants-attention;World news
2025-02-15T16:00:42Z;Chile;The Guardian;"George Orwell; Theatre; UK news; Donald Trump; Books; Whales; Fashion";Forget Stalin and Trotsky, Animal Farm is a play for our times. Pringles anyone? | Alison Phillips;George Orwell’s publishers thought his parable was too specific. They needn’t have worried, 80 years on it’s as salient as ever;https://www.theguardian.com/commentisfree/2025/feb/15/animal-farm-play-george-orwell;Opinion
2025-02-15T07:00:35Z;Chile;The Guardian;"Environment; Whales; Cetaceans; Chile; World news; Wildlife; Marine life; Americas";‘I closed my eyes to brace for impact’: the man who escaped a whale’s mouth;Adrián Simancas encountered a humpback off Chile’s coast – but scientists say he was never at risk of being swallowed;https://www.theguardian.com/environment/2025/feb/14/whale-chile-survivor-adrian-simancas;Environment
2025-02-14T12:00:11Z;Chile;The Guardian;"England rugby union team; Scotland rugby union team; Six Nations 2025; Six Nations; Sport; Rugby union";‘I’ve told Dad to be neutral’ – Fin Smith on split family Calcutta Cup loyalties;The fly-half starred in England’s Six Nations victory against France and is now set to face Scotland, the country of his father’s birth;https://www.theguardian.com/sport/2025/feb/14/rugby-union-fin-smith-england-scotland-calcutta-cup-family-loyalties;Sport
2025-02-13T15:07:35Z;Chile;The Guardian;"Music; Culture; Art; London; UK news";Dave Tomlin obituary;<strong>Other lives</strong>: Musician and colourful figure in the 1960s British counterculture;https://www.theguardian.com/theguardian/2025/feb/13/dave-tomlin-obituary;From the Guardian
2025-02-13T11:00:04Z;Chile;The Guardian;"Keir Starmer; Politics; Labour";Why did Keir Starmer have his voice ‘fixed’? He sounded much better before | Adrian Chiles;Seven or eight years ago, Starmer was as close as most politicians get to sounding natural and sincere. It’s a shame he messed with that, writes Adrian Chiles;https://www.theguardian.com/commentisfree/2025/feb/13/why-did-keir-starmer-have-his-voice-fixed-he-sounded-much-better-before;Opinion
2025-02-13T11:00:04Z;Chile;The Guardian;"Fiction; Books; Culture";A House for Miss Pauline by Diana McCaulay review – family secrets in Jamaica;This big-hearted tale sees a 99-year-old woman reckoning with the inheritance of the past;https://www.theguardian.com/books/2025/feb/13/a-house-for-miss-pauline-by-diana-mccaulay-review-family-secrets-in-jamaica;Books
2025-02-12T16:24:03Z;Chile;The Guardian;"Museums; Culture; History; Archaeology";At 57, I went to the British Museum for the first time – and it left me rather cold | Adrian Chiles;I found the history of the world there, told through the medium of pots. The orgy of earthenware was baffling, writes Adrian Chiles;https://www.theguardian.com/commentisfree/2025/feb/12/at-57-i-went-to-the-british-museum-for-the-first-time-and-it-left-me-rather-cold;Opinion
2025-02-12T05:00:18Z;Chile;The Guardian;"India; Adani Group; Pakistan; South and central Asia; World news; Narendra Modi";Tycoon profited after India relaxed border security rules for energy park;Exclusive: Military experts raise concerns over change to protocols on Pakistan border to allow project that was handed to billionaire Gautam Adani;https://www.theguardian.com/world/2025/feb/12/tycoon-profited-after-india-relaxed-border-security-rules-for-energy-park;World news
2025-02-09T11:00:48Z;Chile;The Guardian;"Pina Bausch; Dance; Stage; Sadler's Wells; Culture";‘People don’t want choreography – they want human beings’: Pina Bausch’s son on her legacy;Salomon Bausch, head of the foundation set up in his mother’s name, talks about the enduring, visceral appeal of the dance pioneer’s work and preserving the sense of potential in her work;https://www.theguardian.com/stage/2025/feb/09/people-dont-want-choreography-they-want-human-beings-pina-bauschs-son-on-her-legacy;Stage
2025-02-06T21:15:32Z;Chile;The Guardian;"Asteroids; European Space Agency; Nasa; Space; Science; World news";Asteroid’s chances of hitting Earth in 2032 just got higher – but don’t panic;Space rock now has 2.3% risk of collision – up from 1.3% in December – but danger is likely to fall with more data;https://www.theguardian.com/science/2025/feb/06/asteroid-impact-chances;Science
2025-02-06T11:00:47Z;Chile;The Guardian;"Restaurants; Food; Life and style";I have nothing but respect for waiters – except when they interrupt me | Adrian Chiles ;I’m an undemanding diner who just wants to be left in peace to tell my world-beating anecdotes. So please don’t ask if I’m enjoying my meal when I’m mid-flow, writes Adrian Chiles ;https://www.theguardian.com/commentisfree/2025/feb/06/i-have-nothing-but-respect-for-waiters-except-when-they-interrupt-me;Opinion
2025-02-05T15:16:13Z;Chile;The Guardian;"Robots; YouTube; Technology";Why am I so sad about seeing a robot get beaten up? | Adrian Chiles;I watched a video showing three men kick, hit, then topple the poor humanoid. All I wanted to do was take the poor thing by the hand and lead it to a better life, writes Adrian Chiles;https://www.theguardian.com/commentisfree/2025/feb/05/why-am-i-so-sad-about-seeing-a-robot-get-beaten-up;Opinion
2025-02-05T13:28:00Z;Chile;The Guardian;"Wildlife photographer of the year; Badgers; Natural History Museum; Photography; Wildlife; East Sussex; Environment; England; UK news; Art and design; Culture";Badger admiring art wins wildlife photographer of the year public vote;Ian Wood wins Natural History Museum’s people’s choice award with photo taken in St Leonards-on-Sea;https://www.theguardian.com/environment/2025/feb/05/badger-admiring-art-wildlife-photographer-of-the-year-peoples-choice-award;Environment
2025-02-04T12:00:04Z;Chile;The Guardian;"Global development; Peru; Mining; World news; Environment; Americas; El Niño southern oscillation; Pollution";‘The last drops of our water’: how a mine left some of Peru’s poorest high and dry ;Antamina, in the Andes, makes billions thanks to the green tech boom. But locals say they are being poisoned by arsenic, losing their water and sinking further into poverty;https://www.theguardian.com/global-development/2025/feb/04/the-last-drops-of-our-water-how-a-mine-left-some-of-perus-poorest-high-and-dry;Global development
2025-02-03T11:30:40Z;Chile;The Guardian;"Global development; Zambia; Fashion; Older people; Instagram; Life and style; World news; Society; Africa";‘Oh my God, this is what we needed’: the Zambia style granny who went viral;What started as a fun clothes swap with her granddaughter, has given Margret Chola, in her mid 80s, a whole new lease of life – and inspired a host of fashion fans;https://www.theguardian.com/global-development/2025/feb/03/zambia-style-granny-who-went-viral-margret-chola;Global development
2025-02-03T00:01:24Z;Chile;The Guardian;"Endangered species; Amphibians; Conservation; Zoos; Wildlife; Animals; London; Chile; Environment; Science; UK news; World news";Endangered frogs born at London zoo after rescue mission in Chile;Group of Darwin’s frogs threatened by chytrid fungus thrive in specially built room that mimics their natural habitat;https://www.theguardian.com/environment/2025/feb/03/darwins-frogs-endangered-species-born-london-zoo-chile;Environment
2025-02-01T08:00:36Z;Chile;The Guardian;"Football; Arsenal; Jeremy Corbyn; Politics; Sport";‘I don’t like corporate boxes’: Jeremy and Ben Corbyn on Arsenal, coaching and Starmer;The former Labour leader and his son tell Donald McRae how football changed their family, and discuss the pleasure and pain that comes from loving such a voraciously capitalist sport;https://www.theguardian.com/football/2025/feb/01/jeremy-corbyn-ben-corbyn-arsenal-coaching-keir-starmer;Football
2025-02-01T07:00:34Z;Chile;The Guardian;"Quiz and trivia games; Life and style";What links Lauryn Hill and Jon Bon Jovi? The Saturday quiz;From brazen bull and the Duke of Exeter’s daughter to the whirligig, test your knowledge with the Saturday quiz;https://www.theguardian.com/lifeandstyle/2025/feb/01/what-links-lauryn-hill-and-jon-bon-jovi-the-saturday-quiz;Life and style
2025-01-31T17:07:14Z;Chile;The Guardian;"World news; Israel; Gaza; Lebanon; Middle East and north Africa; Hamas; Palestine";Middle East crisis: Protests at Rafah crossing following Trump proposal to move people from Gaza to Egypt and Jordan – as it happened;Hundreds gather at Rafah crossing after Donald Trump says people from Gaza will accept being moved to Egypt and Jordan because ‘we do a lot for them’;https://www.theguardian.com/world/live/2025/jan/31/middle-east-crisis-live-israeli-hamas-gaza-lebanon-hebollah-latest-news-hostages-ceasefire;World news
2025-01-31T06:34:42Z;Chile;The Guardian;"Australian politics; Australia news; Anthony Albanese; Labor party; Peter Dutton; Coalition; Tax; Australian economy; Business; Health; Australian immigration and asylum; Australian foreign policy; Australian security and counter-terrorism; New South Wales; Queensland; Victoria";WA police officers found not to have performed duty ahead of Perth double murder – as it happened;This blog is now closed;https://www.theguardian.com/australia-news/live/2025/jan/31/australia-news-live-antisemitism-anthony-albanese-peter-dutton-dural-caravan-frydenberg-adam-bandt-greens-public-transport-ntwnfb;Australia news
2025-01-31T05:00:47Z;Chile;The Guardian;"International court of justice; International criminal justice; South Africa; Malaysia; Africa; Law (US); Law; World news; US politics; US news; Gaza; Ukraine; Israel-Gaza war; Israel; Civil liberties - international; Russia; Vladimir Putin; Mongolia; Europe; Palestine; Middle East and north Africa";South Africa and Malaysia to launch campaign to protect international justice;Formation of Hague Group comes amid challenges to ICJ and ICC rulings;https://www.theguardian.com/law/2025/jan/31/south-africa-and-malaysia-to-launch-campaign-to-protect-justice;Law
2025-01-30T14:26:13Z;Chile;The Guardian;"Asteroids; Science; Space; Astronomy; Nasa; UK news";Asteroid triggers global defence plan amid chance of collision with Earth in 2032;Hundred-metre wide asteroid rises to top of impact risk lists after being spotted in December by automated telescope;https://www.theguardian.com/science/2025/jan/30/asteroid-spotted-chance-colliding-with-earth-2032;Science
2025-01-30T11:00:35Z;Chile;The Guardian;"Dogs; Work & careers; Pets; Life and style; Guardian Careers";Why do so many people dream of being dog groomers? Haven’t they seen the toll it can take? | Adrian Chiles;Hour after hour of washing, trimming and blow-drying unwilling pups is not my idea of fun – or my dog’s, says Adrian Chiles;https://www.theguardian.com/commentisfree/2025/jan/30/why-do-so-many-people-dream-of-being-dog-groomers-havent-they-seen-the-toll-it-can-take;Opinion
2025-01-30T10:00:33Z;Chile;The Guardian;"Trump administration; Global development; USAID; Aid; Donald Trump; Colombia; Venezuela; US politics; US news; Americas; World news";Trump’s aid freeze will drive migration from Latin America, experts warn;Abrupt decision to pause all foreign aid could exacerbate violence in region already struggling with organized crime;https://www.theguardian.com/us-news/2025/jan/30/trump-aid-freeze-latin-america;US news
2025-01-29T14:51:49Z;Chile;The Guardian;"Sewing; Men's fashion; Fashion; Life and style; Men's coats and jackets; Craft";I have lost all faith in zips | Adrian Chiles;The only thing worse than spending a fortune on a coat you don’t really need is spending a fortune on a coat you don’t really need, then damaging it, then discovering that no one wants to fix it, says Adrian Chiles;https://www.theguardian.com/commentisfree/2025/jan/29/i-have-lost-all-faith-in-zips;Opinion
2025-01-26T09:00:46Z;Chile;The Guardian;"Science; Cancer; Health; Obesity; Breast cancer; Ultra-processed foods; Skin cancer";Ultra-processed food? Forever chemicals? Declining birth rates? What’s behind rising cancer in the under-50s?;Research into the disease has never been more far-reaching, but there is little consensus as to what is causing the rocketing rates of diagnosis in young adults;https://www.theguardian.com/science/2025/jan/26/ultra-processed-food-forever-chemicals-declining-birth-rates-whats-behind-rising-cancer-in-the-under-50s;Science
2025-01-23T11:00:40Z;Chile;The Guardian;"Fiction in translation; Books; Fiction; Culture";My Tender Matador by Pedro Lemebel review – queer love in Pinochet’s Chile;The romance between a former sex worker and a young revolutionary is explored in this novel of transformation and resilience;https://www.theguardian.com/books/2025/jan/23/my-tender-matador-by-pedro-lemebel-review-queer-love-in-pinochets-chile;Books
2025-01-23T05:00:35Z;Chile;The Guardian;"Nigeria; Football; Premier League; London; Migration; Africa; Africa Cup of Nations; World Cup; European Championship";Innit innit boys and Super Eagles: how Nigerian Londoners found their identity through football;For the children of the Nigerian diaspora, displaced by war and split between two worlds, footballers from John Fashanu to Jay-Jay Okocha were a first glimpse of themselves in Britain’s mainstream;https://www.theguardian.com/news/2025/jan/23/innit-innit-boys-and-super-eagles-how-nigerian-londoners-found-their-identity-through-football;News
2025-01-19T08:00:02Z;Chile;The Guardian;"Foreign policy; Donald Trump; Elon Musk; Cold war; US news; World news";Despite the eulogies, the postwar order did little for peace – and fuelled the rise of populism | Kenan Malik;Don’t rush to mourn the end of a liberal international order that too often put order before liberalism;https://www.theguardian.com/commentisfree/2025/jan/19/postwar-liberal-order-populism-rise;Opinion
2025-01-19T07:00:47Z;Chile;The Guardian;"Autobiography and memoir; Pope Francis; Religion; Books; Culture; Catholicism; Christianity; Religion; The papacy";Hope: The Autobiography by Pope Francis review – the gospel according to…;The first ever memoir by a living pope reveals a warm, emotionally intelligent man who loves football and ‘cutting-edge’ cinema – but skates over the more controversial parts of his career;https://www.theguardian.com/books/2025/jan/19/hope-the-autobiography-by-pope-francis-review-the-gospel-according-to;Books
2025-01-18T18:00:31Z;Chile;The Guardian;"England rugby union team; Rugby union; Six Nations; Steve Borthwick; Ireland rugby union team; Sport";All change for England: Borthwick plots full-back role for talisman Marcus Smith;Under-pressure head coach is pondering big changes for the Six Nations campaign after a disappointing autumn ;https://www.theguardian.com/sport/2025/jan/18/england-steve-borthwick-marcus-smith-rugby-union-six-nations;Sport
2025-01-17T11:56:53Z;Chile;The Guardian;US news;Israeli security cabinet meets to vote on ceasefire deal | First Thing;Benjamin Netanyahu’s office has said the release of hostages will begin on Sunday if the deal passes. Plus, test flight by Elon Musk’s SpaceX ends in failure;https://www.theguardian.com/us-news/2025/jan/17/first-thing-israeli-security-cabinet-meets-gaza-ceasefire-deal-vote;US news
2025-01-17T10:00:26Z;Chile;The Guardian;"Life and style; Pokémon; Games";Experience: I’m a world champion Pokémon player;Chile’s president invited me to the palace and asked to see some of my cards;https://www.theguardian.com/lifeandstyle/2025/jan/17/experience-im-a-world-champion-pokemon-player;Life and style
2025-01-16T11:00:50Z;Chile;The Guardian;"Public services policy; Society";This year, I want to say thank you more. Here’s why you should try it too | Adrian Chiles;It’s easy to moan when the internet goes down or potholes blight our roads. But how about a bit of praise for the people whose job it is to fix stuff instead, writes Adrian Chiles;https://www.theguardian.com/commentisfree/2025/jan/16/this-year-i-want-to-say-thank-you-more-heres-why-you-should-try-it-too;Opinion
2025-01-16T10:00:06Z;Chile;The Guardian;"Iceland; Women; Swimming; Walking; Reykjavik holidays";‘Women are the best to women’: has Iceland found the antidote to toxic ‘girlboss’ feminism?;Fifty years ago, Icelandic women went on strike, kickstarting a gender revolution. Today, the concept of ‘konur eru konum bestar’ is everywhere – including the female-led coalition government<strong><br></strong>;https://www.theguardian.com/world/2025/jan/16/women-are-the-best-to-women-has-iceland-found-the-antidote-to-toxic-girlboss-feminism;World news
2025-01-15T17:22:49Z;Chile;The Guardian;"Computing; Technology";For the first time in 35 years, I’m having to use a pen and paper. Help! | Adrian Chiles;To think, until nearly the end of the last century, everyone had to write like this, says Adrian Chiles;https://www.theguardian.com/commentisfree/2025/jan/15/for-the-first-time-in-35-years-use-a-pen-and-paper;Opinion
2025-01-15T09:00:14Z;Chile;The Guardian;"Bird flu; Environment; Infectious diseases; Society; Health; Zoology; World news";Age of the panzootic: scientists warn of more devastating diseases jumping between species;Experts believe H5N1 bird flu belongs in a growing category of infectious diseases that can cause pandemics across many species. But there are ways to reduce the risks;https://www.theguardian.com/environment/2025/jan/15/age-of-the-panzootic-scientists-warn-of-more-devastating-diseases-jumping-between-species-aoe;Environment
2025-01-14T08:00:06Z;Chile;The Guardian;"Food; Mexican food and drink; Brunch; Breakfast; Bread; Vegetables; Eggs";Thomasina Miers’ recipes for chilaquiles with smoky tomatillo salsa and black beans, and pink grapefruit mocktail;Crunchy tortillas, beans, salsa and creamy avocado – this seriously good brunch bowl has it all;https://www.theguardian.com/food/2025/jan/14/chilaquiles-with-tomatillo-salsa-and-black-beans-and-pink-grapefruit-mocktail-recipes-thomasina-miers;Food
2025-01-14T00:01:42Z;Chile;The Guardian;"Books; Pope Francis; Autobiography and memoir; Religion; Biography books; Culture; The papacy; Catholicism";Hope by Pope Francis review – the first memoir by a sitting pontiff;A historic papal autobiography offers unique insights into the challenges faced by the leader of the Catholic church, but skates over scandals;https://www.theguardian.com/books/2025/jan/14/hope-by-pope-francis-review-the-first-memoir-by-a-living-pontiff;Books
2025-01-12T16:44:53Z;Chile;The Guardian;"Australian Open 2025; Australian Open; Australia sport; Sport; Tennis";Trailblazing Habib makes uplifting history for Lebanon at Australian Open | Tumaini Carayol;The first Lebanese match-winner at a grand slam has offered unlikely inspiration for his war-torn country;https://www.theguardian.com/sport/2025/jan/12/hady-habib--history-lebanon-australian-open-tennis;Sport
2025-01-12T14:00:37Z;Chile;The Guardian;"Travel; Children and teenagers; Picture books; Books; Australian books; Culture; Australian lifestyle; Life and style";Away with Alison Lester: ‘I always ask a flight attendant if I can shift and sometimes they let me’;In Guardian Australia’s weekly series about travel, the children’s book author reveals her canniest long-haul flight hack and the holiday meals she’d rather forget;https://www.theguardian.com/travel/2025/jan/13/away-with-author-alison-lester-travel-holidays;Travel
2025-01-11T13:43:36Z;Chile;The Guardian;"California wildfires; US news; California; Climate crisis; Environment; West Coast; World news; Wildfires";We built our world with fire. Now heat is destroying our lives | John Vaillant;We fell in love with the power and speed that fossil fuels brought us. But the price being paid in California, and around the world, has become too high;https://www.theguardian.com/us-news/2025/jan/11/we-built-our-world-with-fire-now-heat-destroying-our-lives;US news
2025-01-09T17:12:12Z;Chile;The Guardian;"Business; FTSE; Stock markets; Bonds";Bond market turmoil eases as Treasury minister says ‘no need’ for government intervention – as it happened;Lib Dems say chancellor should stay and make emergency fiscal statement and also cancel planned national insurance hike;https://www.theguardian.com/business/live/2025/jan/09/pound-sterling-low-uk-bond-sell-off-rachel-reeves-business-live-news;Business
2025-01-09T11:00:01Z;Chile;The Guardian;"Communities; Ageing; Society";I can’t get this poor old man and his trolley out of my mind  | Adrian Chiles;He wouldn’t sit down, wouldn’t get off, couldn’t or wouldn’t tell us what he wanted. What could we do?;https://www.theguardian.com/commentisfree/2025/jan/09/i-cant-forget-the-confused-old-man-on-the-bus-the-other-day;Opinion
2025-01-08T16:04:26Z;Chile;The Guardian;"Time management; Happiness; Life and style";Many wise people have told me how to live a better life. Obviously I didn’t pay attention | Adrian Chiles;Grandad, Alan Sugar, a man I met in the pub: I’ve ignored them all. No wonder I don’t have any advice of my own to pass on, writes Adrian Chiles;https://www.theguardian.com/commentisfree/2025/jan/08/many-wise-people-have-told-me-how-to-live-a-better-life-obviously-i-didnt-pay-attention;Opinion
2025-01-08T03:16:39Z;Chile;The Guardian;"Pacific islands; Earthquakes; World news";What is the ring of fire – explained in 30 seconds;Also known as the Circum-Pacific Belt, the ring is home to 75% of the world’s active volcanoes and 90% of its earthquakes;https://www.theguardian.com/world/2025/jan/08/what-is-the-ring-of-fire-explained-in-30-seconds;World news
2025-01-03T17:02:55Z;Chile;The Guardian;"New Orleans truck attack; US news; FBI; Donald Trump; Joe Biden; US military";"Law enforcement concerned about copycat vehicle-ramming attacks; Biden to visit New Orleans next week – as it happened";President and first lady to travel to New Orleans on Monday;https://www.theguardian.com/us-news/live/2025/jan/03/new-orleans-truck-attack-latest-updates;US news
2025-01-01T12:55:21Z;Chile;The Guardian;"Women's football; Sport; Football";Moving the Goalposts | From the Euros to Canada’s new league: women’s football in 2025;The controversially postponed Wafcon will finally take place and Brazil will hope to cling on to the Copa América title;https://www.theguardian.com/football/2025/jan/01/from-the-euros-to-canadas-new-league-womens-football-in-2025;Football
2025-01-01T12:00:13Z;Chile;The Guardian;"Food; Cheese; Snacks; American food and drink";How to make the perfect chilli con queso – recipe | Felicity Cloake's How to make the perfect …;This comforting ‘cheese soup’ is a classic dish served with tortillas and adored by Texans. But how to get the texture and flavour spot on?;https://www.theguardian.com/food/2025/jan/01/how-to-make-the-perfect-chilli-con-queso-recipe-felicity-cloake;Food
2025-01-01T06:23:54Z;Chile;The Guardian;"World news; UK news";New Year’s Eve: ball drops in New York’s Times Square as celebrations take place across the globe – as it happened;This live coverage has ended now, thanks for following along.;https://www.theguardian.com/world/live/2024/dec/31/new-years-eve-celebrations-2024-2025-live;World news
2025-01-01T00:16:19Z;Chile;The Guardian;"Sport; Football; Cricket; Rugby union; Athletics; Formula One; Golf; Horse racing; Cycling; Rugby league; Motor sport; Women's football";25 for 2025: unmissable sporting events over the next 12 months;This year features two Ashes series, a Lions tour to Australia and Women’s Euro 2025;https://www.theguardian.com/sport/2025/jan/01/25-for-2025-unmissable-sporting-events-over-the-next-12-months;Sport
2024-12-30T09:00:32Z;Chile;The Guardian;"Paris Olympic Games 2024; Olympic Games; Sport; Gymnastics; Simone Biles";Simone Biles, Jordan Chiles and Rebeca Andrade summed up the incredible spirit of the Olympics. Now, it’s been tainted;Arguments still rage about the decision to strip gymnast Chiles of her bronze medal. But one thing is clear: the Games’ organisers failed to live up to the event’s values;https://www.theguardian.com/lifeandstyle/2024/dec/30/simone-biles-jordan-chiles-and-rebeca-andrade-summed-up-the-incredible-spirit-of-the-olympics-now-its-been-tainted;Life and style
2024-12-29T08:30:02Z;Chile;The Guardian;"Magdeburg Christmas market attack; Social exclusion; Society; Islam; Race & religion; Germany; World news; Islamophobia; Religion; Race; Europe";Was the Magdeburg market attack the inevitable product of an anti-politics age? | Kenan Malik;Lack of faith in political leaders is leading the socially disaffected to be seduced by violence;https://www.theguardian.com/commentisfree/2024/dec/29/magdeburg-market-attack-product-anti-politics;Opinion
2024-12-21T08:00:12Z;Chile;The Guardian;"Homes; Christmas; John Humphrys; Life and style; Family; BBC; Media";I bought a farm, hated the cows, and sold it. Then somehow, I bought another | John Humphrys;As a foreign correspondent, home was never a fixed location. I’ve finally learned it’s about who you share it with, writes the Classic FM presenter and former BBC journalist John Humphrys;https://www.theguardian.com/commentisfree/2024/dec/21/farm-bought-sold-home-new-york;Opinion
2024-12-20T12:00:48Z;Chile;The Guardian;"Climate crisis; Jeremy Corbyn; Environment; Politics; Labour; UK news";The facts about a planet facing climate disaster are clear. Why won’t this Labour government face them? | Jeremy Corbyn;Labour seems gripped by a form of denialism. The danger is real and incremental change won’t avert it, says Jeremy Corbyn, independent MP for Islington North;https://www.theguardian.com/commentisfree/2024/dec/20/planet-climate-disaster-labour-government;Opinion
2024-12-18T16:00:03Z;Chile;The Guardian;"Infectious diseases; Medical research; Anthropology; Science; Americas; World news; Europe; Microbiology; Biology; Evolution; Epidemics";Ancient bones shed new light on debate over origins of syphilis;Study finds 9,000-year-old remains in Americas hold genomes of bacteria family that causes disease;https://www.theguardian.com/science/2024/dec/18/ancient-bones-debate-origins-of-syphilis-americas-europe;Science
2024-12-18T13:54:57Z;Chile;The Guardian;"Plastics; Food; Environment; Homes; Life and style; Pollution; Consumer affairs; Supermarkets; Food & drink industry; Retail industry";Dear Santa, please bring back the plastic lids on yoghurt pots | Adrian Chiles;Gone are the pleasures of licking the foil cover on yoghurts and soft cheese. Plus no one consulted me about this dismal change to my home routines, writes Adrian Chiles;https://www.theguardian.com/commentisfree/2024/dec/18/dear-santa-please-bring-back-the-plastic-lids-on-yoghurt-pots;Opinion
2024-12-18T10:00:39Z;Chile;The Guardian;"Music; Experimental music; Classical music; Jazz; Electronic music; Culture";The 10 best contemporary albums of 2024;Astrid Sonne’s sonic odyssey led her to Auto-Tune experiments, Caroline Shaw took Emily Dickinson into junkyard hip-hop and Nala Sinephro went space-age;https://www.theguardian.com/music/2024/dec/18/10-best-contemporary-albums-of-2024;Music
2024-12-11T23:30:01Z;Chile;The Guardian;"Bowel cancer; Cancer research; Cancer; Health; Society; World news; England; Medical research; Science; UK news";Bowel cancer rising among under-50s worldwide, research finds;Study suggests rate of disease among young adults is rising for first time and England has one of the fastest increases;https://www.theguardian.com/society/2024/dec/11/bowel-cancer-rising-under-50s-worldwide-research;Society
2024-12-09T17:00:17Z;Chile;The Guardian;"Well actually; Christmas; Thanksgiving; Family; Life and style; Food; Turkey (popular Christmas and Thanksgiving dish); Film; The Shining; Lego; Books; Children; Culture; Society; Toys; US news";The Shining, burritos and $5 gifts: readers’ unusual holiday traditions;Their answers are a reminder that the holidays can be whatever you want them to be;https://www.theguardian.com/wellness/2024/dec/09/unusual-holiday-traditions;Wellness
2024-12-06T15:51:35Z;Chile;The Guardian;"Ireland; Europe; World news; Gender";Irish parliament has worst gender diversity in western Europe, study finds;Out of 174 seats in the November election, 44 went to women in a representation of slightly more than 25%;https://www.theguardian.com/world/2024/dec/06/irish-parliament-has-worst-gender-diversity-in-western-europe-study-finds;World news
2024-12-06T03:13:25Z;Chile;The Guardian;"Donald Trump; US news; World news; US politics; Trump administration; Republicans; US immigration; AI (artificial intelligence); Cryptocurrencies";Trump picks venture capitalist David Sacks as AI and crypto ‘czar’;Top donor with links to Musk to offer leadership on ‘two areas critical to the future of American competitiveness’;https://www.theguardian.com/us-news/2024/dec/05/trump-david-sacks-ai-crypto;US news
2024-12-04T01:59:20Z;Chile;The Guardian;"Donald Trump; Joe Biden; US news; World news; Hunter Biden; US Capitol attack; US politics; Democrats; Republicans; US Congress";"Trump team signs agreement on background checks for nominees; lawyers push for hush-money case dismissal – as it happened";"Statement does not make clear whether Trump has given up on private background checks; request comes after judge delayed sentencing indefinitely";https://www.theguardian.com/us-news/live/2024/dec/03/white-house-joe-biden-hunter-pardon-donald-trump-jan-6-rioters-clemency-us-politics-latest-updates;US news
2024-12-03T12:00:50Z;Chile;The Guardian;"Mexico; Americas; US immigration; World news; US news; Global development";Trump threat and mounting dangers in Mexico drive migrant rush towards US;People waiting in Tapachula by Guatemala border fear Trump’s election could worsen crisis and spur northward flight;https://www.theguardian.com/global-development/2024/dec/03/trump-mexico-migrants-border-closure;Global development
2024-12-02T12:00:24Z;Chile;The Guardian;"Football; Sport; Women's football";How the Guardian ranked the 100 best female footballers in the world 2024;Leading coaches, former players and journalists from the women’s game are among the 99 judges for this year’s list;https://www.theguardian.com/football/2024/dec/02/how-the-guardian-ranked-the-100-best-female-footballers-in-the-world-2024;Football
2024-12-01T10:27:02Z;Chile;The Guardian;"Russia; Ukraine; Europe; World news";Russia-Ukraine war: EU’s new foreign policy chief visits Kyiv after overnight strikes – as it happened;Kaja Kallas’s visit comes on her first day in office with the new head of the European council, António Costa, also making the trip to Ukraine;https://www.theguardian.com/world/live/2024/dec/01/russia-ukraine-war-live-kaja-kallas-antonio-costa-eu-chiefs-kyiv-visit;World news
2024-12-01T02:34:12Z;Chile;The Guardian;"Ukraine; Russia; Europe; World news";Ukraine war briefing: Russian missile strike kills at least four in central town;Rescue operation under way, Zelenskyy says, after more than a dozen also wounded in Dnipropetrovsk region. What we know on day 1,012;https://www.theguardian.com/world/2024/dec/01/ukraine-war-briefing-russian-missile-strike-kills-at-least-four-in-central-town;World news
2024-11-30T15:44:30Z;Chile;The Guardian;"Ukraine; Russia; Europe; North Korea; Volodymyr Zelenskyy; Vladimir Putin; Nato; World news";Zelenskyy comments about Russian-held territory ‘a major concession’, says ex-UK ambassador – as it happened;Former UK ambassador to Russia says Zelenskyy playing ‘sophisticated game’ in calling for Kyiv-controlled territories to come under Nato umbrella;https://www.theguardian.com/world/live/2024/nov/30/russia-ukraine-war-zelenskyy-nato-peace-putin-latest-news;World news
2024-11-27T16:47:45Z;Chile;The Guardian;"Road transport; Road safety; Transport; UK news";I called that mysterious motorway helpline – and almost lost the will to live | Adrian Chiles;Going down a private equity rabbit hole was the last thing I thought I’d encounter when I finally dialled the number, writes Adrian Chiles;https://www.theguardian.com/commentisfree/2024/nov/27/years-of-curiosity-caught-up-with-me-and-i-called-that-mysterious-motorway-helpline;Opinion
2024-11-24T00:29:27Z;Chile;The Guardian;"Cop29; Climate aid; Climate finance; Climate crisis; Azerbaijan; Environment; World news";Cop29: Climate finance deal agreed but talks remain deeply divided – as it happened;The deal was met with long applause, cheering, whistling and embraces but few are happy with it;https://www.theguardian.com/environment/live/2024/nov/23/cop29-talks-go-into-overtime-as-countries-wrangle-over-finance-deal-live-coverage;Environment
2024-11-22T16:47:57Z;Chile;The Guardian;"Haiti; France; Emmanuel Macron; Americas; Europe; World news";Haiti summons French ambassador after Macron called its leaders ‘morons’;Government protests ‘unfriendly and inappropriate’ comments by French president caught on camera;https://www.theguardian.com/world/2024/nov/22/haiti-macron-morons;World news
2024-11-22T11:00:11Z;Chile;The Guardian;"Protest; US news; Occupy Wall Street; Occupy movement; Dakota Access pipeline; US campus protests; Society; Women; Civil rights movement; Donald Trump";Many protest movements of the past decade have backfired. What would it take for one to succeed under Trump?;Some features of mass protests in the 2010s also held them back – but years of study have made journalist Vincent Bevins believe solidarity and structure can effect change;https://www.theguardian.com/world/2024/nov/22/protest-movements-success-womens-march;World news
2024-11-21T14:45:26Z;Chile;The Guardian;"Astronomy; Space; Science; World news";First close-up image of a star outside Milky Way shows supergiant in ‘cocoon’;Astrophysicists say material may suggest star is dying and that ejection of matter signals coming supernova;https://www.theguardian.com/science/2024/nov/21/first-close-up-image-of-a-star-outside-milky-way-shows-supergiant-in-cocoon;Science
2024-11-21T12:31:20Z;Chile;The Guardian;"Ukraine; Russia; Europe; Volodymyr Zelenskyy; Vladimir Putin; World news";Russia-Ukraine war: Doubts cast over Kyiv claim that Russia launched intercontinental ballistic missile – as it happened;UK intelligence services say they are ‘urgently’ looking into Ukraine’s claim, which has been reportedly denied by a Western official;https://www.theguardian.com/world/live/2024/nov/21/russia-ukraine-war-live-storm-shadow-missiles-kyiv-putin-zelenskyy;World news
2024-11-21T11:00:45Z;Chile;The Guardian;"Life and style; Sleep";Do you want to hear about my dreams? No, I didn’t think so | Adrian Chiles;There are some conversational subjects that are guaranteed to get listeners yawning. And I’ve tried them all, writes Adrian Chiles;https://www.theguardian.com/commentisfree/2024/nov/21/do-you-want-to-hear-about-my-dreams-no-i-didnt-think-so;Opinion
2024-11-21T11:00:45Z;Chile;The Guardian;"Chile; Americas; World news"; ‘A story written in blood’: hopes for justice fade for victims of Chile’s police brutality;Five years after mass protest movement,<strong> </strong>thousands of victims are trapped between hopelessness and impunity;https://www.theguardian.com/world/2024/nov/21/chile-police-brutality-mass-protest-movement-anniversary;World news
2024-11-20T21:06:48Z;Chile;The Guardian;"Ukraine; Russia; Europe; Vladimir Putin; Volodymyr Zelenskyy; World news";Zelenskyy welcomes US decision to give landmines to Ukraine amid criticism from aid groups – Russia-Ukraine war as it happened;"Ukrainian president hails mines as important part of arsenal in statement; aid groups condemn ‘unethical’ decision, saying mines risk harming civilians";https://www.theguardian.com/world/live/2024/nov/20/russia-ukraine-war-live-biden-us-weapons-missiles-putin-nuclear;World news
2024-11-20T15:57:38Z;Chile;The Guardian;"Pubs; Alcohol; Culture; Society; Coronavirus";We’ve lost 20,000 pubs in the last 40 years. That sends a chill down my spine | Adrian Chiles;I don’t spend every night in my local. But even when I’m home, the knowledge that it exists makes life better, writes Adrian Chiles;https://www.theguardian.com/commentisfree/2024/nov/20/lost-20000-pubs-since-i-started-drinking-sends-chill-down-my-spine;Opinion
2024-11-19T18:01:59Z;Chile;The Guardian;"Politics; UK news; Labour; Keir Starmer; Farming; Protest; Environment; Inheritance tax; Tax; Greenpeace; Jeremy Clarkson; Rachel Reeves; Scotland; Scottish politics; Fuel poverty; Anas Sarwar; Assisted dying; Steve Reed; Just Stop Oil; Green economy; Poverty; Russia; Welfare; Benefits; Kemi Badenoch; Ed Davey";Starmer says most farmers won’t be affected by inheritance tax change as Clarkson tells rally it’s a ‘hammer blow’ – as it happened;Jeremy Clarkson tells Westminster protest that government should admit plans weren’t ‘thought out and are a mistake’;https://www.theguardian.com/politics/live/2024/nov/19/farmer-protest-london-inheritance-tax-uk-politics-live-news-updates;Politics
2024-11-19T14:00:08Z;Chile;The Guardian;"Christmas food and drink; Wine; Food; Christmas";The 20 best Christmas wines for 2024;Spicy Rhônes for the roast, aromatic riesling for the leftovers, and excellent value fizzes to bring in the new year;https://www.theguardian.com/food/2024/nov/19/the-20-best-christmas-wines-for-2024;Food
2024-11-15T14:00:10Z;Chile;The Guardian;"Wine; French food and drink; Food; British food and drink; South African food and drink; Australian food and drink";There’s more to chardonnay than Bridget Jones | Wine;Have you tried chardonnay lately? You’ll find it crisper and lower in alcohol than it was in its 90s pomp;https://www.theguardian.com/food/2024/nov/15/theres-more-to-chardonnay-than-bridget-jones;Food
2024-11-13T17:52:00Z;Chile;The Guardian;"Cop29; Climate finance; Climate aid; Climate crisis; Azerbaijan; World news; Environment";"Cop 29: Argentina’s negotiators ordered to withdraw from climate summit; French minister cancels trip – as it happened";France’s ecology minister cancels after Azerbaijan’s president attacks French actions in overseas territories;https://www.theguardian.com/environment/live/2024/nov/13/cop-29-leaders-speak-after-report-finds-climate-pledges-not-kept-live-updates;Environment
2024-11-13T16:21:01Z;Chile;The Guardian;"Television & radio; Sleep";Inside I am smiling. So why do I always look so miserable? | Adrian Chiles;I have a chronic case of resting not-happy face. But everything I try just makes it worse, says Adrian Chiles;https://www.theguardian.com/commentisfree/2024/nov/13/inside-i-am-smiling-so-why-do-i-always-look-so-miserable;Opinion
2024-11-10T06:00:10Z;Chile;The Guardian;"Foraging; Wine; Food; Life and style";Wines to match autumn’s earthy forest foods;Whether you’re foraging chestnuts, mushrooms or truffles, there is a perfect wine accompaniment;https://www.theguardian.com/lifeandstyle/2024/nov/10/wines-to-match-autumns-earthy-forest-foods;Life and style
2024-11-07T19:59:26Z;Chile;The Guardian;"Israel; Gaza; Lebanon; Israel-Gaza war; Iran; Palestine; Middle East and north Africa; Donald Trump; Benjamin Netanyahu; World news";"Middle East crisis live: Israeli airstrike kills 12 in Gaza City school; Ireland joins genocide case against Israel – as it happened";"12 Palestinians killed in attack on al-Shati refugee camp; Irish foreign minister says country will join South Africa’s case in the international court of justice";https://www.theguardian.com/world/live/2024/nov/07/middle-east-israel-netanyahu-gaza-lebanon-hamas-hezbollah;World news
2024-11-07T11:00:12Z;Chile;The Guardian;"Books; Reader's Digest";A good book, peace and quiet and somewhere to sit: who could ask for more? | Adrian Chiles;When nature calls, so does the world of literature;https://www.theguardian.com/books/commentisfree/2024/nov/07/a-good-book-peace-and-quiet-and-somewhere-to-sit-who-could-ask-for-more;Books
2024-11-07T10:25:00Z;Chile;The Guardian;"Particle physics; Physics; Physics; Science; Education; Cern; Large Hadron Collider";Ian Shipsey obituary;Physicist whose silicon devices helped to unlock the secrets of the earliest fractions of a second of our universe;https://www.theguardian.com/science/2024/nov/06/ian-shipsey-obituary;Science
2024-11-06T15:22:02Z;Chile;The Guardian;"Television & radio; Television; Culture; BBC; TV streaming";Ancient gameshows, long-dead stars, Gregg Wallace … I’m fascinated by Mum’s taste in TV | Adrian Chiles;I’ve pleaded with her to use streaming services, to no avail. If the BBC is showing a 1974 episode of Call My Bluff, that’s what we’re watching, writes Adrian Chiles;https://www.theguardian.com/commentisfree/2024/nov/06/ancient-gameshows-dead-stars-gregg-wallace-mum-tv;Opinion
2024-11-06T15:21:50Z;Chile;The Guardian;"Film; AI (artificial intelligence); Culture; Technology; Film industry; Digital art; Art and design; Art; Animation in film; Games";‘I’m going to sue the living pants off them’: AI’s big legal showdown – and what it means for Dr Strange’s hair;AI has given us the pope in a puffer, but it is also predicted to wipe out 200,000 entertainment jobs. We report from a crucial event in Portugal, full of angry artists, digital miracles – and a surprising amount of optimism;https://www.theguardian.com/film/2024/nov/06/ai-evangelists-pope-dr-strange-portugal-legal-showdown;Film
2024-11-05T18:38:07Z;Chile;The Guardian;"Kemi Badenoch; Politics; Autumn budget 2024; Budget; Keir Starmer; Conservatives; Labour; Money; Office for Budget Responsibility; Tax and spending; NHS; Brexit; Economics; UK news";The Guardian view on Badenoch v Starmer: tussling over a shift to bigger government | Editorial;<strong>Editorial:</strong> This parliament’s real battle won’t be cultural, it will be over the size of the state;https://www.theguardian.com/commentisfree/2024/nov/05/the-guardian-view-on-badenoch-v-starmer-tussling-over-a-shift-to-bigger-government;Opinion
2024-11-03T20:57:59Z;Chile;The Guardian;"Women's Super League; Women's football; Football; Sport";WSL roundup: Chelsea thrash Everton to maintain perfect start;Chelsea kept up their 100% record for the season but Manchester City remain top of the Women’s Super League;https://www.theguardian.com/football/2024/nov/03/wsl-roundup-chelsea-thrash-everton-to-maintain-perfect-start;Football
2024-11-01T14:00:14Z;Chile;The Guardian;"Antarctica; Fishing; Environment; Australia news; Fish; China; Russia; Conservation; Food; Marine life; Wildlife; World news; Animals";‘Very bad precedent’: China and Russia team up to undermine krill fishing restrictions in Antarctica;Conservationists warn actions and ambitions of two super powers could lead to overexploitation of vital food source for whales, penguins and seals;https://www.theguardian.com/environment/2024/nov/02/china-russia-team-up-krill-fishing-restrictions-antarctica;World news
2024-11-01T11:00:48Z;Chile;The Guardian;"US elections 2024; Donald Trump; Organised crime; Sex work; Peru; Chile; Colombia; Brazil; Ecuador; Bolivia; Costa Rica; US crime; US news; Americas; World news; Venezuela";Tren de Aragua: are Trump’s claims about a violent street gang overblown?;The crime group has terrorised parts of Latin America, and the ex-president’s exaggerations may just empower it more;https://www.theguardian.com/us-news/2024/nov/01/tren-de-aragua-trump-organized-crime;US news
2024-10-31T12:02:18Z;Chile;The Guardian;"Environment; Spain; World news; Trees and forests; Europe; Technology";‘Cloud-milking’: the zero-energy technique keeping young trees alive;The project that began in the Canary Islands mimics the way leaves capture water droplets from fog in order to produce water;https://www.theguardian.com/environment/2024/oct/31/cloud-milking-fog-wind-water-keep-young-trees-alive-life-nieblas;Environment
2024-10-31T11:00:16Z;Chile;The Guardian;"Horse racing; Books";I had never really considered bad luck before. A brilliant memoir changed all that | Adrian Chiles;Davy Russell’s magnificent autobiography of life as a jockey taught me a valuable lesson about gratitude and achievement, writes Adrian Chiles;https://www.theguardian.com/commentisfree/2024/oct/31/i-had-never-really-considered-bad-luck-before-a-brilliant-memoir-changed-all-that;Opinion
2024-10-30T15:11:00Z;Chile;The Guardian;"Advertising; Media; Marketing & PR";Do motorway billboards signal the first death throes of capitalism? | Adrian Chiles;The ads come and go so fast you have to speed up to watch them – and before you can see them properly they vanish, writes Adrian Chiles;https://www.theguardian.com/commentisfree/2024/oct/30/do-motorway-billboards-signal-the-first-death-throes-of-capitalism;Opinion
2024-10-30T09:09:17Z;Chile;The Guardian;"BHP; Anglo American; Mining; Business; Australia news; UK news; World news; Mergers and acquisitions";Mining firm BHP says it has ‘moved on’ from failed Anglo American bid;Chair suggests company will not make fourth takeover offer and will instead focus on other growth opportunities;https://www.theguardian.com/business/2024/oct/30/mining-firm-bhp-says-it-has-moved-on-from-failed-anglo-american-bid;Business
2024-10-27T06:00:01Z;Chile;The Guardian;"Wine; Food; Life and style";White wines to enjoy as the seasons change;As the nights draw in we tend to turn to reds, but there are whites which are rounded, full and rich too. Here’s a bunch of ripe, stone-fruited wines made from marsanne and roussanne;https://www.theguardian.com/food/2024/oct/27/white-wines-to-enjoy-as-the-seasons-change;Food
2024-10-25T10:30:40Z;Chile;The Guardian;"Uruguay; Americas; World news";High-stakes pension plebiscite could turn Uruguay’s election in to its ‘Brexit moment’;On Sunday, Uruguayans will not only vote for a new president, but also a referendum that experts fear will cripple the economy;https://www.theguardian.com/world/2024/oct/25/uruguay-election-pension-referendum;World news
2024-10-25T09:00:39Z;Chile;The Guardian;"Oceans; Environment; Climate crisis; UK news; Science";Sliver of cool surface water 2mm deep helps oceans absorb CO2, say scientists;Subtle temperature difference between ‘ocean skin’ and water beneath found to drive more CO<sub>2</sub> absorption;https://www.theguardian.com/environment/2024/oct/25/ocean-skin-cool-surface-water-deep-helps-absorb-co2;Environment
2024-10-24T10:00:07Z;Chile;The Guardian;"Rail fares; Rail transport";Thanks to this unsung, magic compensation scheme, I now relish a delayed train | Adrian Chiles;Delay Repay is such a beautiful, roaring success that I become genuinely excited about a late-running service. Get the people in charge to run the NHS, I say;https://www.theguardian.com/money/2024/oct/24/thanks-to-this-unsung-magic-compensation-scheme-i-now-relish-a-delayed-train;Money
2024-10-23T15:41:24Z;Chile;The Guardian;"Neurodiversity; Attention deficit hyperactivity disorder; Family; Life and style; Society; Health & wellbeing";I am so incompetent, I lose things I never had in the first place | Adrian Chiles;I call this state of being next-level incompetence. By doubting everything I do – from where I put a book to whether I picked up my medication – I cause chaos;https://www.theguardian.com/commentisfree/2024/oct/23/by-assuming-i-am-incompetent-at-everything-im-making-it-so-much-worse;Opinion
2024-10-22T12:31:32Z;Chile;The Guardian;"Drugs; Liam Payne; Music; Science; Drugs; Culture; Society; Clubbing; Drugs policy";What is pink cocaine? The party drug reportedly taken by Liam Payne;The drug cocktail that can contain ketamine, ecstasy, meth and crack has grown in popularity in recent years;https://www.theguardian.com/society/2024/oct/22/pink-cocaine-party-drug-liam-payne;Society
2024-10-19T06:00:09Z;Chile;The Guardian;"Quiz and trivia games; Life and style";What links Babu the red panda and Malu the binturong? The Saturday quiz;From The Adoration of the Magi to The Shining, test your knowledge with the Saturday quiz;https://www.theguardian.com/lifeandstyle/2024/oct/19/what-links-babu-the-red-panda-and-malu-the-binturong-the-saturday-quiz;Life and style
2024-10-18T13:00:46Z;Chile;The Guardian;"Wine; Food; French food and drink; Spanish food and drink; Portuguese food and drink; Australian food and drink";First-class wines at Ryanair prices;Some absolutely belting finds at belt-tightening prices;https://www.theguardian.com/food/2024/oct/18/first-class-wines-at-ryanair-prices-henry-jeffries;Food
2024-10-17T10:00:11Z;Chile;The Guardian;"Pubs; Beer";A Guinness shandy? The request that stunned my favourite pub into silence | Adrian Chiles;My local Irish boozer is a quiet, no-thrills establishment – and I love it. But my friend’s drink order made jaws drop;https://www.theguardian.com/lifeandstyle/2024/oct/17/a-guinness-shandy-the-request-that-stunned-my-favourite-pub-into-silence;Life and style
2024-10-17T06:00:06Z;Chile;The Guardian;"Oceans; Deep-sea mining; Endangered habitats; Environment";‘Scramble for the oceans’: how countries are racing to name and claim remote parts of the seabed;Newly ‘discovered’ underwater topographical features are paving the way for nation states to exploit previously untouched marine resources;https://www.theguardian.com/environment/2024/oct/17/scramble-for-the-oceans-how-countries-are-racing-to-name-and-claim-remote-parts-of-the-seabed;Environment
2024-10-16T16:40:28Z;Chile;The Guardian;"Motoring; Diets and dieting; Life and style; Money; Transport";Crisps, nuts, pastries, chocolate – put me at the wheel of a car and I will eat the lot | Adrian Chiles;There is something about hitting the road that makes me act as if it’s my birthday or I’m on an arduous hike. I’m driven by forces I cannot fathom, writes Adrian Chiles;https://www.theguardian.com/commentisfree/2024/oct/16/crisps-nuts-pastries-chocolate-car-eat;Opinion
2024-10-16T11:30:51Z;Chile;The Guardian;"Conservation; Fungi; Cop16; Biodiversity; Environment; Chile; Colombia; Americas; Biology; Science; UK news; United Nations; World news";Fungi could be given same status as flora and fauna under conservation plan;Exclusive: proposal to Cop16 could see ‘funga’ get global legal consideration distinct from flora and fauna;https://www.theguardian.com/environment/2024/oct/16/fungi-status-boost-conservation-cop16-uk-chile-biodiversity-plan;Environment
2024-10-16T10:02:50Z;Chile;The Guardian;"Television & radio; Culture; Television; TV comedy";The Office: this Australian remake could be mistaken for a lost series of the US show;Given how beloved both Ricky Gervais and Steve Carell’s versions are, why would you remake the cringe-com? To be just about passable, apparently …;https://www.theguardian.com/tv-and-radio/2024/oct/12/the-office-australian-remake;Television & radio
2024-10-14T07:03:29Z;Chile;The Guardian;"Australian foreign policy; Australia news; Chile; Americas; Augusto Pinochet";Alleged Pinochet agent turned Bondi nanny Adriana Rivas launches last-ditch appeal to block extradition to Chile;Rivas, who is accused by Chile of being a torturer and kidnapper, launches challenge in the federal court;https://www.theguardian.com/australia-news/2024/oct/14/adriana-rivas-former-bondi-nanny-chile-pinochet-allegations-extradition-appeal-ntwnfb;Australia news
2024-10-13T11:18:40Z;Chile;The Guardian;"Spain; Europe; Colonialism";Christopher Columbus may have been Spanish and Jewish, documentary says;Claim raises idea explorer was from community expelled by his Spanish patrons, but experts view it with caution;https://www.theguardian.com/world/2024/oct/13/christopher-columbus-was-spanish-and-jewish-documentary-reveals;World news
2024-10-13T07:00:50Z;Chile;The Guardian;"Football; Sport; World Cup";Score draws: how collection of stars’ sketches celebrates football’s joy;Journalist Javier Cáceres asked many of the game’s biggest names – from Guardiola to Pelé and Bobby Charlton – to draw their favourite goals: the results are revealing;https://www.theguardian.com/football/2024/oct/13/score-draws-how-collection-of-stars-sketches-celebrates-footballs-joy;Football
2024-10-12T15:06:53Z;Chile;The Guardian;"Communism; Rome film festival; Italy; Giorgia Meloni; Socialism; Europe; Film; Brothers of Italy; Biopics; Culture; World news";Enrico Berlinguer: the 1970s communist hero inspiring Italy’s youth – and the far right;Italian PM Giorgia Meloni among those admiring Berlinguer as new film and exhibitions celebrate his role as a unifier;https://www.theguardian.com/world/2024/oct/12/enrico-berlinguer-communism-hero-italy-youth-far-right-film;World news
2024-10-11T04:00:43Z;Chile;The Guardian;"European Union; Viktor Orbán; Folk music; The far right; Europe; Music; Culture; World news; Italy; Nazism";Bella Ciao: a brief history of the resistance anthem sung to Viktor Orbán;A look at the origins and appeal of the song MEPs used to serenade the Hungarian PM in Strasbourg;https://www.theguardian.com/world/2024/oct/11/bella-ciao-resistance-anthem-history-meps-strasbourg-viktor-orban;World news
2024-10-10T10:00:16Z;Chile;The Guardian;"Life and style; West Midlands; UK news; Language; Animals";I’m happy to be called love, bab or even pet. But I’d travel miles to be someone’s duck | Adrian Chiles;When it comes to terms of endearment, you can’t beat the East Midlands. Even buying a coffee is a delight, writes Guardian columnist Adrian Chiles;https://www.theguardian.com/commentisfree/2024/oct/10/love-bab-pet-duck-terms-endearment-east-midlands;Opinion
2024-10-09T15:09:12Z;Chile;The Guardian;"Sleep; Health & wellbeing; Life and style";I’ve spent my whole life searching for the perfect pillow. Will this torment never end? | Adrian Chiles;I must own two dozen pillows – and not one of them will guarantee me a good night’s sleep. Maybe if I buy just one more, says Adrian Chiles;https://www.theguardian.com/commentisfree/2024/oct/09/spent-whole-life-searching-perfect-pillow-torment;Opinion
2024-10-09T10:38:06Z;Chile;The Guardian;"Television; Culture; Australian television; Television & radio; TV comedy; Amazon Prime Video; Comedy";‘That’s a career killer’: the brutally high stakes of bringing The Office to Australia;It’s the first English-language spin-off since Steve Carell. It features Cup Day and sausage sizzles. And its trailer has left plenty unimpressed. Will it make or break all involved?;https://www.theguardian.com/tv-and-radio/2024/oct/01/the-office-australian-remake-amazon-prime-video-felicity-ward;Television & radio
2024-10-07T21:00:12Z;Chile;The Guardian;"Oasis; Music; Pop and rock; Culture; Australia news; Noel Gallagher; Liam Gallagher";Oasis expand reunion tour to Australia – and spare fans from dynamic ticket pricing;Band will play Melbourne and Sydney starting October 2025, with Live Nation confirming Ticketmaster will not use controversial sale model in Australia;https://www.theguardian.com/music/2024/oct/07/oasis-expand-reunion-tour-to-australia;Music
2024-10-07T12:00:06Z;Chile;The Guardian;"Film; Drama films; Crime films; Chile; Period and historical films; World news; Culture; Americas";In Her Place review – true-crime drama of a court worker fascinated by author in the dock;Based on a real murder in Chile in the 1950s, Maite Alberdi’s fictional story of obsession has glamour and style, but no intensity;https://www.theguardian.com/film/2024/oct/07/in-her-place-review-chilean-true-crime-drama-maite-alberdi-elisa-zulueta-francisca-lewin;Film
2024-10-07T11:00:22Z;Chile;The Guardian;"Global development; Ecuador; Indigenous peoples; Photography; Art and design; Americas; World news; Culture";When work becomes a party: capturing the joy of collective effort in an Indigenous community in Ecuador;Tristan Partridge, a photographer and social anthropologist, spent a decade documenting the working lives of the Kichwa-Panzaleo people of San Isidro for a new book;https://www.theguardian.com/global-development/2024/oct/07/indigenous-community-ecuador-photographer-tristan-partridge-kichwa-panzaleo-san-isidro-book-mingas-solidarity;Global development
2024-10-06T02:30:05Z;Chile;The Guardian;"Israel; Lebanon; Hezbollah; Israel-Gaza war; Gaza; Hamas; Iran; Yemen; Palestine; Middle East and north Africa; World news";Night of bombing in south Beirut – as it happened;This blog is now closed;https://www.theguardian.com/world/live/2024/oct/05/middle-east-crisis-live-israel-strikes-beirut-hezbollah-lebanon-updates;World news
2024-10-03T16:00:32Z;Chile;The Guardian;"US farm workers; Haiti; Black farmers; Agriculture; US news; Americas";‘We need ’em worse than they need us’: how Haitian workers feed the US;Laborers from the Caribbean nation pick berries and process Thanksgiving turkeys across rural America;https://www.theguardian.com/us-news/2024/oct/03/haitian-farm-workers-north-carolina;US news
2024-10-03T12:00:07Z;Chile;The Guardian;"Oceans; Fish; Fish; Fishing industry; Fishing; Animals; Conservation; Environment; Food; Food; Marine life; Wildlife; World news";‘I won’t believe it until I see it happen’: Could a ban on sea farms save Canada’s salmon?;A row over sea life, lice and livelihoods is dividing communities as the government plans to end open-net pen farming in British Columbian waters;https://www.theguardian.com/environment/2024/oct/03/salmon-farming-canadian-waters-open-net-pen-salmon-farming-british-columbia-2029;Environment
2024-10-03T10:30:05Z;Chile;The Guardian;"Venezuela; Americas; World news; Nicolás Maduro";Christmas Caracas: early festivities are no joke as Maduro tightens grip;Venezuela’s president attempts to move on from bitterly disputed election result by declaring Christmas in October;https://www.theguardian.com/world/2024/oct/03/christmas-caracas-early-festivities-are-no-joke-as-maduro-tightens-grip;World news
2024-10-03T04:00:04Z;Chile;The Guardian;"Media; Books; Culture; Death and dying; Publishing; Society; Life and style; Parents and parenting; Bereavement; Family";Adrian Chiles: what I have learned from five years of oversharing;It is a privilege to be able to express random thoughts, and not one I take lightly. When my dad died, writing about the experience helped me to cope;https://www.theguardian.com/media/2024/oct/03/adrian-chiles-what-i-have-learned-from-five-years-of-oversharing;Media
2024-10-02T07:00:33Z;Chile;The Guardian;"Football; Sport";Bizarre ink: which footballers have got tattoos of other footballers? | The Knowledge;Plus: late comebacks to win from 2-0 down, players booked before first appearances and more;https://www.theguardian.com/football/2024/oct/02/the-knowledge-footballers-with-tattoos-of-other-players-knowledge;Football
2024-09-26T20:21:47Z;Chile;The Guardian;"Eric Adams; US news; US politics; New York; US crime; Turkey";‘A true friend of Turkey’: Eric Adams bribery indictment reveals years of flights and favors;Prosecutors claim Turkish president showered the New York mayor with illegal donations and luxury stays;https://www.theguardian.com/us-news/2024/sep/26/eric-adams-bribes-turkey;US news
2024-09-26T13:00:03Z;Chile;The Guardian;"Mexico; World news; Americas";Mexico’s ‘anti-monuments’ force country to remember its missing;The 43 students who disappeared in Ayotzinapa 10 years ago are just the most high-profile among tens of thousands;https://www.theguardian.com/global-development/2024/sep/26/mexico-anti-monuments-missing-students-ayotzinapa;World news
2024-09-26T04:00:23Z;Chile;The Guardian;"Plants; Kew Gardens; Environment; Science; UK news; Peru; Americas";Flying high: Kew botanists and paramotorists survey rare plants in Peru;Soaring with an engine strapped to your back is faster than walking and more environmentally friendly than a 4x4;https://www.theguardian.com/environment/2024/sep/26/flying-high-kew-botanists-and-paramotorists-survey-rare-plants-in-peru;Environment
2024-09-24T14:00:29Z;Chile;The Guardian;"California; Waste; Sustainable fashion; Environment; Climate crisis; Recycling; Fashion; West Coast; US news; Law (US)";Clothes piling up in your closet? A landmark California bill would mandate brands recycle them;California could become the first state to tackle the fast fashion waste overwhelming consumers and landfills;https://www.theguardian.com/us-news/2024/sep/24/clothes-recycling-california-responsible-textile-recovery-act;US news
2024-09-21T06:00:34Z;Chile;The Guardian;"South America holidays; Family holidays; Chile holidays; Argentina holidays; Peru holidays; Colombia holidays; Wildlife holidays; Travel";Eight months off school, but we all learned so much: a family sabbatical in South America;Travelling around Chile, Argentina and Peru – with a focus on Indigenous tourism – is a transformative adventure;https://www.theguardian.com/travel/2024/sep/21/family-sabbatical-gap-year-south-america;Travel
2024-09-20T13:00:12Z;Chile;The Guardian;"Wine; Food; Italian food and drink; French food and drink; Eastern European food and drink; Australian food and drink";Ageing tastefully: the enduring appeal of old vine wines;Their intense flavour makes matured wines worth the wait;https://www.theguardian.com/food/2024/sep/20/the-enduring-appeal-of-old-vine-wines-kate-hawkings;Food
2024-09-19T12:00:40Z;Chile;The Guardian;"Global development; Migration and development; Guatemala; Remittances; Americas; US politics";Is circular migration a solution to the crisis at the US border? Guatemala provides a clue;Offering legal pathways for temporary work in the US, such programmes are changing communities and reducing numbers risking irregular routes;https://www.theguardian.com/global-development/2024/sep/19/is-circular-migration-a-solution-to-the-crisis-at-the-us-border-guatemala-provides-a-clue;Global development
2024-09-19T05:00:07Z;Chile;The Guardian;"Life and style; Football; Rowing";Would you row across the Atlantic with someone like me? I certainly wouldn’t | Adrian Chiles;If you were risking your life in the middle of the ocean, you’d want your shipmate to be a cheerful problem-solver. That’s me out of the running, writes Adrian Chiles;https://www.theguardian.com/commentisfree/2024/sep/19/would-you-row-across-the-atlantic-with-someone-like-me-i-certainly-wouldnt;Opinion
2024-09-18T15:36:46Z;Chile;The Guardian;"Art; Art and design; David Dimbleby; Culture; Drawing";‘We live in heavy times’: David Dimbleby on making an art show with his daughter – and why the BBC ‘lost its will’;During lockdown, the TV anchor and his artist daughter Liza expressed their fears by sending each other drawings rather than letters. As the exhibition this inspired opens, he talks about his favourite themes – war, torture, death – and why the BBC needs a full reset;https://www.theguardian.com/artanddesign/2024/sep/18/david-dimbleby-towner-drawing-unspeakable-bbc-reset;Art and design
2024-09-17T13:00:30Z;Chile;The Guardian;"Wine; Food";Jacob’s Creek, Campo Viejo … the wines I grew up with are suddenly as relevant as Blue Nun;The commercial brands that flavoured my youth are being sold off, but there are still consistently good bottles under £10, if you look hard enough;https://www.theguardian.com/food/article/2024/sep/17/jacobs-creek-campo-viejo-the-wines-i-grew-up-with-are-suddenly-as-relevant-as-blue-nun;Food
2024-09-17T02:38:19Z;Chile;The Guardian;"Gymnastics; Paris Olympic Games 2024; Olympic Games; US sports; Sport";Jordan Chiles appeals to Swiss supreme court over stripping of Olympic bronze;Jordan Chiles is asking Switzerland’s supreme court to overturn a ruling by the Court of Arbitration for Sport that stripped the gymnast of a bronze medal;https://www.theguardian.com/sport/2024/sep/16/jordan-chiles-appeals-to-swiss-supreme-court-over-stripping-of-olympic-bronze;Sport
2024-09-15T16:46:50Z;Chile;The Guardian;The Guardian;Alan Lyons obituary;<strong>Other lives:</strong> Guardian news subeditor for nearly 40 years;https://www.theguardian.com/media/2024/sep/15/alan-lyons-obituary;Media
2024-09-15T12:17:05Z;Chile;The Guardian;"Food & drink industry; Food; Farming; British food and drink; Fruit; UK news; Environment; Business; Supermarkets";Purple patch for British blueberries as sales boom;Soaring UK production is helping sate record demand for ‘ultimate superfood’ but growers want more help from retailers;https://www.theguardian.com/business/2024/sep/15/purple-patch-for-british-blueberries-as-sales-boom;Business
2024-09-12T23:03:28Z;Chile;The Guardian;"Health policy; Fast food; Food & drink industry; Health; Children's health; NHS; Smoking; Vaping; Sugar; Labour; Politics; Society; UK news; Business";Keir Starmer ready to face down ‘nanny state’ jibes in radical public health drive;Junk food ad ban, age limit on energy drinks and expanded water fluoridation among measures planned to help NHS;https://www.theguardian.com/politics/2024/sep/12/keir-starmer-labour-radical-public-health-drive-junk-food-ads-energy-drinks-nhs;Politics
2024-09-12T18:00:35Z;Chile;The Guardian;"Climate crisis; Tsunamis; Landslides; Environment; World news; Greenland; Ice";Entire Earth vibrated for nine days after climate-triggered mega-tsunami;Landslide in Greenland caused unprecedented seismic event that shows impact of global heating, say scientists;https://www.theguardian.com/environment/2024/sep/12/entire-earth-vibrated-climate-triggered-mega-tsunami;Environment
2024-09-12T16:42:31Z;Chile;The Guardian;"Peru; World news; Japan; Chile";Alberto Fujimori obituary;President of Peru who at first oversaw economic growth in the country, but was later jailed for human rights crimes;https://www.theguardian.com/world/2024/sep/12/alberto-fujimori-obituary;World news
2024-09-12T15:34:55Z;Chile;The Guardian;"Peru; Americas; World news";Peru declares three days of mourning after death of ex-president Alberto Fujimori;Decision to honour authoritarian leader jailed for corruption and human rights abuses sparks mixed reactions;https://www.theguardian.com/world/2024/sep/12/alberto-fujimori-dies-aged-86-death-peru-former-president;World news
2024-09-12T10:00:19Z;Chile;The Guardian;"Society; Health & wellbeing; Life and style";She’s not just ‘Mum’. She’s my mum – and she does have a name | Adrian Chiles;The way some healthcare professionals talk about our parents really grates on me – even if it does come from a good place;https://www.theguardian.com/commentisfree/2024/sep/12/shes-not-just-mum-shes-my-mum-and-she-does-have-a-name;Opinion
2024-09-12T05:00:14Z;Chile;The Guardian;"Conservative leadership; Robert Jenrick; Tom Tugendhat; James Cleverly; Kemi Badenoch; Conservatives";Two factions are battling for the Tory leadership. How to choose? Let me help | Aditya Chakrabortty;Rabid Trussonomics or naked nativism? With the race down to four runners, here’s my guide to a party reeling in two directions, says Guardian columnist Aditya Chakrabortty;https://www.theguardian.com/commentisfree/2024/sep/12/tory-leadership-jenrick-tugendhat-cleverly-badenoch;Opinion
2024-09-11T20:46:47Z;Chile;The Guardian;"Gymnastics; Paris Olympic Games 2024; Olympic Games; US sports; Sport";Jordan Chiles says stripping of Olympic bronze took away ‘the person I am’;US gymnast Jordan Chiles has spoken about the emotional fallout after she was stripped of the bronze medal she won at this summer’s Paris Olympics;https://www.theguardian.com/sport/2024/sep/11/jordan-chiles-olympic-gymnastics-bronze-medal-paris-2024;Sport
2024-09-11T15:01:03Z;Chile;The Guardian;"Social etiquette; Life and style";After decades of trial and error, I think I’ve nailed the perfect handshake | Adrian Chiles;Too firm, and you leave them wincing. Too flaccid and they treat you with contempt. Truly, handshakes are a minefield;https://www.theguardian.com/commentisfree/2024/sep/11/after-decades-of-trial-and-error-i-think-ive-nailed-the-perfect-handshake;Opinion
2024-09-11T04:02:42Z;Chile;The Guardian;"World Cup 2026 qualifiers; Football; Sport; Colombia; Argentina; Bolivia; Ecuador";Argentina pay penalty against Colombia in World Cup qualifying as Paraguay down Brazil;Two South American powerhouses lost in World Cup qualifying in the absence of their biggest stars;https://www.theguardian.com/football/article/2024/sep/11/colombia-argentina-world-cup-qualifying;Football
2024-09-11T04:00:03Z;Chile;The Guardian;"Global development; Education; Global education; Women's rights and gender equality; Women; LGBTQ+ rights; Gender; Society; Religion; Children; World news; Saudi Arabia; Pakistan; Afghanistan; Brazil; Philippines; Christianity; Islam; Ghana; Africa; Americas; Asia Pacific; Middle East and north Africa; South and central Asia; Relationships and sex education; Curriculums; Schools";Religious groups ‘spending billions to counter gender-equality education’;Report reveals how US Christians, Catholic schools and Islamists fight sex education, LGBTQ+ and equal rights;https://www.theguardian.com/global-development/article/2024/sep/11/religious-groups-christians-islamists-catholic-billions-counter-gender-equality-sex-education-lgbtq-equal-rights;Global development
2024-09-10T21:40:34Z;Chile;The Guardian;"Primary schools; Education; Schools; UK news; OECD";UK primary class sizes among biggest in industrialised world, report finds;Only Chile exceeds UK’s 27 pupils a class in OECD study, with UK pupil-teacher ratio also among highest;https://www.theguardian.com/education/article/2024/sep/10/uk-primary-class-sizes-among-biggest-in-industrialised-world-report-finds;Education
2024-09-09T15:00:22Z;Chile;The Guardian;"Earthquakes; Environment; New South Wales; Australia news; Mining; Western Australia; Hunter Valley";What are earthquake swarms – and is Australia at risk?;After seismic events hit the Hunter region in NSW and WA’s wheatbelt, experts warn that long periods without activity can contribute to complacency;https://www.theguardian.com/environment/article/2024/sep/10/what-are-earthquake-swarms-australia-risk-hunter-region;Environment
2024-09-08T14:46:52Z;Chile;The Guardian;"Paris Paralympic Games 2024; ParalympicsGB; Disability and sport; Paralympics; Sport";Paris 2024 Paralympics: Netherlands beat USA to basketball gold, canoeing glory for GB on final day – as it happened;Charlotte Henshaw and Laura Sugar won canoeing golds for Paralympic GB, while the Netherlands defended their title in the women’s wheelchair basketball, beating USA in the final;https://www.theguardian.com/sport/live/2024/sep/08/paris-2024-paralympics-marathons-canoeing-and-basketball-on-final-day-live;Sport
2024-09-07T13:34:10Z;Chile;The Guardian;"World Cup 2026 qualifiers; Football; Sport; Brazil; Argentina; Uruguay; Colombia";Brazil edge Ecuador as Rodrygo strike ends winless World Cup qualifying run;Rodrygo’s first-half strike helped Brazil get back on track in South American qualifying, while Paraguay held Uruguay in Luis Suárez’s farewell;https://www.theguardian.com/football/article/2024/sep/07/brazil-ecuador-uruguay-paraguay-world-cup-qualifying-roundup;Football
2024-09-07T09:00:14Z;Chile;The Guardian;"Venice film festival 2024; Venice film festival; Festivals; Culture; Film; Drama films; Biopics; Thrillers; Science fiction and fantasy films; Documentary films; Animation in film; Daniel Craig; Nicole Kidman; Luca Guadagnino; Angelina Jolie; Joaquin Phoenix; Pedro Almodóvar";Venice film festival 2024 roundup – Nicole Kidman gets carnal and Lady Gaga goes crazy;In a festival rich in impressive female leads, Julianne Moore and Tilda Swinton bonding for Almodóvar, while a strong documentary lineup ranges from Trump to Yoko Ono;https://www.theguardian.com/film/article/2024/sep/07/venice-film-festival-2024-roundup-women-on-top-in-the-italian-heat;Film
2024-09-06T05:00:15Z;Chile;The Guardian;"Food; Life and style; Chefs; Farming; Wine; Small business";‘The best crumpets you’ll ever buy’: 19 of the best indie food products;From pasta made in Cumbria to biscuits from the Isle of Mull: our expert picks the best small food producers in Britain and Ireland – and where to find their products;https://www.theguardian.com/food/article/2024/sep/06/the-best-crumpets-youll-ever-buy-19-of-the-best-indie-food-products;The Filter
2024-09-05T20:30:05Z;Chile;The Guardian;"Paris Paralympic Games 2024; Paralympics; ParalympicsGB; Sport; Disability and sport; US sports; Australia sport";Paris 2024 Paralympics day eight: GB golds in pool, Masters doubles up – as it happened;There were golds across the board in the pool, track and on the court in another pulsating day’s action;https://www.theguardian.com/sport/live/2024/sep/05/paris-2024-paralympics-day-eight-breen-and-nicholson-go-for-athletics-gold-blind-football-and-more-live;Sport
2024-09-05T10:00:36Z;Chile;The Guardian;"Transport; Social etiquette; Life and style; Road transport";Britons are most considerate drivers in the world. There – I said it | Adrian Chiles;A wave of the hand, a flash of the lights – we’re always letting each other in and thanking each other for it. We don’t know how lucky we are, writes Adrian Chiles;https://www.theguardian.com/commentisfree/article/2024/sep/05/britons-are-most-considerate-drivers-in-the-world;Opinion
2024-09-04T15:40:12Z;Chile;The Guardian;"Sport; Croatia; Serbia; Bosnia and Herzegovina; Slovenia; Europe; Football";I didn’t know what to expect from the Youth Sports Games. But they blew me away | Adrian Chiles;"To see the kids kicking balls around at the international tournament in Croatia is more than just a joy; it’s a miracle, writes Adrian Chiles";https://www.theguardian.com/commentisfree/article/2024/sep/04/youth-sports-games-croatia-split;Opinion
2024-09-04T09:08:29Z;Chile;The Guardian;"Bird flu; Environment; Health; Society; World news";Forgotten epidemic: with over 280 million birds dead how is the avian flu outbreak evolving?;New data reveals the virus has spread to endangered species in Antarctica – yet the H5N1’s risk to biodiversity, farming and human health is little explored;https://www.theguardian.com/environment/article/2024/sep/04/forgotten-epidemic-with-over-280-million-birds-dead-how-is-the-avian-flu-outbreak-evolving;Environment
2024-09-01T09:00:03Z;Chile;The Guardian;"Astronomy; Science; Space; Women; Society";‘She was right and they were wrong’: the female astronomers hidden by science’s male elite;As a new play examines the work of Cecilia Payne-Gaposchkin, we celebrate the women whose crucial discoveries were ignored or suppressed;https://www.theguardian.com/science/article/2024/sep/01/female-astronomers-cecilia-payne-gaposchkin-play;Science
2024-08-31T21:41:31Z;Chile;The Guardian;"Paris Paralympic Games 2024; Paralympics; Disability and sport; Sport; US sports; Australia sport; France";Paris 2024 Paralympics day three: GB golds in taekwondo, plus athletics – live;Join our team of writers for the latest news as the action continues with 97 golds up for grabs in Paris;https://www.theguardian.com/sport/live/2024/aug/31/paris-2024-paralympics-day-three-cycling-athletics-wheelchair-rugby-and-more-live;Sport
2024-08-30T09:00:06Z;Chile;The Guardian;"USA rugby union team; Rugby union; Sport; US sports; Rugby World Cup; World Rugby";US road to 2031 Rugby World Cup starts with Pacific Nations challenge;Eagles coach Scott Lawrence has picked college talent – and crossovers from football and wrestling – in his squad to face Canada and Japan in new event;https://www.theguardian.com/sport/article/2024/aug/30/us-eagles-2031-rugby-world-cup-pacific-nations-canada-japan-fiji;Sport
2024-08-29T21:09:04Z;Chile;The Guardian;"Paris Paralympic Games 2024; Paralympics; Sport; Disability and sport; US sports; Australia sport; France";Paris 2024 Paralympics day one: Maskill and Kearney strike GB gold – as it happened;ParalympicsGB won their first two golds of the 2024 Games in the pool thanks to swimmers Poppy Maskell and Tully Kearney;https://www.theguardian.com/sport/live/2024/aug/29/paris-2024-paralympics-day-one-live;Sport
2024-08-29T14:04:54Z;Chile;The Guardian;"Business; Nvidia; Stock markets; FTSE; Automotive industry; European Central Bank; Bank of England; Federal Reserve; US economy; Economics";US stocks rise on faster economic growth despite Nvidia nerves – as it happened;Live coverage as US GDP figures show faster economic growth but Nvidia share price falls in after hours trading;https://www.theguardian.com/business/live/2024/aug/29/nvidia-profits-share-prices-ftse-100-ai-chips-uk-car-production-ecb-lane-inflation-us-gdp-business-live;Business
2024-08-26T09:04:44Z;Chile;The Guardian;"West Ham United Women; Football; Sport; Women's Super League; Women's football; Transfer window";‘Born to be a Hammer’: West Ham sign Colombia forward Manuela Paví;West Ham have signed the 23-year-old Manuela Paví for an undisclosed fee from the Colombian side Deportivo Cali;https://www.theguardian.com/football/article/2024/aug/26/west-ham-women-sign-colombia-forward-manuela-pavi;Football
2024-08-25T07:00:04Z;Chile;The Guardian;"Trade policy; Jonathan Reynolds; Politics; UK news; European Union; International trade; Global economy; Economics; Brexit; Foreign policy; Business";Government to seek global trade deals for UK at expense of formal EU re-entry;Business secretary Jonathan Reynolds says joining the Asia-Pacific CPTPP bloc is a ‘real win’ for exporters, even though it will preclude the UK from EU membership;https://www.theguardian.com/politics/article/2024/aug/25/government-to-seek-global-trade-deals-for-uk-at-expense-of-formal-eu-re-entry;Politics
2024-08-24T06:00:29Z;Chile;The Guardian;"Quiz and trivia games; Life and style";Which announcement was inspired by Elvis’s refusal to do encores? The Saturday quiz;From the crypts of Lieberkühn to goldmines in Japan, test your knowledge with the Saturday quiz;https://www.theguardian.com/lifeandstyle/article/2024/aug/24/which-announcement-was-inspired-by-elviss-refusal-to-do-encores-the-saturday-quiz;Life and style
2024-08-23T17:46:10Z;Chile;The Guardian;"Venezuela; Nicolás Maduro; Americas; World news";US and 10 Latin American states reject Nicolás Maduro’s vote certification;‘I have no doubt this election has been stolen,’ says Chile’s leftwing president after Venezuelan supreme court ruling;https://www.theguardian.com/world/article/2024/aug/23/latin-american-states-and-us-reject-maduro-vote-certification-election-venezuela-supreme-court;World news
2024-08-22T19:45:43Z;Chile;The Guardian;"Venezuela; Nicolás Maduro; Americas; World news";Pressure grows on Maduro after top court endorses Venezuela election win;Chile’s leftwing president accuses supreme court of ‘consolidating the fraud’ after Brazil and Colombia stop short of supporting result;https://www.theguardian.com/world/article/2024/aug/22/maduro-accused-power-grab-top-court-endorses-venezuela-election-win;World news
2024-08-22T04:00:26Z;Chile;The Guardian;"Film; Culture; Brazil; US news; Birds; Environment; Animals; Wildlife";Animal eclipses co-star Jean Reno in filming of My Penguin Friend;How the five-year real-life friendship between a retired Brazilian fisher and Magellanic penguin became a movie;https://www.theguardian.com/film/article/2024/aug/22/animal-eclipses-co-star-jean-reno-in-filming-of-my-penguin-friend;Film
2024-08-20T05:55:15Z;Chile;The Guardian;"Oceans; Environment; World news; Climate crisis; Marine life";Tuesday briefing: Why the oceans are on the frontline of the climate crisis;In today’s newsletter: Our Seascapes editor on the dangers our seas and oceans face – and what we can do to help;https://www.theguardian.com/world/article/2024/aug/20/tuesday-briefing-why-the-oceans-are-on-the-frontline-of-the-climate-crisis;World news
2024-08-15T19:33:10Z;Chile;The Guardian;"Gymnastics; Paris Olympic Games 2024; Olympic Games; Sport; US sports; USA Olympic team";Jordan Chiles says ‘unjust’ stripping of Olympic bronze has led to racist abuse;Jordan Chiles says she has been left ‘heartbroken’ by the decision to strip her of her Olympic bronze medal;https://www.theguardian.com/sport/article/2024/aug/15/jordan-chiles-bronze-medal-paris-olympics-gymnastics;Sport
2024-08-15T15:00:12Z;Chile;The Guardian;"Wildfires; California; World news; US news; AI (artificial intelligence); Environment; West Coast";How AI is revolutionising how firefighters tackle blazes and saving lives;Fire chief Phillip SeLegue now uses tech every day to predict a blaze as much as a week in advance;https://www.theguardian.com/world/article/2024/aug/15/how-ai-is-revolutionising-how-firefighters-tackle-blazes-and-saving-lives;World news
2024-08-15T10:30:06Z;Chile;The Guardian;"Chile; Art; Americas; Art and design; World news";‘Walls are where we communicate’: how murals paint Chile’s politics;Alejandro ‘Mono’ González has used walls as his political voice for six decades in Chile, a ‘nation of muralists’;https://www.theguardian.com/world/article/2024/aug/15/chile-murals-politics-alejandro-gonzalez;World news
2024-08-14T23:01:27Z;Chile;The Guardian;"Southampton; Premier League; Football; Sport";Premier League 2024-25 preview No 17: Southampton;Having bounced straight back up via the playoffs, staying in the top flight is now the requirement at St Mary’s;https://www.theguardian.com/football/article/2024/aug/15/premier-league-2024-25-preview-no-17-southampton;Football
2024-08-14T21:00:25Z;Chile;The Guardian;"Television & radio; Culture; Television";Celebrity Race Across the World review – Kelly Brook’s checkpoint sprint is white-knuckle stuff;The contestants are so likable you’ll find yourself rooting hard for them on this South American odyssey. It’s utterly, wonderfully captivating TV;https://www.theguardian.com/tv-and-radio/article/2024/aug/14/celebrity-race-across-the-world-review-kelly-brooks-checkpoint-sprint-is-white-knuckle-stuff;Television & radio
2024-08-14T16:40:45Z;Chile;The Guardian;"Life and style; Culture; Olympic Games; Time management";You know what nobody has ever said? ‘I wish that event went on a bit longer!’ | Adrian Chiles;After a painfully long Olympics closing ceremony, I’ve come to the realisation that everything – from the opera to Meat Loaf to this column – goes on far too long, says Adrian Chiles;https://www.theguardian.com/commentisfree/article/2024/aug/14/you-know-what-nobody-has-ever-said-i-wish-that-event-went-on-a-bit-longer;Opinion
2024-08-14T13:18:54Z;Chile;The Guardian;"Gymnastics; Paris Olympic Games 2024; Olympic Games; US sports; Sport";Head of panel in Jordan Chiles appeal worked on cases for Romanian government;A new detail has emerged in the battle over Jordan Chiles’s Olympic bronze medal, a saga which has overshadowed a thrilling gymnastics competition at the Paris Games;https://www.theguardian.com/sport/article/2024/aug/14/head-of-panel-in-jordan-chiles-case-worked-on-cases-for-romanian-government;Sport
2024-08-12T09:16:37Z;Chile;The Guardian;"Gymnastics; International Olympic Committee; Paris Olympic Games 2024; Olympic Games; Sport; Sport politics; US sports";Jordan Chiles’s bronze medal saga has inflicted needless suffering on innocent gymnasts;The American gymnast, and her Romanian counterpart, have been on a rollercoaster. They should be allowed to keep the medals they earned;https://www.theguardian.com/sport/article/2024/aug/12/jordan-chiless-bronze-medal-saga-has-inflicted-needless-suffering-on-innocent-gymnasts;Sport
2024-08-09T12:00:14Z;Chile;The Guardian;"Global development; Nicolás Maduro; Hugo Chávez; Colombia; Venezuela; Americas; World news; Migration; Refugees";‘Whose fault is it? The dictator’: the Venezuelan refugees on a knife-edge at the Colombian border – photo essay;Nearly 8 million Venezuelans have fled the country’s instability in the past decade, many hoping to return after July’s election. Now, as Nicolás Maduro clings to power, they fear for their families – and are braced for another exodus;https://www.theguardian.com/global-development/article/2024/aug/09/venezuelan-refugees-colombian-border-photo-essay;Global development
2024-08-08T10:00:04Z;Chile;The Guardian;"Back pain; Society";I have sciatica — now I never go anywhere without a small, hard, ball | Adrian Chiles;I’ve got one for the car, one for the kitchen, and sourced one in Ireland recently that’s especially novel, writes Guardian columnist Adrian Chiles;https://www.theguardian.com/commentisfree/article/2024/aug/08/i-have-sciatica-now-i-never-go-anywhere-without-a-small-hard-ball;Opinion
2024-08-07T15:45:22Z;Chile;The Guardian;"Paris Olympic Games 2024; Olympic Games; Sport";Watching the Olympics is making me wonder: is sport good for us? | Adrian Chiles;Medal-winning brilliance requires obsession as well as dedication and skill. I can’t help wondering what these athletes’ bodies and minds have gone through over the years, writes Guardian columnist Adrian Chiles;https://www.theguardian.com/commentisfree/article/2024/aug/07/watching-the-olympics-is-making-me-wonder-is-sport-good-for-us-adrian-chiles;Opinion
2024-08-07T11:36:38Z;Chile;The Guardian;"Paris Olympic Games 2024; Sport; Olympic Games; Laura Kenny";Team GB are reaping the rewards of a transformed attitude to Olympic mums;Denise Lewis and Jessica Ennis-Hill blazed a trail that so many athletes at Paris 2024 have followed to great success;https://www.theguardian.com/sport/article/2024/aug/07/team-gb-are-reaping-the-rewards-of-a-transformed-attitude-to-olympic-mums;Sport
2024-08-07T07:26:58Z;Chile;The Guardian;"Football; Sport";Mars bars, rats and cats: the strangest objects thrown on to a football pitch | The Knowledge;"Plus: teams from the same city going unbeaten all season; dystopian football novels; and managers not being sacked";https://www.theguardian.com/football/article/2024/aug/07/the-knowledge-strangest-objects-thrown-on-to-a-football-pitch;Football
2024-08-06T22:52:56Z;Chile;The Guardian;"Paris Olympic Games 2024; Wrestling; Olympic Games; Sport";Mijaín López makes greatness look easy with Greco-Roman gold;Mijaín López walked away from his sixth Games as arguably the greatest Olympian of all time, after winning yet another gold in Greco-Roman wrestling;https://www.theguardian.com/sport/article/2024/aug/06/mijain-lopez-makes-greatness-look-easy-with-greco-roman-gold;Sport
2024-08-06T22:11:06Z;Chile;The Guardian;"Paris Olympic Games 2024; Olympic Games; Sport";Paris 2024 Olympics day 11: USA’s Thomas wins 200m gold, Hocker stuns in 1500m, GB’s Richardson loses boxing semi-final – as it happened;Cole Hocker stunned Josh Kerr and Jakob Ingebrigtsen to win the men’s 800m, while Gabby Thomas took the women’s 200m and Winfred Yavi the women’s 3000m;https://www.theguardian.com/sport/live/2024/aug/06/paris-2024-olympics-day-11-live-updates-today-schedule-events-athletics-cycling-boxing;Sport
2024-08-06T02:07:17Z;Chile;The Guardian;"Paris Olympic Games 2024; Olympic Games; Sport";Paris 2024 Olympics day 10: GB’s Hodgkinson wins gold in 800m final, Duplantis sets new world record – as it happened;Team GB Keely Hodgkinson won gold in the women’s 800m, while in the men’s pole vault, Armand Duplantis of Sweden defended his title and improved his own world record;https://www.theguardian.com/sport/live/2024/aug/05/paris-2024-olympics-day-10-live-updates-today-schedule-events-athletics-cycling-gymnastics;Sport
2024-08-05T09:00:08Z;Chile;The Guardian;"Venezuela; Nicolás Maduro; Americas; US foreign policy; US news; World news";The Latin American left is smart not to pick a side over Venezuela’s contested election result | Jordana Timerman;Attempts to get Nicolás Maduro back to the negotiating table highlight the influence of a younger generation of voters, says journalist Jordana Timerman;https://www.theguardian.com/commentisfree/article/2024/aug/05/latin-america-left-smart-venezuela-constested-election-maduro;Opinion
2024-08-04T21:38:04Z;Chile;The Guardian;"Paris Olympic Games 2024; Olympic Games; Sport; US sports; Australia sport";Paris 2024 Olympics day nine: Noah Lyles dips to men’s 100m gold for USA – as it happened;Join our writers for all the latest on an action-packed Sunday at Paris 2024;https://www.theguardian.com/sport/live/2024/aug/04/paris-2024-olympics-day-nine-live-updates-today-schedule-events-athletics-swimming-tennis-golf-dressage-cycling;Sport
2024-08-03T09:02:01Z;Chile;The Guardian;"Music; Pop and rock; Palestine; Culture";Palestinian-Chilean singer Elyanna: ‘I’m passionate about my culture’;The ascendant star, who recently performed with Coldplay at Glastonbury, talks about bringing Arabic music to a wider audience;https://www.theguardian.com/music/article/2024/aug/03/elyanna-palestianian-chilean-singer-interview;Music
2024-08-01T16:38:47Z;Chile;The Guardian;"Paris Olympic Games 2024; Golf; Olympic Games; Sport; Rory McIlroy; LIV Golf Series";‘It was awesome’: after Rio and Tokyo false starts, golf hits an Olympic high;On the outskirts of Versailles, in front of huge galleries, Olympic golf found a home on day one of the men’s competition;https://www.theguardian.com/sport/article/2024/aug/01/golf-olympic-games-paris-first-round;Sport
2024-08-01T10:00:27Z;Chile;The Guardian;"Apps; Technology; Motoring; Internet";As a Waze dad, I like to think I make Britain’s roads run more smoothly. You can thank me later | Adrian Chiles;This navigation app is driven by the wisdom of crowds – and I’m delighted that my traffic updates play their part;https://www.theguardian.com/commentisfree/article/2024/aug/01/as-a-waze-dad-i-like-to-think-i-make-britains-roads-run-more-smoothly-you-can-thank-me-later;Opinion
2024-07-31T15:12:49Z;Chile;The Guardian;"Horse racing; Galway holidays; Ireland; Europe; Sport; Ireland holidays; Social etiquette; Life and style";I always expect a warm welcome in Ireland. But Galway blew me away | Adrian Chiles;Visiting the races this week, it felt as if there was no better place to be in all the world. No wonder the locals were so proud, writes Adrian Chiles;https://www.theguardian.com/commentisfree/article/2024/jul/31/i-always-expect-a-warm-welcome-in-ireland-but-galway-blew-me-away;Opinion
2024-07-31T12:21:59Z;Chile;The Guardian;"Paris Olympic Games 2024; Olympic Games; Sport; Table tennis";‘Auntie’ Ni, 61, beams as she bows out to Olympic table tennis champion;Luxembourgish player Ni Xia Lian gets hug from the Grand Duke despite losing to the world No 1 in the last 32;https://www.theguardian.com/sport/article/2024/jul/31/auntie-ni-xia-lian-61-bows-out-olympics-table-tennis;Sport
2024-07-30T19:01:14Z;Chile;The Guardian;"Brighton & Hove Albion; Transfer window; Borussia Dortmund; Napoli; Football; Sport";Brighton reluctantly accept Borussia Dortmund’s £5.9m bid for Pascal Gross;Midfielder Pascal Gross, who has been offered a new deal by Brighton, is poised to join Borussia Dortmund for £5.9m;https://www.theguardian.com/football/article/2024/jul/30/brighton-pascal-gross-borussia-dortmund;Football
2024-07-30T18:23:12Z;Chile;The Guardian;"Venezuela; Americas; World news; Nicolás Maduro; Protest";Maduro vows crackdown on Venezuela election protests after victory claim;Authoritarian leader vows to squash what he calls ‘violent counter-revolution’ as more than 700 arrests are made;https://www.theguardian.com/world/article/2024/jul/30/venezuela-maduro-election-protests;World news
2024-07-29T21:53:34Z;Chile;The Guardian;"Venezuela; Nicolás Maduro; Americas; World news";Venezuela on a knife-edge as opposition accuses Maduro of rigging election;Protests seen around country after results appear to dash opposition hopes of ending quarter century of chavista rule;https://www.theguardian.com/world/article/2024/jul/29/venezuela-election-result-maduro-urrutia;World news
2024-07-29T18:47:30Z;Chile;The Guardian;"Venezuela; Americas; Nicolás Maduro; World news";‘We are longing for change’: Venezuela election sparks pots and pans protest;Pot-banging protests erupt in Caracas after opposition claims <em>chavista</em> leader’s presidential re-election was rigged;https://www.theguardian.com/world/article/2024/jul/29/protest-venezeula-election-response;World news
2024-07-29T15:01:43Z;Chile;The Guardian;"Venezuela; Nicolás Maduro; Americas; World news";Venezuela presidential election: result met with suspicion abroad – as it happened;Washington says it has ‘serious concerns’ about result, while president of Uruguay says it is open secret Maduro would win ‘whatever real results were’;https://www.theguardian.com/world/live/2024/jul/29/venezuela-presidential-election-eu-calls-for-transparency-in-vote-live;World news
2024-07-29T12:29:13Z;Chile;The Guardian;"Venezuela; Americas; Nicolás Maduro; World news";Venezuela election: Maduro declared winner by government-controlled authority;Result with 80% of votes is immediately challenged by opposition and several governments;https://www.theguardian.com/world/article/2024/jul/29/venezuela-election-nicolas-maduro-edmundo-gonzalez-urrutia-results;World news
2024-07-29T11:37:49Z;Chile;The Guardian;"Venezuela; Nicolás Maduro; Americas; World news";‘Hard to believe’: Venezuela election result met with suspicion abroad;Nicolás Maduro faces calls to publish transparent breakdown of vote but allies hail his apparent victory;https://www.theguardian.com/world/article/2024/jul/29/venezuela-election-result-suspicion-abroad-nicolas-maduro;World news
2024-07-29T09:02:36Z;Chile;The Guardian;"US news; Kamala Harris; Lebanon";Campaign ramps up as Kamala Harris allies deploy new Trump ‘plain weird’ attack line | First Thing;New attack line on Trump seems to be sticking, simplifying Biden’s threats to democracy warnings. Plus, US beat Germany at soccer in Paris;https://www.theguardian.com/us-news/article/2024/jul/29/first-thing-kamala-harris-campaign-ramps-up-as-allies-deploy-new-trump-plain-weird-attack-line;US news
2024-07-26T13:00:57Z;Chile;The Guardian;"Music; Culture; Punk";Go hard or go home: why is hardcore punk enjoying a renaissance?;The success of Manchester’s Outbreak festival shows the appetite for the genre isn’t just healthy, it’s on the rise. Its organisers discuss the scene’s evolution, its fragility, and its (very loud) future;https://www.theguardian.com/music/article/2024/jul/26/hardcore-punk-outbreak-festival-plastics-have-heart-harms-way-incendiary-soccer-mommy;Music
2024-07-26T09:25:53Z;Chile;The Guardian;"Rewilding; Dogs; Wild flowers; Plants; East Sussex; Environment; UK news; Animals";Backpack-wearing dogs enlisted to rewild urban nature reserve in Lewes;Organisers hope dogs will mimic behaviour of wolves that in past would have helped disperse wildflower seeds;https://www.theguardian.com/environment/article/2024/jul/26/backpack-wearing-dogs-enlisted-rewild-urban-nature-reserve-lewes;Environment
2024-07-25T10:00:19Z;Chile;The Guardian;"Keanu Reeves; Books; China Miéville; Film; Culture; Death and dying";I’ve been thinking about life after death – and I want to come back as Keanu Reeves | Adrian Chiles;He’s got looks, talent and money … but is also generous and modest. Who could ask for more?;https://www.theguardian.com/commentisfree/article/2024/jul/25/ive-been-thinking-about-life-after-death-and-i-want-to-come-back-as-keanu-reeves;Opinion
2024-07-25T09:30:17Z;Chile;The Guardian;"Global development; Venezuela; World news; Americas";‘To be reunited … would be a dream’: Venezuelan exiles’ fate hangs on vote;For the almost 8 million citizens who have left the country, Sunday’s vote could dictate whether they can return home;https://www.theguardian.com/global-development/article/2024/jul/25/venezuelan-exiles-election-maduro;Global development
2024-07-23T13:00:40Z;Chile;The Guardian;"Wine; Food";Refreshing, thirst-quenching, distinctive: 20 best wines for the summer;The Observer’s wine writer selects drinks to pair with an outdoors meal or to relax with over a lazy afternoon;https://www.theguardian.com/food/article/2024/jul/23/refreshing-thirst-quenching-distinctive-20-best-wines-for-the-summer;Food
2024-07-20T11:00:36Z;Chile;The Guardian;"Women's Super League; Arsenal Women; Aston Villa Women; Brighton & Hove Albion Women; Chelsea Women; Crystal Palace Women; Everton Women; Leicester Women; Liverpool FC Women; Manchester City Women; Manchester United Women; Tottenham Hotspur Women; West Ham United Women; Football; Women's football; Sport";WSL transfer window: club-by-club guide to who needs what;Vivianne Miedema, Lucy Bronze and Fran Kirby have already moved, but the chase is on to beat the 13 September deadline;https://www.theguardian.com/football/article/2024/jul/20/wsl-transfer-window-club-by-club-guide-to-who-needs-what;Football
2024-07-19T07:30:34Z;Chile;The Guardian;"Music; Classical music; Experimental music; Culture";Beyza Yazgan: Human Cocoon review – from Middle Eastern classical to American minimalism;<strong>(Imaginary Animals)<br></strong>The Turkish-born, New York-based pianist’s new album uses the influence of Satie and Glass to respond to the earthquake that devastated Turkey and Syria;https://www.theguardian.com/music/article/2024/jul/19/beyza-yazgan-human-cocoon-review;Music
2024-07-18T17:36:09Z;Chile;The Guardian;"England v West Indies 2024; England cricket team; West Indies cricket team; Cricket; Sport";England end opening day of mishaps in driving seat as West Indies falter;Tourists show lack of faith in their own batting before Ollie Pope makes them pay for some sloppy fielding with century;https://www.theguardian.com/sport/article/2024/jul/18/england-end-opening-day-of-mishaps-in-driving-seat-as-west-indies-falter;Sport
2024-07-18T10:00:33Z;Chile;The Guardian;"Donald Trump Pennsylvania rally shooting; Donald Trump; US elections 2024; US politics; US news";Why the Trump attack has spawned myriad conspiracies theories – from left and right alike | Colin Dickey;When we can’t make sense of a dramatic event, fake news pedlars rush to social media to fill the information gap, says writer Colin Dickey;https://www.theguardian.com/commentisfree/article/2024/jul/18/donald-trump-attack-conspiracy-theories-news-media;Opinion
2024-07-18T10:00:32Z;Chile;The Guardian;"Witchcraft; Birmingham; Life and style";I found a witch supply store opposite a Nisa Local. It’s the start of a magical journey | Adrian Chiles;I’ve already bought a book called Basic Witches, and I’ll be back to buy some crystals soon, writes Adrian Chiles;https://www.theguardian.com/commentisfree/article/2024/jul/18/i-found-a-witch-supply-store-opposite-a-nisa-local;Opinion
2024-07-17T20:00:14Z;Chile;The Guardian;;Corrections and clarifications;Alex Easton MP | Lee Carsley;https://www.theguardian.com/news/article/2024/jul/17/corrections-and-clarifications;News
2024-07-17T15:25:51Z;Chile;The Guardian;"Graduation; Students; Education; Parents and parenting; Life and style; Family";Graduation is such a significant moment – and yet we never realise it at the time | Adrian Chiles;The parents glow with pride, while the students cringe with embarrassment. Underneath it all is the terrifying awareness of time getting a march on us, writes Adrian Chiles;https://www.theguardian.com/commentisfree/article/2024/jul/17/graduation-is-such-a-significant-moment-and-yet-we-never-realise-it-at-the-time;Opinion
2024-07-17T07:00:17Z;Chile;The Guardian;"Football; Sport";Comeback kings and queens at major international football tournaments | The Knowledge;"Plus: teams wearing their away strip all the time; clubs dominating tournament squads; and did Stuart Pearce’s brother run the line in a Forest game?";https://www.theguardian.com/football/article/2024/jul/17/the-knowledge-comeback-kings-queens-major-international-football-tournaments;Football
2024-07-16T09:45:26Z;Chile;The Guardian;"Rugby union; Ireland rugby union team; South Africa rugby team; New Zealand rugby union team; England rugby union team; France rugby union team; Australia rugby union team; Scotland rugby union team; Argentina rugby union team; Georgia rugby union team; Wales rugby union team; Sport";The Breakdown | Power rankings: Ireland top after epic win over world champions;New Zealand sit third after Scott Robertson’s strong start and England have work to do after a 2-0 defeat;https://www.theguardian.com/sport/article/2024/jul/16/rugby-union-power-rankings-the-breakdown;Sport
2024-07-16T06:00:09Z;Chile;The Guardian;"Oceans; Marine life; Seafood; Wildlife; Environment; Chile; Americas; World news; Restaurants; Food; Foraging";‘Instead of crisps, kids could eat snacks from the sea’: the forager chef looking to revolutionise Chile’s diet;From ‘sea carrots’ to the rubbery luga, Rodolfo Guzmán is on a mission to transform seaweed’s unique salty flavours into irresistible bites;https://www.theguardian.com/environment/article/2024/jul/16/instead-of-crisps-kids-could-eat-snacks-from-the-sea-the-forager-chef-looking-to-revolutionise-chiles-diet;Environment
2024-07-15T19:22:39Z;Chile;The Guardian;"Argentina; Copa América; Lionel Messi; US sports; Sport; Football; Argentina";Argentinians celebrate a Copa title – and consider the beginning of the end for Messi;In Buenos Aires, fans took to the streets after a record-breaking 16th continental championship. But there is also an acknowledgement of a changing of the guard;https://www.theguardian.com/football/article/2024/jul/15/argentinians-celebrate-a-copa-title-and-consider-the-beginning-of-the-end-for-messi;Football
2024-07-14T16:10:15Z;Chile;The Guardian;"Euro 2024; European Championship; Football; Sport";Euro 2024 final: Spain v England updates before game in Berlin – as it happened;All the latest updates as we count down to Sunday’s European Championship final in Berlin;https://www.theguardian.com/football/live/2024/jul/14/euro-2024-final-news-and-buildup-to-spain-v-england-live;Football
2024-07-14T10:00:47Z;Chile;The Guardian;"Chile; Adoption; Augusto Pinochet; Children; Human trafficking; Europe; Americas; World news; Law";Chile’s stolen children: a new effort offers hope to Pinochet-era international adoptees;Thousands of children were adopted abroad during the Pinochet dictatorship – many in murky circumstances;https://www.theguardian.com/world/article/2024/jul/14/chiles-stolen-children-a-new-effort-offers-hope-to-pinochet-era-international-adoptees;World news
2024-07-14T06:00:43Z;Chile;The Guardian;"Photography; Art and design; Culture; Art and design books";The big picture: an outsider’s eye on suburban Americans at play;​Chilean photographer Sergio Purtell captures a girl trying out a toy monkey in his wry 1980s series exploring his adopted home;https://www.theguardian.com/artanddesign/article/2024/jul/14/the-big-picture-an-outsiders-eye-on-suburban-americans-at-play;Art and design
2024-07-13T16:09:23Z;Chile;The Guardian;"Euro 2024; European Championship; Football; Sport";Euro 2024: England players leave training camp and set off to Berlin for Spain final – as it happened;Join our writers for all the latest news and reaction leading up to tomorrow’s final in Berlin;https://www.theguardian.com/football/live/2024/jul/13/euro-2024-all-the-latest-in-the-countdown-to-the-spain-v-england-final-live;Football
2024-07-13T12:00:20Z;Chile;The Guardian;"Alien life; Astronomy; Science; Space";‘Amazing’ new technology set to transform the search for alien life;A conference in the UK this week will outline new developments in a project to look for ‘technosignatures’ of other advanced species;https://www.theguardian.com/science/article/2024/jul/13/amazing-new-technology-set-to-transform-the-search-for-alien-life;Science
2024-07-13T11:00:19Z;Chile;The Guardian;"US politics; Donald Trump; US elections 2024; US news";‘Rule of the lawless’: what does the authoritarian playbook look like?;Ruth Ben-Ghiat, a historian and professor, on the contemporary threat of authoritarianism in the US;https://www.theguardian.com/us-news/article/2024/jul/13/ruth-ben-ghiat-strongmen-book-authoritarian-playbook;US news
2024-07-13T10:00:18Z;Chile;The Guardian;"Fiction; Books; Culture; Physics; Science and nature books; AI (artificial intelligence)";‘People say my book gave them a panic attack’: When We Cease to Understand the World author Benjamín Labatut;His page-turning books about quantum physics and game theory have given the Chilean writer a cult following – and won him famous fans from Stephen Fry to Björk and Barack Obama;https://www.theguardian.com/books/article/2024/jul/13/people-say-my-book-gave-them-a-panic-attack-when-we-cease-to-understand-the-world-author-benjamin-labatut;Books
2024-07-13T01:29:54Z;Chile;The Guardian;"USA rugby union team; Scotland rugby union team; Rugby union; Sport; US sports";Scotland stroll past US Eagles in DC with hat-trick for hooker Ewan Ashman;Tourists too strong for home-grown home team as build-up to 2031 and 2033 American World Cups begins;https://www.theguardian.com/sport/article/2024/jul/12/scotland-us-eagles-washington-dc-ewan-ashman;Sport
2024-07-12T11:00:51Z;Chile;The Guardian;"Rugby union; Sport; US sports; USA rugby union team; Rugby World Cup";‘Journey starts in earnest’: DC begins countdown to US Rugby World Cups;Scotland face Eagles at Audi Field but Alan Gilpin, World Rugby CEO, is also focusing on the women’s game and more;https://www.theguardian.com/sport/article/2024/jul/12/rugby-world-cup-alan-gilpin-washington-dc-scotland-usa;Sport
2024-07-11T11:00:23Z;Chile;The Guardian;"Life and style; Society";There’s nothing more excruciating than trying to talk to someone who isn’t interested. And I should know … | Adrian Chiles;I just wanted to tell the famous historian how much I loved his book. But he wasn’t having any of it, writes Adrian Chiles;https://www.theguardian.com/commentisfree/article/2024/jul/11/theres-nothing-more-excruciating-than-trying-to-talk-to-someone-who-isnt-interested-and-i-should-know;Opinion
2024-07-10T13:57:01Z;Chile;The Guardian;"Schools; Education; Children; Society; Social media";School can be brutal. Congratulations to anyone who has just made it through another year | Adrian Chiles;Day after day, week after week, term after term, the challenges keep coming. Even at primary school, I realised this was outrageous, says Adrian Chiles;https://www.theguardian.com/commentisfree/article/2024/jul/10/school-can-be-brutal-congratulations-to-anyone-who-has-just-made-it-through-another-year;Opinion
2024-07-10T08:00:52Z;Chile;The Guardian;"Paris Olympic Games 2024; Olympic Games; Chile; Sport; US sports; Table tennis";‘I play with happiness’: the table tennis star making her Olympic debut at 58;Zhiying Zeng thought her Olympic dream was over after she quit China’s table tennis team in 1986. Now, 38 years later, she will compete at Paris 2024;https://www.theguardian.com/sport/article/2024/jul/10/i-play-with-happiness-the-table-tennis-star-making-her-olympic-debut-at-58;Sport
2024-07-10T04:00:48Z;Chile;The Guardian;"Water industry; Utilities; Business; Politics; UK news; Privatisation; Thames Water; Water; Regulators";Cheap sales, debt and foreign takeovers: how privatisation changed the water industry;Familiar concerns over bosses’ pay, prices and borrowing emerged in the utilities’ early years in private hands, with UK dubbed the ‘dirty man of Europe’;https://www.theguardian.com/business/article/2024/jul/10/cheap-sales-debt-and-foreign-takeovers-how-privatisation-changed-the-water-industry;Business
2024-07-10T02:42:57Z;Chile;The Guardian;"Copa América; Canada; Argentina; Football; US sports; Sport";Copa América: Messi and Álvarez fire Argentina past Canada and into final;Argentina remain on course to retain their Copa América title after a 2-0 semi-final win over Canada in New Jersey;https://www.theguardian.com/football/article/2024/jul/09/copa-america-canada-argentina-semi-final-match-report-result;Football
2024-07-10T02:02:14Z;Chile;The Guardian;"Copa América; Canada; Argentina; Football; US sports; Sport";Argentina 2-0 Canada: 2024 Copa América semi-final – as it happened;<strong>Minute-by-minute report:</strong> Canada were unable to pull off a shock as the world champions strolled into the final;https://www.theguardian.com/football/live/2024/jul/09/argentina-v-canada-2024-copa-america-semi-final-live-updates;Football
2024-07-08T14:32:22Z;Chile;The Guardian;"Canada; Copa América; USA; Sport; Football; US sports";Copa América: are Canada now the best team in North America?;With the US and Mexico falling flat at Copa América, Les Rouges have soaked up the Concacaf spotlight with a blend of star-power and full-throttle football;https://www.theguardian.com/football/article/2024/jul/08/are-canada-now-the-best-team-in-north-america;Football
2024-07-08T09:00:33Z;Chile;The Guardian;"Venezuela; Americas; Global development; World news; Brazil; Suriname; Guyana; Ecuador; Mexico; Oil; Oil and gas companies";‘Will you stop exploring yours?’: Latin America forges ahead on new oil frontier;About half the countries in the region are experiencing a rush in oil exploration that threatens the global drive to achieve net zero. But many argue that they have a right to enrich themselves in the same way the west has;https://www.theguardian.com/global-development/article/2024/jul/08/will-you-stop-exploring-yours-latin-america-forges-ahead-on-new-oil-frontier;Global development
2024-07-07T10:00:04Z;Chile;The Guardian;"Global development; Colombia; Farc; Americas; World news";Colombian ex-guerrillas traded war for whitewater rafting. Now dissident rebels are forcing them out;The 2016 peace deal ended the longest-running war in the western hemisphere and was expected to bring sweeping change, but the reality has been complicated;https://www.theguardian.com/global-development/article/2024/jul/07/colombia-guerrillas-whitewater-rafting-;Global development
2024-07-07T03:08:25Z;Chile;The Guardian;"Copa América; Brazil; Uruguay; Football; US sports; Sport";Uruguay 0-0 Brazil (4-2 pens): Copa América 2024 quarter-final – as it happened;Manuel Ugarte scored the winning penalty as ten-man Uruguay eliminated Brazil after a horrible game in Las Vegas;https://www.theguardian.com/football/live/2024/jul/07/uruguay-v-brazil-copa-america-2024-quarter-final-live;Football
2024-07-06T20:53:47Z;Chile;The Guardian;"Wimbledon 2024; Sport; Tennis; Wimbledon";Wimbledon 2024: Djokovic wins, Swiatek, Jabeur, Dart and Norrie out – as it happened;Iga Swiatek crashed out, and Ons Jabeur, Harriet Dart and Cameron Norrie also lost, on a day when Andy Murray’s Wimbledon career ended after Emma Raducanu pulled out of the mixed doubles;https://www.theguardian.com/sport/live/2024/jul/06/wimbledon-2024-murray-and-raducanu-in-doubles-plus-djokovic-and-dart-live;Sport
2024-07-06T03:18:36Z;Chile;The Guardian;"Copa América; Sport; US sports; Football; Venezuela; Canada";Venezuela 1-1 Canada (3-4 pens): Copa América 2024 quarter-finals – as it happened;<strong>Minute-by-minute report: </strong>Jesse Marsch’s team will play Argentina in the last four after a nailbiting shootout victory;https://www.theguardian.com/football/live/2024/jul/05/venezuela-v-canada-copa-america-2024-quarter-finals-live-updates;Football
2024-07-05T03:11:33Z;Chile;The Guardian;"Copa América; Argentina; Ecuador; Football; Sport; US sports";Argentina 1-1 Ecuador (4-2 pens): Copa América 2024 quarter-final – as it happened;Emi Martinez was the hero in another penalty shoot-out as Argentina survived a big scare in Texas;https://www.theguardian.com/football/live/2024/jul/04/argentina-v-ecuador-copa-america-2024-live;Football
2024-07-04T10:04:29Z;Chile;The Guardian;"Euro 2024; European Championship; Football; Sport; Greece; Italy; Spain; Germany; Portugal; France; Argentina";From Greece to Argentina: how tournaments have been won in past 20 years;The past two World Cups have been won with some flair but defence and possession were key before that;https://www.theguardian.com/football/article/2024/jul/04/from-greece-to-argentina-how-teams-have-won-tournaments-in-last-20-years;Football
2024-07-04T10:00:34Z;Chile;The Guardian;"Venezuela; Americas; World news; Hugo Chávez; Nicolás Maduro";Could Venezuela’s softly-spoken opposition newcomer end 25 years of Chavismo?;Hopes rise that Edmundo González Urrutia can beat Nicolas Maduro on 28 July and lead the country out of a wretched decade;https://www.theguardian.com/world/article/2024/jul/04/venezuela-election-polls-maduro;World news
2024-07-04T08:00:33Z;Chile;The Guardian;"Copa América; Argentina; Brazil; Uruguay; USA; Mexico; Canada; Venezuela; Peru; Chile; Colombia; Sport; US sports; Football";Copa América power rankings: verdicts on the 16 teams after the group stage;Argentina are cruising, Colombia, Venezuela and Uruguay are rising, while the US and Mexico are in crisis;https://www.theguardian.com/football/article/2024/jul/04/copa-america-power-rankings-verdicts-on-the-16-teams-after-the-group-stage;Football
2024-07-03T14:32:48Z;Chile;The Guardian;"Rail travel; Attention deficit hyperactivity disorder";My superpower? Turning a lovely afternoon into a nerve-shredding orgy of panic | Adrian Chiles;Another day, another disaster, and all of my own making. But this one left me with a triumphant smile, writes Adrian Chiles;https://www.theguardian.com/commentisfree/article/2024/jul/03/my-superpower-turning-a-lovely-afternoon-into-a-nerve-shredding-orgy-of-panic;Opinion
2024-07-03T14:00:09Z;Chile;The Guardian;"Sex; Relationships; Life and style; Chile";‘We’ve been together 33 years. I want sex once a week. He wishes it was three times a day’: This is how we do it in Chile;Natalia and Juan Luís have been together for 33 years but are now noticing big differences in their sex drives ;https://www.theguardian.com/lifeandstyle/article/2024/jul/03/this-is-how-we-do-it-chile-natalia-juan-luis;Life and style
2024-07-03T07:00:03Z;Chile;The Guardian;"Football; Sport; European Championship; World Cup; Euro 2024";The Knowledge | The most one-sided penalty shootouts at major tournaments;Plus: goal-shy teams who topped their groups, yellow cards as tie-breakers and England v Aylesbury;https://www.theguardian.com/football/article/2024/jul/03/the-knowledge-one-sided-penalty-shootouts-at-major-football-tournaments;Football
2024-07-01T08:53:58Z;Chile;The Guardian;"Uruguay; Marcelo Bielsa; Copa América; USA; US sports; Sport; Football";Marcelo Bielsa suspended for decisive Copa América group game against USMNT;Uruguay’s manager has been punished for a delaying the start of the second-half in the team’s opening match of the tournament against Bolivia;https://www.theguardian.com/football/article/2024/jul/01/marcelo-bielsa-suspended-for-decisive-copa-america-group-game-against-usmnt;Football
2024-06-30T10:00:18Z;Chile;The Guardian;"Environment; Fracking; Climate crisis; Oil and gas companies; Fossil fuels; Energy; Energy industry; New Mexico";I saw first-hand just how much fracking destroys the earth | Rebecca Solnit;We’ve been making short-term decisions about our planet for a long time. The consequences are horrific to behold;https://www.theguardian.com/commentisfree/article/2024/jun/30/fracking-destroys-earth-new-mexico;Opinion
2024-06-30T05:00:13Z;Chile;The Guardian;"Wine; Food; Life and style";How politics affects the wine we drink;Duty on alcohol and tobacco is nothing new, but pegging tax to the abv level of wine is changing the way producers work;https://www.theguardian.com/food/article/2024/jun/30/how-politics-affects-the-wine-we-drink;Food
2024-06-29T10:00:03Z;Chile;The Guardian;"Quiz and trivia games; Entertainment TV; Television & radio";‘A lot of women get male teammates talking over them’: meet the first female world champion quizzer;Victoria Groce has plenty of answers. Her hardest question: why did it take so long for a woman to win the World Quizzing Championships?;https://www.theguardian.com/games/article/2024/jun/29/a-lot-of-women-get-male-teammates-talking-over-them-meet-the-first-female-world-champion-quizzer;Games
2024-06-29T09:00:48Z;Chile;The Guardian;"Argentina; Lionel Messi; Copa América; Football; US sports; Miami; Florida; Argentina; US news; Sport";Miami isn’t just Lionel Messi’s new home, it’s Argentinian football’s;As the national team chases Copa América glory on US soil, the AFA has established a permanent home in south Florida;https://www.theguardian.com/football/article/2024/jun/29/miami-isnt-just-lionel-messis-new-home-its-argentinian-footballs;Football
2024-06-27T16:48:14Z;Chile;The Guardian;"Bolivia; Americas; World news";Former heads of Bolivia’s army and navy arrested over failed coup;Minister says alleged putschists will be charged with crimes after apparent mutiny in volatile country;https://www.theguardian.com/world/article/2024/jun/27/heads-of-bolivias-army-and-navy-sacked-and-arrested-over-failed-coup;World news
2024-06-27T03:22:53Z;Chile;The Guardian;"T20 World Cup 2024; South Africa cricket team; Afghanistan cricket team; T20 World Cup; Sport; Cricket; Over by over reports";South Africa v Afghanistan: T20 World Cup semi-final – as it happened;Marco Jansen inspires South Africa to victory and a final at last after firing out Afghanistan for 56 on a capricious pitch;https://www.theguardian.com/sport/live/2024/jun/26/south-africa-v-afghanistan-t20-world-cup-semi-final-live;Sport
2024-06-26T16:01:41Z;Chile;The Guardian;"Jazz; Music; Culture; Birmingham";I may not understand jazz – but I know enough to know it’s wonderful | Adrian Chiles;"It’s one of the most baffling of all art forms, and the most mocked. Laugh all you like; these musicians are working miracles, writes Adrian Chiles";https://www.theguardian.com/commentisfree/article/2024/jun/26/i-may-not-understand-jazz-but-i-know-enough-to-know-its-wonderful;Opinion
2024-06-26T14:03:18Z;Chile;The Guardian;"Photography; Art and design; Culture; Body image; Life and style; Health & wellbeing";A bodybuilder pinches his bulging thigh – Sergio Purtell’s best photograph;‘This was taken at a small high school event. It was all about who could create the “perfect body” by working hard – and maybe becoming the next Arnold Schwarzenegger’;https://www.theguardian.com/artanddesign/article/2024/jun/26/bodybuilder-bulging-thigh-schwarzenegger-sergio-purtells-best-photograph;Art and design
2024-06-25T13:00:26Z;Chile;The Guardian;"Global development; Argentina; Mining; Americas; Environment; Lithium-ion batteries; Indigenous peoples; Technology";Battle lines redrawn as Argentina’s lithium mines ramp up to meet electric car demand;Mining companies accused of colonial ‘divide and rule’ tactics in their pursuit of the precious metal that lies under the country’s salt flats;https://www.theguardian.com/global-development/article/2024/jun/25/battle-lines-redrawn-as-argentinas-lithium-mines-ramp-up-to-meet-electric-car-demand;Global development
2024-06-24T15:00:41Z;Chile;The Guardian;"Wildfires; Climate crisis; Environment; US news; Australia news; Europe; World news";Climate crisis driving exponential rise in most extreme wildfires;Scientists warn of ‘scary’ feedback loop in which fires create more heating, which causes more fires worldwide;https://www.theguardian.com/world/article/2024/jun/24/climate-crisis-driving-exponential-rise-in-most-extreme-wildfires;World news
2024-06-24T13:10:27Z;Chile;The Guardian;"USA; Copa América; Christian Pulisic; US sports; Football; Sport";Pulisic’s pugnacious sizzle sets him apart in USMNT’s Copa América opener;The glossiest jewel of the US’s golden generation continued to deliver as a captain and goalscorer against Bolivia on Sunday night;https://www.theguardian.com/football/article/2024/jun/24/pulisics-pugnacious-sizzle-sets-him-apart-in-usmnts-copa-america-opener;Football
2024-06-24T05:00:20Z;Chile;The Guardian;"John Lewis; Retail industry; Waste; Ethical and green living; Business; Environment; UK news";John Lewis clothing range aims to ‘minimise waste and maximise longevity’;Retailer says ‘circular design’ collection is the first stage of an environmental overhaul of its products;https://www.theguardian.com/business/article/2024/jun/24/john-lewis-clothing-range-aims-to-minimise-waste-and-maximise-longevity;Business
2024-06-23T23:58:57Z;Chile;The Guardian;"Copa América; USA; Bolivia; Football; US sports; Sport";USA 2-0 Bolivia: Copa América 2024 – as it happened;<strong>Minute-by-minute report:</strong> The hosts got off to a winning start in Arlington as Christian Pulisic scored a scorcher;https://www.theguardian.com/football/live/2024/jun/23/usa-v-bolivia-copa-america-2024-soccer-live-updates-usmnt;Football
2024-06-21T10:00:02Z;Chile;The Guardian;"Copa América; Lionel Messi; Argentina; Canada; Football; Sport";Ageless Lionel Messi remains central to Argentina’s global ambitions;Argentina’s captain, nearing 37, was involved in both goals in Thursday’s Copa América opener. Once on the outs with the Albiceleste, it now seems there’s no end in sight;https://www.theguardian.com/football/article/2024/jun/21/lionel-messi-copa-america-argentina-canada;Football
2024-06-21T02:13:14Z;Chile;The Guardian;"Copa América; Argentina; Canada; Football; US sports; Sport; Lionel Messi";Copa América 2024: Argentina 2-0 Canada – as it happened;<strong>Minute-by-minute report:</strong> The reigning champions got off to a winning start in the Copa América opener. Bryan Armen Graham was watching;https://www.theguardian.com/football/live/2024/jun/20/copa-america-2024-argentina-v-canada-live-latest-score;Football
2024-06-20T09:00:35Z;Chile;The Guardian;"Canada; Copa América; US sports; Sport; Football";Copa América: refreshed Canada can play spoilers at maiden tournament;Jesse Marsch’s squad have an eye on 2026 but have enough talent to disrupt the group stage as they prepare for the tournament opener against Argentina;https://www.theguardian.com/football/article/2024/jun/20/copa-america-canada-argentina-marsch-messi-preview;Football
2024-06-19T15:23:39Z;Chile;The Guardian;"Bereavement; Death and dying; Parents and parenting; Family; Life and style; Society";My dad has died but his watch ticks on. Why does that feel so heartless? | Adrian Chiles;It was a cheap little thing, but Dad was obsessed with it. For some reason I thought it would stop when he did, writes Adrian Chiles;https://www.theguardian.com/commentisfree/article/2024/jun/19/my-dad-has-died-but-his-watch-ticks-on-why-does-that-feel-so-heartless;Opinion
2024-06-19T09:00:29Z;Chile;The Guardian;"Copa América; USA; Argentina; Brazil; Uruguay; Colombia; Ecuador; Canada; Mexico; Chile; Sport; US sports; Football";Copa América predictions: can anybody stop Messi and Argentina?;Our experts pick their winner, tournament MVP, the breakout star and which big name will be an early casualty;https://www.theguardian.com/football/article/2024/jun/19/copa-america-mexico-predictions-argentina-messi-usmnt;Football
2024-06-18T09:00:17Z;Chile;The Guardian;"Copa América; Brazil; Argentina; USA; Canada; Venezuela; Sport; US sports; Costa Rica; Ecuador; Colombia; Uruguay; Football";From Endrick to Adams: 10 players ready to shine at Copa América;With the tournament kicking off this week, we look at the players who will be decisive in the US this summer;https://www.theguardian.com/football/article/2024/jun/18/copa-america-preview-endrick-10-players-to-watch;Football
2024-06-18T05:00:03Z;Chile;The Guardian;"Pacific islands; Plastics; Environment; World news; Fishing; Marine life; Wildlife; Conservation; Animals; Global development; Pollution; Moai Statues, Easter Island; Travel; Oceans; Coastlines; Recycling; Chile; Indigenous peoples; Americas; Ethical and green living; Waste";‘Your plastic is here’: how Easter Island copes with 500 pieces of rubbish an hour washing ashore;One of the world’s most remote populations must deal with a flood of multinational plastic, much of it tossed overboard by the factory fishing ships hoovering up sealife just offshore;https://www.theguardian.com/global-development/article/2024/jun/18/your-plastic-is-here-how-easter-island-rapa-nui-copes-with-500-pieces-of-rubbish-an-hour-washing-ashore;Global development
2024-06-15T16:48:03Z;Chile;The Guardian;"International criminal court; International criminal justice; Law; Israel; Middle East and north Africa; World news; Russia; Europe; Hamas; Palestine";ICC must be allowed to carry out work ‘without intimidation’, say 93 member states;Joint statement of support for international criminal court issued following revelations of Israeli interference;https://www.theguardian.com/law/article/2024/jun/15/icc-must-be-allowed-to-carry-out-work-without-intimidation-say-93-member-states;Law
2024-06-15T04:00:09Z;Chile;The Guardian;"Ukraine; Russia; Europe; World news; Switzerland; Kamala Harris; Volodymyr Zelenskyy; Mohammed bin Salman";World leaders to gather in Swiss resort in attempt to forge Ukraine peace plan ;More than 100 leaders at two-day conference to discuss Kyiv’s proposals to end war – but Russia and China absent;https://www.theguardian.com/world/article/2024/jun/15/world-leaders-to-gather-in-swiss-resort-in-attempt-to-forge-ukraine-peace-plan;World news
2024-06-14T23:00:04Z;Chile;The Guardian;"Film; Drama films; Alexander Payne; David Mamet; Culture";Streaming: the best films about elections;From The Manchurian Candidate and Primary Colors to Uganda’s Bobi Wine: The People’s President, the high-stakes drama of voting season lends itself to film-making;https://www.theguardian.com/film/article/2024/jun/15/streaming-the-best-films-about-elections;Film
2024-06-13T11:30:19Z;Chile;The Guardian;"Life and style; Social trends; Society; Politics";Dining across the divide: ‘He came in wearing a red beret. I thought: this is going to be very intense’;They wrestled with communism and capitalism, taxes and Brexit – and still ended up swapping numbers;https://www.theguardian.com/lifeandstyle/article/2024/jun/13/dining-across-the-divide-elijah-bob;Life and style
2024-06-13T10:00:20Z;Chile;The Guardian;"Homes; Life and style; Gadgets; Technology";I have always laughed at those who read the instructions. But the joke is on me | Adrian Chiles;How much time could I have saved, and what handy things could I have done, if I had actually read the manuals for all my gadgets?;https://www.theguardian.com/commentisfree/article/2024/jun/13/i-have-always-laughed-at-those-who-read-the-instructions-but-the-joke-is-on-me;Opinion
2024-06-12T13:51:20Z;Chile;The Guardian;"D-day; Second world war";I feel squeamish talking to Germans about the war. Is it a British thing? | Adrian Chiles;The D-day commemorations have made us all reflect on the second world war. But I hesitated to talk to my German neighbour about it;https://www.theguardian.com/world/article/2024/jun/12/i-feel-squeamish-talking-to-germans-about-the-war-is-it-a-british-thing;World news
2024-06-11T11:49:43Z;Chile;The Guardian;"Life and style; Extreme sports; US news";I jumped from a plane – and my parachute failed. As I hurtled towards earth, I felt oddly calm;At 4,000ft, Jordan Hatmaker pulled the string and realised something was very wrong. With the speed of her descent increasing, she braced herself for impact;https://www.theguardian.com/lifeandstyle/article/2024/jun/11/how-we-survive-jordan-hatmaker-skydiver-suffolk-virginia;Life and style
2024-06-09T06:00:07Z;Chile;The Guardian;"Wine; Food; Life and style";It’s a sin to overlook cinsault ;The once dated cinsault grape is showing again what it can do;https://www.theguardian.com/food/article/2024/jun/09/its-a-sin-to-overlook-cinsault;Food
2024-06-08T13:00:47Z;Chile;The Guardian;"Space; Astronomy; Physics; Science";‘We’re trying to find the shape of space’: scientists wonder if the universe is like a doughnut;Rather than stretching to infinity and beyond, the universe may have a topology that can eventually be mapped;https://www.theguardian.com/science/article/2024/jun/08/shape-universe-topology-doughnut-flat-curvature-dimensions;Science
2024-06-07T13:00:16Z;Chile;The Guardian;"Wine; Food; Brazil";Why is Brazilian wine so overlooked? | Fiona Beckett on drink;Almost half of Brazil’s wine production is sparkling wine, but the country’s producers also make full-bodied reds and so called winter wine;https://www.theguardian.com/food/article/2024/jun/07/why-is-brazilian-wine-so-overlooked-fiona-beckett;Food
2024-06-06T14:12:05Z;Chile;The Guardian;"Israel-Gaza war; Israel; Gaza; Middle East and north Africa; Palestine";Israel-Gaza war: dozens reported killed after Israeli strike on UN school in refugee camp – as it happened;Unrwa chief says 6,000 displaced people were sheltering at school when it was hit and at least 35 have been killed;https://www.theguardian.com/world/live/2024/jun/06/israel-gaza-war-unrwa-school-hamas-middle-east-idf;World news
2024-06-04T06:00:07Z;Chile;The Guardian;"Sharks; Global development; Marine life; Greenpeace; Wildlife; Animals; Fish; Fishing; Fishing industry; Conservation; Business; Environment; Food; World news; Ecuador; Galápagos Islands; National parks; Americas; Oceans";‘Where do sharks hang out?’: the race to find safe spaces for the Galápagos’ ocean-going predators;Scientists are tagging sharks to map Pacific migration routes in a bid to expand marine reserves before more of these endangered species fall prey to illegal industrial fishing;https://www.theguardian.com/environment/article/2024/jun/04/sharks-tagging-endangered-species-pacific-migration-galapagos-marine-reserves;Environment
2024-05-31T18:35:59Z;Chile;The Guardian;"Mexico; Foreign, Commonwealth and Development Office; Americas; World news";British ambassador to Mexico sacked after pointing gun at embassy employee;Clip on social media showed Jon Benjamin aiming assault rifle at colleague in region rife with drug gangs;https://www.theguardian.com/world/article/2024/may/31/british-ambassador-to-mexico-sacked-after-pointing-gun-at-embassy-employee;World news
2024-05-31T15:50:06Z;Chile;The Guardian;"Banco Santander; Banks and building societies; Money; Banking; Business; UK news; Cybercrime; Hacking; Technology";Santander customers’ private data put up for sale for $2m by hackers;ShinyHunters stole information including bank and credit card numbers, as well as staff HR details;https://www.theguardian.com/business/article/2024/may/31/santander-customers-private-data-sale-hackers-shinyhunters-bank-credit-card-numbers;Business
2024-05-31T10:00:37Z;Chile;The Guardian;"Global development; Colombia; Americas; World news; Carers; Society";A sense of optimism and the chance to chat: how Bogotá is giving respect to unpaid carers;An innovative programme in the Colombian capital is giving a new kind of support and confidence to caregivers, most of them women;https://www.theguardian.com/global-development/article/2024/may/31/exercise-classes-computer-skills-and-the-chance-to-chat-how-bogota-is-changing-the-lives-of-unpaid-carers;Global development
2024-05-31T09:14:57Z;Chile;The Guardian;"Chester; Birds; Endangered species; Animals; Environment; England; UK news";Endangered penguin chicks hatched at Chester zoo named after plants;Zoo welcomes 11 Humboldt chicks, its highest number in a decade, including Thistle and Daffodil;https://www.theguardian.com/environment/article/2024/may/31/endangered-humboldt-penguin-chicks-hatched-at-chester-zoo-named-after-plants;UK news
2024-05-30T06:50:01Z;Chile;The Guardian;"Mining; BHP; Anglo American; Mergers and acquisitions; Business; UK news; Australia news; World news; South Africa";BHP walks away from £39bn attempt to take over mining rival Anglo American;Five-week pursuit by Australian company comes to end as last-ditch talks collapse;https://www.theguardian.com/business/article/2024/may/29/bhp-seeks-extension-to-talks-on-move-to-take-over-mining-rival-anglo-american;Business
2024-05-30T06:00:21Z;Chile;The Guardian;"Climate crisis; AI (artificial intelligence); Environment; Water; Technology sector; World news; Business; Technology";The ugly truth behind ChatGPT: AI is guzzling resources at planet-eating rates | Mariana Mazzucato;Big tech is playing its part in reaching net zero targets, but its vast new datacentres are run at huge cost to the environment, says economics professor Mariana Mazzucato;https://www.theguardian.com/commentisfree/article/2024/may/30/ugly-truth-ai-chatgpt-guzzling-resources-environment;Opinion
2024-05-27T23:52:12Z;Chile;The Guardian;"Air transport; Airline industry; Australia news; Climate crisis; Environment; World news";What causes turbulence on flights and which routes around the world are most affected?;After the fatal Singapore Airlines incident and injuries to passengers above Turkey, we explain what’s behind the phenomenon;https://www.theguardian.com/business/article/2024/may/27/what-causes-turbulence-on-flights-and-which-routes-around-the-world-are-most-affected;World news
2024-05-27T14:13:28Z;Chile;The Guardian;"Wine; Food; Life and style; Supermarkets";Orange wine: why sales of the seductive new taste of summer are soaring;"Sales in the UK are up 99% annually on Ocado, while there has been a 437% month-on-month rise in London. No wonder Aldi, Majestic and M&amp;S are stocking up";https://www.theguardian.com/food/article/2024/may/27/orange-wine-sales-seductive-new-taste-summer-soaring;Food
2024-05-27T00:49:32Z;Chile;The Guardian;"South Korea; Asia Pacific; World news; Mindfulness";Much ado about nothing: world’s most relaxed people gather in Seoul for ‘space-out’ competition;Participant with the lowest resting heart rate wins contest aimed at reminding workers to stop and take a breather;https://www.theguardian.com/world/article/2024/may/27/seoul-international-space-out-competition-south-korea;World news
2024-05-24T18:45:29Z;Chile;The Guardian;"Israel-Gaza war; Israel; Gaza; Middle East and north Africa; Palestine; International court of justice; World news";"Israel-Gaza war: Netanyahu rejects genocide claims as ‘false and outrageous’; Palestinian Authority welcomes ICJ ruling – as it happened";UN’s top court orders halt to Rafah offensive, saying it is ‘not convinced’ evacuation and other measures are alleviating Palestinians’ suffering;https://www.theguardian.com/world/live/2024/may/24/israel-gaza-war-live-icj-rafah-benjamin-netanyahu-latest-live-news-updates;World news
2024-05-23T10:00:07Z;Chile;The Guardian;"Life and style; Fast food; Food; Culture; Pubs";In the early hours of a motorway service station, I learned that the 24-hour city is over | Adrian Chiles;"The M&amp;S was shut. The Costa was shut. Burger King, Greggs and KFC were shut too. Maybe us humans just weren’t designed to stay up all night";https://www.theguardian.com/lifeandstyle/article/2024/may/23/in-the-early-hours-of-a-motorway-service-station-i-learned-that-the-24-hour-city-is-over;Life and style
2024-05-22T16:01:41Z;Chile;The Guardian;"Mining; Mergers and acquisitions; Commodities; Business; BHP; Anglo American; Glencore; World news; UK news";Anglo American rejects BHP’s third takeover offer of £38.6bn ;Australian firm says £31.11 a share is its final offer, but FTSE 100 miner agrees to enter talks with larger rival;https://www.theguardian.com/business/article/2024/may/22/anglo-american-rejects-third-and-final-bhp-takeover-approach;Business
2024-05-22T15:24:42Z;Chile;The Guardian;"Politics; Robert Fico; Politics";One thing people across the political spectrum can agree on? No one really knows what populism is | Adrian Chiles;Asking friends of all persuasions to define what a populist is brought up a surprising sense of unity;https://www.theguardian.com/politics/commentisfree/article/2024/may/22/one-thing-people-across-the-political-spectrum-can-agree-on-no-one-really-knows-what-populism-is;Politics
2024-05-22T14:44:59Z;Chile;The Guardian;"Business; Inflation; Economics";"Third BHP takeover offer swiftly rejected by Anglo American; UK inflation slows to 2.3% – as it happened";Anglo agrees to enter talks with larger rival, though BHP calls its £38.6n offer ‘final’;https://www.theguardian.com/business/live/2024/may/22/uk-inflation-expected-slowed-april-house-prices-paula-vennells-public-finances-anglo-american-bhp-business-live;Business
2024-05-21T18:04:22Z;Chile;The Guardian;"Haiti; Kenya; US news; Africa; Americas";Kenyan special forces police to arrive in Haiti to help combat gang violence;An advance group of Kenyan officers, part of a larger UN-backed ‘support mission’ to stabilize Haiti, landed in Port-au-Prince;https://www.theguardian.com/world/article/2024/may/21/kenya-haiti-mission;World news
2024-05-21T12:00:04Z;Chile;The Guardian;"Well actually; Food; Food & drink industry; Food science; Life and style; Health; Mexico; Chile; Ecuador; Europe; Peru; Uruguay; Argentina; Colombia; Brazil; Canada; Coca-Cola; Tobacco industry; Americas; Business; Ultra-processed foods";Latin America labels ultra-processed foods. Will the US follow?;In 2010, Mexico led the way, followed by Ecuador, Chile, Peru, Uruguay, Argentina and Colombia;https://www.theguardian.com/environment/article/2024/may/21/latin-america-food-labels-processed-foods;Environment
2024-05-21T09:00:34Z;Chile;The Guardian;"Canada; MLS; USA; Football; US sports; Sport";Canada coach Jesse Marsch: ‘Will MLS owners dictate selection? Come on man!’;The American is in charge of his country’s northern rivals after a deal with Toronto, Vancouver and Montreal’s MLS teams. He says it won’t affect his job;https://www.theguardian.com/football/article/2024/may/21/canada-coach-jesse-marsch-will-mls-owners-dictate-selection-come-on-man;Football
2024-05-21T06:00:32Z;Chile;The Guardian;"Conservation and indigenous people; Climate crisis; Chile; Global development; Americas; World news; Environment; Archaeology; Science; Extreme weather; Moai Statues, Easter Island; Travel; Heritage; Culture; Unesco";‘Moai designs are getting lost’: extreme weather chips away at Easter Island statues;Experts call for conservation action as the features on Rapa Nui’s famous monoliths are eroded by fire and rain;https://www.theguardian.com/global-development/article/2024/may/21/easter-island-rapa-nui-statues-moai-erosion-climate-crisis-chile-extreme-weather;Global development
2024-05-20T14:13:14Z;Chile;The Guardian;"Business; FTSE; Stock markets; Housing market";UK interest rate cut this summer ‘possible’ says BoE deputy governor, as house asking prices hit record – as it happened;Rolling coverage of the latest economic and financial news, as deputy governor Ben Broadbent gives his final speech at the BoE;https://www.theguardian.com/business/live/2024/may/20/asking-prices-uk-homes-hit-record-high-spring-selling-season-ryanair-fares-business-live;Business
2024-05-20T12:00:05Z;Chile;The Guardian;"Well actually; Food; Food & drink industry; Food science; Life and style; Health; France; Chile; Tobacco industry; Americas; Business; Europe; Society; Peru; Uruguay; Mexico; Argentina; Colombia; Ultra-processed foods";The US food industry has long buried the truth about their products. Is that coming to an end?;The FDA is developing front-of-package labels that corporations may have to start printing as early as 2027;https://www.theguardian.com/environment/article/2024/may/20/food-companies-nutrition-labels-truth;Environment
2024-05-20T09:06:45Z;Chile;The Guardian;"US weather; Environment; US news; Canada; Americas; World news";Weather tracker: Tornado and hail risk as US storm season ramps up again;Low pressure also expected to raise temperatures in eastern Canada and north-east US, while temperatures plummet in west;https://www.theguardian.com/environment/article/2024/may/20/weather-tracker-tornado-and-hail-risk-as-us-storm-season-ramps-up-again;Environment
2024-05-16T10:00:06Z;Chile;The Guardian;"Life and style; Education; Primary schools; Schools";I’d hate to be learning English again. Apostrophes are a nightmare | Adrian Chiles;Spell unlikely words, cram them into sentences: there must be a better way for kids to get the measure of a language, says Adrian Chiles;https://www.theguardian.com/commentisfree/article/2024/may/16/id-hate-to-be-learning-english-again-apostrophes-are-a-nightmare;Opinion
2024-05-15T14:14:04Z;Chile;The Guardian;"Life and style; Croatia; Awards and prizes";I never thought of myself as shy. But there I was, all wibbly-wobbly in the legs as I waited to go on TV  | Adrian Chiles;I discovered a new side of myself last week. And I didn’t much enjoy it, writes Adrian Chiles;https://www.theguardian.com/commentisfree/article/2024/may/15/never-thought-myself-as-shy-wibbly-wobbly-in-the-legs-tv;Opinion
2024-05-15T11:32:01Z;Chile;The Guardian;"Film; Israel-Gaza war; UK news; Israel; Culture; World news";UK Israeli film festival to go ahead despite calls for boycott;Organisers of Seret international film festival say it has been a challenging few months but ‘we are not going to cave’;https://www.theguardian.com/film/article/2024/may/15/uk-israeli-film-festival-seret-to-go-ahead-calls-for-boycott;Film
2024-05-15T03:18:40Z;Chile;The Guardian;"Westminster Dog Show; Dogs; US sports; Sport; Animals";Sage the miniature poodle named Westminster’s best in show – as it happened;<strong>Rolling report:</strong> America’s top canines vie for the coveted title of best in show at the Westminster dog show in New York. Follow along with Bryan Graham;https://www.theguardian.com/sport/live/2024/may/14/westminster-dog-kennel-club-show-results-winners-updates;Sport
2024-05-14T18:02:04Z;Chile;The Guardian;"Anglo American; Mining; BHP; Business; Mining; Mergers and acquisitions; UK news; Australia news; World news";Anglo American’s breakup is overdue. BHP must have seen it coming | Nils Pratley;Rejig is more radical than anything Anglo has tried in recent past but Australian miner could make fresh bid;https://www.theguardian.com/business/nils-pratley-on-finance/article/2024/may/14/anglo-american-breakup-overdue-bhp;Business
2024-05-13T16:46:15Z;Chile;The Guardian;"Business; BHP; Mining";Rejection of BHP’s second bid for Anglo American is unsurprising;Complex proposal will need to be backed by a bigger figure to put board under real pressure;https://www.theguardian.com/business/nils-pratley-on-finance/article/2024/may/13/rejection-of-bhps-second-bid-for-anglo-american-is-unsurprising;Business
2024-05-13T15:35:27Z;Chile;The Guardian;"Ireland; New York; US news; Art; Art and design; Culture; World news; Europe";Smiles, waves and flashed body parts: video portal links Dublin and New York;Dubliners urged to give ‘Irish welcome’ via interactive sculpture, but bad behaviour has also been on display;https://www.theguardian.com/world/article/2024/may/13/smiles-waves-flashed-body-parts-video-portal-links-dublin-new-york;World news
2024-05-13T13:04:04Z;Chile;The Guardian;"Anglo American; BHP; Mining; Business; UK news; Australia news; Mergers and acquisitions";Anglo American rejects new £34bn offer from mining rival BHP;Australian company says FTSE 100-listed group’s board did not engage with its all-share approach;https://www.theguardian.com/business/article/2024/may/13/anglo-american-rejects-offer-mining-bhp;Business
2024-05-11T14:00:27Z;Chile;The Guardian;"Business; Waste; Recycling; Environment; Technology; Fashion industry; Plastics";‘A world first’: project recycles polyester into yarn for new clothes;A venture that uses methods applied to plastic bottles for old textiles aims to tackle the UK’s mountain of unwanted garments;https://www.theguardian.com/business/article/2024/may/11/a-world-first-project-recycles-polyester-into-yarn-for-new-clothes;Business
2024-05-10T04:00:30Z;Chile;The Guardian;"Climate crisis; Climate science; Environment; Children; Population; World news";‘I am starting to panic about my child’s future’: climate scientists wary of starting families;A fifth of female climate scientists who responded to Guardian survey said they had opted to have no or fewer children ;https://www.theguardian.com/environment/article/2024/may/10/climate-scientists-starting-families-children;Environment
2024-05-09T10:00:09Z;Chile;The Guardian;"Life and style; Tea; Food";I’ve failed at jugs, I’m worse at teapots – why can’t I ever pour anything properly? | Adrian Chiles;When it comes to simple fluids from simple vessels, I know with dark certainty that the tablecloth is in for a besmirching, says Adrian Chiles;https://www.theguardian.com/commentisfree/article/2024/may/09/failed-jugs-teapots-cant-pour-anything-properly;Opinion
2024-05-08T14:00:14Z;Chile;The Guardian;"Climate crisis; Flooding; Extreme weather; Americas; Environment; World news; Mexico; Brazil; Drought; Amazon rainforest; Water; Hunger";Disease and hunger soar in Latin America after floods and drought, study finds;Climate chaos is threatening food production, trade and lives, says World Meteorological Organization;https://www.theguardian.com/environment/article/2024/may/08/disease-hunger-soar-latin-america-floods-drought-study;Environment
2024-05-08T09:00:38Z;Chile;The Guardian;"Global development; Chile; Fashion industry; Fashion; Fashion weeks; Waste; Pollution; Sustainable fashion; Environment; Life and style";Castoffs to catwalk: fashion show shines light on vast Chile clothes dump visible from space;The Atacama desert has become a ‘global sacrifice zone’ of used fast fashion. Activists and designers organised an event to raise awareness of the devastation to the land and local people;https://www.theguardian.com/global-development/article/2024/may/08/castoffs-to-catwalk-fashion-show-shines-light-on-vast-chile-clothes-dump-visible-from-space;Global development
2024-05-07T10:00:27Z;Chile;The Guardian;"Climate crisis; Environment; United Nations; Fossil fuels; Pollution";UN expert attacks ‘exploitative’ world economy in fight to save planet;Outgoing special rapporteur David Boyd says ‘there’s something wrong with our brains that we can’t understand how grave this is’;https://www.theguardian.com/world/article/2024/may/07/un-expert-human-rights-climate-crisis-economy;Environment
2024-05-07T06:00:02Z;Chile;The Guardian;"Fishing; Fishing industry; South Africa; Conservation; Marine life; Technology; World news; Environment; Food; Wildlife";Scaling up: the app that’s transforming lives in South African fishing communities;Abalobi provides a real-time marketplace for fishers to sell their catch, while also monitoring fish populations, and the tech could go global;https://www.theguardian.com/environment/article/2024/may/07/scaling-up-the-app-thats-transforming-lives-in-south-african-fishing-communities;Environment
2024-05-07T05:00:05Z;Chile;The Guardian;"Food & drink industry; Business; Europe; World news; UK news; Greece; Morocco; Turkey; Spain; Italy";Extra virgin olive oil prices tipped to top £16 a litre next month;Price rise for mass-market types expected as global production falls to lowest level in more than 10 years;https://www.theguardian.com/business/article/2024/may/07/extra-virgin-olive-oil-prices-global-production;Business
2024-05-06T16:00:43Z;Chile;The Guardian;"Well actually; Environment; Life and style";Can I get a little more eco-friendly every day? Four tips for a greener mindset;Developing a daily practice of sustainability can help ease your anxiety about the future – so I tried it out for a week;https://www.theguardian.com/wellness/article/2024/may/06/sustainable-eco-friendly-green-mindset;Wellness
2024-05-05T07:00:02Z;Chile;The Guardian;"Film; Life and style; Culture; Television; Television & radio";‘I get a little stir-crazy’: Jennifer Connelly on David Bowie, working with family and going back to college;Growing up on set put Oscar-winning actor Jennifer Connelly on the fast track to Hollywood fame. But despite her success, one of her lasting regrets was not finishing college – and, she says, it’s still on her to-do list…;https://www.theguardian.com/film/article/2024/may/05/i-get-a-little-stir-crazy-jennifer-connelly-on-david-bowie-working-with-family-and-going-back-to-college;Film
2024-05-05T06:00:02Z;Chile;The Guardian;"Politics books; Labour; Jeremy Corbyn; Diane Abbott; Ken Livingstone; John McDonnell; Tony Benn; Politics; Biography books; Books; Culture";The Searchers by Andy Beckett review – the leftists who took their lead from Tony Benn;An absorbing study of the radical left makes a convincing case for their cultural victories but romanticises the Jeremy Corbyn years;https://www.theguardian.com/books/article/2024/may/05/the-searchers-five-rebels-jeremy-corbyn-diane-abbott-tony-benn-ken-livingstone-john-mcdonnell-labour-britain;Books
2024-05-02T13:42:07Z;Chile;The Guardian;"Opera; Classical music; Music; Sadler's Wells; English National Opera (ENO); Royal Opera House; Culture";Margaret Curphey obituary;Soprano at the heart of productions of the Ring cycle and other Wagner operas conducted by Reginald Goodall;https://www.theguardian.com/music/2024/may/02/margaret-curphey-obituary;Music
2024-05-02T10:00:05Z;Chile;The Guardian;"Homes; Life and style";When my tumble dryer broke, I didn’t have high hopes of the chatbot. But the human was even less useful | Adrian Chiles;Appliance manufacturers think they’ve made the world a better place by automating their online help service. They couldn’t be more wrong;https://www.theguardian.com/commentisfree/2024/may/02/when-my-tumble-dryer-broke-i-didnt-have-high-hopes-of-the-chatbot-but-the-human-was-even-less-useful;Opinion
2024-05-01T14:52:10Z;Chile;The Guardian;"Health & wellbeing; Life and style; Blindness and visual impairment; Disability; Walking; Charities";How do you describe the view to someone who can’t see? I couldn’t even do justice to a canal towpath | Adrian Chiles;A day with some blind and partially sighted walkers has shown me how much I barely notice – and how hard it is to find the right words, writes Adrian Chiles;https://www.theguardian.com/commentisfree/2024/may/01/how-do-you-describe-the-view-to-someone-who-cant-see-i-couldnt-even-do-justice-to-a-canal-towpath;Opinion
2024-04-28T15:35:29Z;Chile;The Guardian;"Mining; Mergers and acquisitions; BHP; Anglo American; South Africa; Commodities; Business; Africa; World news; Australia news";BHP’s pursuit of Anglo American has a major obstacle: South Africa;The De Beers owner is a longstanding jewel in the African' state’s economic crown – it would be a ‘big blow’ to see it sold off;https://www.theguardian.com/business/2024/apr/28/bhp-pursuit-of-anglo-american-has-a-major-obstacle-south-africa;Business
2024-04-27T12:00:35Z;Chile;The Guardian;"Adoption; Chile; Human trafficking; Augusto Pinochet; Children; Society; Americas";She was told her babies were dead. Instead they were sold abroad. What happened when she met them 40 years on?;Four families torn apart by Chile’s illegal adoption scandal finally found each other decades later. They describe the emotional moment they met – and how they pieced together the lives they had spent apart;https://www.theguardian.com/society/2024/apr/27/chile-forced-adoption-scandal;Society
2024-04-27T06:00:29Z;Chile;The Guardian;"Adventure travel; Travelling solo; Travel";Confessions of an 82-year-old hitchhiker;The founder of the Bradt travel guides and author of a new memoir has been thumbing lifts all over the world since her teens – and has no intention of stopping now;https://www.theguardian.com/travel/2024/apr/27/hilary-bradt-confessions-of-an-82-year-old-hitchhiker;Travel
2024-04-26T17:47:27Z;Chile;The Guardian;"Mining; Mining; Electric, hybrid and low-emission cars; United Nations; Human rights; Climate crisis; Business; Environment; Technology; Travel and transport; World news; Child labour";UN-led panel aims to tackle abuses linked to mining for ‘critical minerals’ ;Panel of nearly 100 countries to draw up guidelines for industries that mine raw materials used in low-carbon technology;https://www.theguardian.com/environment/2024/apr/26/un-led-panel-tackle-abuses-mining-critical-minerals;Environment
2024-04-26T16:20:57Z;Chile;The Guardian;"Business; Economics; Stock markets; FTSE; Anglo American; BHP; Mining";FTSE 100 ends ‘fantastic week’ at new record high, as Anglo rejects takeover bid – as it happened;Analysts say investor confidence is improving, as shares in London post their best week since last September;https://www.theguardian.com/business/live/2024/apr/26/anglo-american-rejects-bhp-takeover-mining-copper-uk-consumer-confidence-insolvencies-business-live;Business
2024-04-26T14:09:58Z;Chile;The Guardian;"Mining; Anglo American; BHP; Mergers and acquisitions; Business; UK news; Australia news; World news; FTSE; London Stock Exchange; Stock markets";Anglo American rejects £31bn takeover offer from mining rival BHP;All-share proposal had potential to be one of biggest deals in sector for decade but deemed ‘opportunistic’;https://www.theguardian.com/business/2024/apr/26/anglo-american-rejects-takeover-offer-from-mining-rival-bhp;Business
2024-04-25T17:38:43Z;Chile;The Guardian;"Anglo American; BHP; Mining; Business; Mergers and acquisitions; UK news; Commodities";BHP move to buy Anglo American threatens to hasten City exodus;Offer of £31bn could create world’s biggest copper miner but attracts criticism from South African minister;https://www.theguardian.com/business/2024/apr/25/bhp-moves-to-buy-anglo-american-mining-group;Business
2024-04-25T16:49:51Z;Chile;The Guardian;"Anglo American; BHP; Mining; Mergers and acquisitions; Business; Commodities; UK news";BHP’s takeover bid for Anglo American is clever but far too low | Nils Pratley;Shareholders in the mining firm are unimpressed by the offer as it stands but what happens next could be interesting;https://www.theguardian.com/business/nils-pratley-on-finance/2024/apr/25/bhp-takeover-bid-anglo-american;Business
2024-04-24T15:47:52Z;Chile;The Guardian;"Politics; Books; Ian Kershaw; Adolf Hitler";Everyone laughed at Hitler in the 1920s. A century on, are we making the same mistake? | Adrian Chiles;Just because we find a political leader ludicrous, that doesn’t mean they’re not dangerous, writes Adrian Chiles;https://www.theguardian.com/commentisfree/2024/apr/24/everyone-laughed-at-hitler-in-the-1920s-a-century-on-are-we-making-the-same-mistake;Opinion
2024-04-24T15:27:07Z;Chile;The Guardian;"Friendship; Life and style; Society";I worry that hugging people could come across as creepy. So, from now on, all you’re getting is a handshake | Adrian Chiles;This seems a better way to say hello than giving a little bow or a wave – but maybe I’m overthinking the whole process, writes Adrian Chiles;https://www.theguardian.com/commentisfree/2024/apr/24/i-worry-that-hugging-people-could-come-across-as-creepy-so-from-now-on-all-youre-getting-is-a-handshake;Opinion
2024-04-24T11:00:38Z;Chile;The Guardian;"Food; Mexican food and drink; Breakfast; Eggs; Bread; Vegetables; Tomatoes; Brunch";How to make the perfect huevos rancheros – recipe | Felicity Cloake's How to make the perfect …;This favourite Mexican brunch dish may be only egg, tortilla, salsa and maybe a few beans, but it’s much more than the sum of its parts;https://www.theguardian.com/food/2024/apr/24/how-to-make-the-perfect-huevos-rancheros-recipe-felicity-cloake;Food
2024-04-24T04:00:30Z;Chile;The Guardian;"Italy; Environment; World news; Trees and forests; Infectious diseases; Endangered species; Conservation; Microbiology; Ash dieback; Europe";Plant apocalypse: how new diseases are destroying EU trees and crops;From ancient olive groves to root vegetables, foreign pests introduced via the bloc’s open import system are causing damage worth billions – and outbreaks are on the rise;https://www.theguardian.com/environment/2024/apr/24/plant-apocalypse-how-deadly-imported-diseases-are-destroying-eu-trees-and-crops-aoe;Environment
2024-04-23T11:00:36Z;Chile;The Guardian;"Plastics; Galápagos Islands; Ecuador; Global development; Environment; Endangered habitats; Endangered species; World news; Pollution; Americas; Coastlines; Conservation; Animals; Wildlife; National parks; Oceans";‘Currents bring life – and plastics’: animals of Galápagos live amid mounds of waste;As diplomats search for a deal to curb the world’s growing problem of plastic, piles of bottles, buoys, nets and packaging keep building up in what should be a pristine environment;https://www.theguardian.com/environment/2024/apr/23/currents-bring-life-and-plastics-animals-of-galapagos-live-amid-mounds-of-waste;Environment
2024-04-23T04:00:12Z;Chile;The Guardian;"Trees and forests; Environment; Plants; Philosophy; Wildlife";Mother trees and socialist forests: is the ‘wood-wide web’ a fantasy?;<strong>The long read</strong>: In the past 10 years the idea that trees communicate with and look after each other has gained widespread currency. But have these claims outstripped the evidence? ;https://www.theguardian.com/environment/2024/apr/23/mother-trees-and-socialist-forests-is-the-wood-wide-web-a-fantasy;Environment
2024-04-22T11:39:42Z;Chile;The Guardian;"Climate crisis; Human rights; Environment; Law; Americas; Barbados; World news";‘Children won’t be able to survive’: inter-American court to hear from climate victims;Historic hearing will receive submissions from people whose human rights have been affected by climate change;https://www.theguardian.com/environment/2024/apr/22/inter-american-court-climate-hearing-hear-from-victims-barbados;Environment
2024-04-21T04:00:45Z;Chile;The Guardian;"Portugal; Europe; World news; Books; Eurovision; European Union; Music; Culture";How Portugal’s 1974 Eurovision entry toppled the country’s fascist regime;Fifty years ago, a remarkable chain of events set in motion by the broadcast of a series of songs led to the fall of a dictatorship;https://www.theguardian.com/world/2024/apr/21/how-portugals-1974-eurovision-entry-toppled-the-countrys-fascist-regime;World news
2024-04-19T11:39:58Z;Chile;The Guardian;"Pfas; Environment; Pollution; US news";Ocean spray emits more PFAS than industrial polluters, study finds;Research into release of ‘forever chemicals’ raises concerns about contamination and human exposure along world’s coastlines;https://www.theguardian.com/environment/2024/apr/19/ocean-spray-pfas-study;Environment
2024-04-19T08:49:39Z;Chile;The Guardian;"Conservatives; Politics; UK news";Tory activist ‘appalled’ by party’s response to Mark Menzies claims;Katie Fieldhouse says Conservative party failed to act after she reported incident in early January;https://www.theguardian.com/politics/2024/apr/19/tory-activist-katie-fieldhouse-appalled-response-mark-menzies-claims;Politics
2024-04-18T19:04:17Z;Chile;The Guardian;"Conservatives; Keir Starmer; UK news; Politics";Police to contact Tory MP Mark Menzies over campaign fund misuse allegations;Development follows Labour calling for investigation into Tory MP alleged to have misused funds to pay off ‘bad people’;https://www.theguardian.com/politics/2024/apr/18/keir-starmer-says-police-should-investigate-mark-menzies-allegations;Politics
2024-04-18T17:21:10Z;Chile;The Guardian;"Politics; UK news; Conservatives; Labour; House of Commons; Opinion polls; Rishi Sunak; Rwanda; Immigration and asylum; Migration; Refugees; Grant Shapps; Penny Mordaunt; David Cameron; Keir Starmer; House of Lords; Schools; Angela Rayner; Inheritance tax; Institute for Fiscal Studies; Scottish National party (SNP); Scotland; Climate crisis; Scottish politics; Environment";UK politics: Tory HQ resists calls to refer Menzies allegations to police – as it happened;Internal investigation under way but party has not announced that police have been called in;https://www.theguardian.com/politics/live/2024/apr/18/rwanda-bill-raf-planes-grant-shapps-conservatives-labour-rishi-sunak-uk-politics-latest-updates;Politics
2024-04-18T06:00:22Z;Chile;The Guardian;"Beans, pulses and legumes; Food; Family; Life and style; Parents and parenting";My Serbian bean stew sets pulses racing. The recipe? Oh, if you insist … | Adrian Chiles;It’s a vegan version of pasulj – and it was the talk of the town when my daughter was at university. I’ve never been more proud, writes Adrian Chiles;https://www.theguardian.com/commentisfree/2024/apr/18/serbian-bean-stew-pasulj-recipe;Opinion
2024-04-17T23:22:35Z;Chile;The Guardian;"Los Angeles; US policing; California; US news; West Coast";Los Angeles police officer who killed girl, 14, in department store will not face charges;William Dorsey Jones Jr shot and killed both a man who was attacking customers and Valentina Orellana-Peralta, who was hiding in a dressing room;https://www.theguardian.com/us-news/2024/apr/17/lapd-officer-no-charges-valentina-orellana-peralta-killing;US news
2024-04-17T15:33:05Z;Chile;The Guardian;"Family; Football; Life and style";I slashed my unloved football – and 40 years later, I’m still living with the shame | Adrian Chiles;Why is guilt so difficult to shake? I feel regretful to this day about a poor decision I made as a boy, says Adrian Chiles;https://www.theguardian.com/commentisfree/2024/apr/17/i-slashed-my-unloved-football-and-40-years-later-im-still-living-with-the-shame;Opinion
2024-04-15T13:14:02Z;Chile;The Guardian;"Film; Star Wars; Culture; Advertising; Beer";May the fizz be with you: how a $10 Chilean beer ad took on Star Wars;After being posted on X and becoming a feature on Stephen Colbert’s Late Show, the 2003 commercial that sees Obi-Wan Kenobi hand Luke Skywalker a cold beer has gone viral;https://www.theguardian.com/film/2024/apr/15/may-the-fizz-be-with-you-how-a-10-chilean-beer-ad-took-on-star-wars;Film
2024-04-15T10:57:03Z;Chile;The Guardian;"Marine life; Global development; Environment; Wildlife; Fish; Chile; Americas; Science; World news; Oceans";Dragons, sea toads and the longest creature ever seen found on undersea peaks off South America;Underwater mountains are biodiversity hotspots and researchers exploring the Salas y Gómez ridge off Chile have found 50 species probably new to science. How much more has yet to be discovered?;https://www.theguardian.com/environment/2024/apr/15/chile-seamounts-pacific-dozens-new-species-found-underwater-mountain-range-south-america;Environment
2024-04-15T09:56:28Z;Chile;The Guardian;"Fair trade; Global development; Mexico; Netherlands; Coffee; Catholicism";Father Frans van der Hoff obituary;Dutch missionary who co-founded the Fairtrade movement through guaranteeing prices for coffee farmers in Mexico;https://www.theguardian.com/global-development/2024/apr/15/father-frans-van-der-hoff-obituary;Global development
2024-04-14T23:24:23Z;Chile;The Guardian;"Iran; Israel; Middle East and north Africa; Joe Biden; World news; Israel-Gaza war; US news";G7 releases statement condemning Iran retaliatory attacks on Israel – as it happened;This blog is now closed;https://www.theguardian.com/world/live/2024/apr/13/iran-launches-drone-attack-against-israel;World news
2024-04-12T15:07:00Z;Chile;The Guardian;"Books; Fiction in translation; Culture; Fiction; Gabriel García Márquez; Carlos Fuentes; Mario Vargas Llosa; Horror books; Booker prize; Awards and prizes";Latin American authors on rise in International Booker prize lists;Today’s boom in Latin American literature is spearheaded by women, from Fernanda Melchor, Mariana Enriquez to Samanta Schweblin, who engage with femicide, trauma and violence through horror and speculative fiction;https://www.theguardian.com/books/2024/apr/12/latin-american-authors-on-rise-in-international-booker-prize-lists;Books
2024-04-11T10:00:29Z;Chile;The Guardian;Animals;What should you do if a cow attacks? I’ve finally found the answer | Adrian Chiles;Run away or stand still? Make yourself look big or make yourself look small? I asked a dairy farmer how to react when a walk in the country turns nasty;https://www.theguardian.com/commentisfree/2024/apr/11/fear-no-more-for-i-know-what-to-do-in-case-of-an-unlikely-cow-attack;Opinion
2024-04-10T16:09:19Z;Chile;The Guardian;"Death and dying; Life and style; Society";It is a privilege to be present when someone dies. If only I'd seen it that way, it would have helped me no end | Adrian Chiles;I have received many lovely messages in the weeks since my dad died – including one that will always stay with me, writes Adrian Chiles;https://www.theguardian.com/commentisfree/2024/apr/10/privilege-to-be-present-when-someone-dies-if-only-id-seen-it-that-way-would-have-helped;Opinion
2024-04-09T11:00:08Z;Chile;The Guardian;"Fish; Fishing industry; Endangered habitats; Argentina; Chile; Marine life; Fishing; Climate crisis; Conservation; Environment; Animals; Business; Food; Wildlife; World news; Fish; Food; Americas; Farming; Falkland Islands; Indigenous peoples; Seafood; UK news";Crabs, kelp and mussels: Argentina’s waters teem with life – could a fish farm ban do the same for Chile? ;While the ecosystem is thriving off the coast of Argentina, the proliferation of salmon farms in Chile’s waters is threatening marine life, say critics;https://www.theguardian.com/environment/2024/apr/09/crabs-kelp-and-mussels-argentina-waters-teem-with-life-can-a-fish-farm-ban-do-the-same-for-chile;Environment
2024-04-08T12:03:47Z;Chile;The Guardian;"Global economy; Inflation; OECD; Economics; Business; UK news; World news; Ukraine; Europe; Food & drink industry";Food inflation in world’s rich nations falls to pre-Ukraine war levels;Rate declines for 15th consecutive month across 38 OECD countries from 6.3% in January to 5.3% in February;https://www.theguardian.com/business/2024/apr/08/food-inflation-rich-nations-falls-ukraine-war-oecd;Business
2024-04-07T16:25:07Z;Chile;The Guardian;"Portugal; The far right; Europe; World news";The Guardian view on Portugal’s Carnation Revolution: a legacy to protect | Editorial;<strong>Editorial</strong>: As the 50th anniversary of the transition to democracy is celebrated, the rise of the far right is casting a shadow over the present;https://www.theguardian.com/commentisfree/2024/apr/07/the-guardian-view-on-portugals-carnation-revolution-a-legacy-to-protect;Opinion
2024-04-07T14:03:07Z;Chile;The Guardian;"Ecuador; Mexico; Americas; António Guterres; United Nations; World news";UN chief joins condemnation of Ecuadorian raid on Mexican embassy;António Guterres voices ‘alarm’ as Latin American governments sharply criticise Quito’s move to arrest former vice-president;https://www.theguardian.com/world/2024/apr/07/latin-american-governments-condemn-ecuador-after-police-raid-mexican-embassy;World news
2024-04-07T05:00:23Z;Chile;The Guardian;"Television & radio; Culture";TV tonight: eye-witness accounts from inside the Israel-Gaza war;Lyse Doucet learns the human cost on both sides in this devastating documentary. Plus: Paul O’Grady’s last ever TV recording. Here’s what to watch this evening;https://www.theguardian.com/tv-and-radio/2024/apr/07/tv-tonight-eye-witness-accounts-from-inside-the-israel-gaza-war;Television & radio
2024-04-05T09:00:04Z;Chile;The Guardian;"Art; Life and style; Auguste Rodin; Art and design";Experience: I stole a Rodin sculpture from a museum;I held it and nothing happened. So I just took it, put it in my bag and left;https://www.theguardian.com/lifeandstyle/2024/apr/05/experience-i-stole-a-rodin-sculpture-from-a-museum;Life and style
2024-04-04T13:00:37Z;Chile;The Guardian;"Food; Business; Chefs; US news";‘Trademark bully’: Momofuku turns up heat on others selling ‘chili crunch’;David Chang’s food empire is sending cease-and-desists in what some say is an effort to dominate the spicy condiment’s market;https://www.theguardian.com/food/2024/apr/04/chili-crunch-trademark-momofuku-david-chang;Food
2024-04-03T15:59:34Z;Chile;The Guardian;"Death and dying; NHS; Older people; Health; Society";Dad spent two of the last days of his life alone and distressed in A&E – for no good reason. This insanity must stop | Adrian Chiles;He was sent there by himself, without his hearing aids, in the middle of the night, simply as a precaution. It was awful for him, and a dreadful waste of NHS resources;https://www.theguardian.com/commentisfree/2024/apr/03/dad-last-days-life-alone-distressed-adrian-chiles;Opinion
2024-04-03T14:18:03Z;Chile;The Guardian;"Israel-Gaza war; Israel; Gaza; Middle East and north Africa; Palestine; US foreign policy";Middle East crisis: UN human rights council to consider call for Israel arms embargo – as it happened;If draft brought forward by Pakistan is adopted, it would mark the first time that the UN’s top rights body has taken a position on the war in Gaza;https://www.theguardian.com/world/live/2024/apr/03/middle-east-crisis-live-gaza-israel-conflict-aid-worker-deaths-joe-biden-world-central-kitchen;World news
2024-04-01T06:41:01Z;Chile;The Guardian;"Australia news; Australian politics; Labor party; Queensland; Coles; Woolworths; Victoria";"BoM says March was second-warmest on record; Easter campers rescued from Queensland flood waters – as it happened";This blog is now closed;https://www.theguardian.com/australia-news/live/2024/apr/01/australia-news-live-latest-headlines-today-energy-welfare-bruce-lehrmann-middle-east-cost-of-living;Australia news
2024-03-31T05:00:29Z;Chile;The Guardian;"Wine; Life and style";Easy-drinking wines you’ll want to drink every day;Quaffable reds with the lots of interest and lowish abvs that could soon be your best ‘everyday’ wine;https://www.theguardian.com/food/2024/mar/31/easy-drinking-wines-youll-want-to-drink-every-day;Food
2024-03-31T02:09:58Z;Chile;The Guardian;"Lebanon; Israel-Gaza war; United Nations; António Guterres; Israel; Hezbollah; Middle East and north Africa";United Nations secretary general condemns explosion that injured UN observers in southern Lebanon;António Guterres expresses ‘grave concern’ over ongoing clashes at border after a shell exploded near the observers;https://www.theguardian.com/world/2024/mar/31/united-nations-secretary-general-condemns-explosion-that-injured-un-observers-in-southern-lebanon;World news
2024-03-29T14:00:42Z;Chile;The Guardian;"Wine; Food; French food and drink; Italian food and drink; South African food and drink; Australian food and drink; Spring food and drink";Light red wines for spring | Fiona Beckett on drink;Spring forward into a light reds – look for grapes such as cinsault, gamay, and pinot noir or bardolino;https://www.theguardian.com/food/2024/mar/29/discover-light-red-wines-for-spring-fiona-beckett;Food
2024-03-29T11:03:10Z;Chile;The Guardian;US news;An Israeli airstrike on Syria | First Thing;War monitor reports Israeli airstrike in Syria has killed more than 40 people<strong>, </strong>mainly troops.<strong> </strong>Plus: ecocide in Gaza;https://www.theguardian.com/us-news/2024/mar/29/first-thing-israel-launches-deadly-airstrike-on-syria;US news
2024-03-29T08:00:34Z;Chile;The Guardian;"Antarctica; Environment; World news; Global development; Ukraine; Europe; Polar regions; Bird flu; Sea ice; Marine life; Climate crisis; Wildlife; Ozone layer; Oceans";‘He took five bullets and returned to work on plankton’: the double lives of Ukraine’s Antarctic scientists;When the team at Vernadsky base are not back defending their homeland, they are on the frontline of the climate crisis;https://www.theguardian.com/environment/2024/mar/29/ukraine-antarctic-scientists-climate-crisis-vernadsky-base;Environment
2024-03-28T14:00:12Z;Chile;The Guardian;"Australian politics; Australian immigration and asylum; Migration; Refugees; Andrew Giles; Australia news; Labor party; Australian Greens";Refugees risk being stripped of protection under ‘draconian’ Labor deportation bill, opponents say;Greens immigration spokesperson says bill expands ministerial power to reverse protection findings and deport people previously granted asylum;https://www.theguardian.com/australia-news/2024/mar/29/labor-deportation-bill-refugee-protection-visas;Australia news
2024-03-28T12:00:08Z;Chile;The Guardian;"Ohio; US Senate; US politics; Colombia; US news; Americas";Bernie Moreno says he fled socialism in Colombia for the US in 1971. What does history say?;The Republican challenger to Democrat Sherrod Brown for US Senate in Ohio has made dubious claims in his campaign;https://www.theguardian.com/us-news/2024/mar/28/republican-bernie-moreno-questionable-campaign-claims;US news
2024-03-28T11:00:16Z;Chile;The Guardian;"Baltimore bridge collapse; US news; Baltimore; Shipping industry";US maritime union sounds alarm over global shipping standards;Marine Engineers’ Beneficial Association warned of the dangers of bigger cargo vessels and smaller crews not at par with US levels;https://www.theguardian.com/us-news/2024/mar/28/us-maritime-union-global-shipping-standards;US news
2024-03-28T08:00:30Z;Chile;The Guardian;"Euro 2024; European Championship; Football; Sport";Euro 2024 power rankings: a look at the 24 teams going to Germany;Our writers break down all 24 teams that have qualified for this summer’s European Championship;https://www.theguardian.com/football/2024/mar/28/euro-2024-power-rankings-a-look-at-the-24-teams-going-to-germany;Football
2024-03-27T20:30:47Z;Chile;The Guardian;"Baltimore bridge collapse; US news; Baltimore";Baltimore bridge collapse: White House says ‘our hearts go out to families’ of victims amid recovery operation – as it happened;"Officials say divers have not entered water yet due to moving debris; questions raised over economic impact of Key Bridge’s collapse";https://www.theguardian.com/us-news/live/2024/mar/27/baltimore-bridge-collapse-latest-missing-people-search-ship-black-box;US news
2024-03-27T08:48:12Z;Chile;The Guardian;"Baltimore bridge collapse; Joe Biden; US news; Baltimore; US politics";Baltimore Key Bridge collapse: six missing now presumed dead, police say;Authorities say accident sent vehicles and workers into river as Biden promises to fund rebuilding of crucial structure;https://www.theguardian.com/us-news/2024/mar/26/biden-pay-baltimore-bridge;US news
2024-03-26T07:00:24Z;Chile;The Guardian;"Bird flu; Antarctica; Birds; Environment; Wildlife; Animals; Health; Global development; World news";‘Cautious optimism’ as penguins test positive for bird flu but show no symptoms;Asymptomatic cases may seem reassuring for the penguins, but scientists fear they could act as ‘Trojan horses’ for other species;https://www.theguardian.com/environment/2024/mar/26/bird-flu-asymptomatic-penguins-adelie-penguins-antarctic;Environment
2024-03-23T21:30:08Z;Chile;The Guardian;"Friendlies; Football; England; Brazil; Sport";England 0-1 Brazil: international football friendly – as it happened;Endrick, 17, became the youngest goalscorer in Wembley history as a new-look Brazil beat England in a hard-fought game of few clear chances;https://www.theguardian.com/football/live/2024/mar/23/england-v-brazil-international-football-friendly-live;Football
2024-03-23T18:54:07Z;Chile;The Guardian;"Monarchy; Catherine, Princess of Wales; King Charles III; Queen Elizabeth II; UK news; Prince Harry; Prince George";Britain’s slimmed-down monarchy has been left vulnerable in wake of cancer diagnoses;Fewer engagements are being conducted, and possible role of Harry as regent could raise constitutional issues;https://www.theguardian.com/uk-news/2024/mar/23/britain-slimmed-down-monarch-cancer-diagnoses-harry-regent;UK news
2024-03-22T23:27:00Z;Chile;The Guardian;"Aryna Sabalenka; Tennis; Sport";Aryna Sabalenka wins on return to court after death of her former partner;Aryna Sabalenka beat Paula Badosa 6-4, 6-3 in the second round of the Miami Open on her return to court following the death of Konstantin Koltsov;https://www.theguardian.com/sport/2024/mar/22/grieving-aryna-sabalenka-retains-focus-to-see-off-paula-badosa-in-miami-open;Sport
2024-03-22T14:00:05Z;Chile;The Guardian;"Australia news; Astronomy; Science";Planet-eating stars more common than previously thought, astrophysicists find;New research from Australian scientists shows strong evidence even mid-life stable stars like our sun have engulfed entire planets;https://www.theguardian.com/australia-news/2024/mar/23/planet-eating-stars-more-common-than-previously-thought-astrophysicists-find;Australia news
2024-03-20T15:39:02Z;Chile;The Guardian;"Death and dying; Society; Family; Parents and parenting; Life and style";I’ve spent a lifetime dreading the loss of a parent. And now it’s finally happened | Adrian Chiles;I am shocked at how shocked I am. Why are we so unprepared when the inevitable comes to pass, asks Adrian Chiles;https://www.theguardian.com/commentisfree/2024/mar/20/ive-spent-a-lifetime-dreading-the-loss-of-a-parent-and-now-its-finally-happened;Opinion
2024-03-18T01:00:48Z;Chile;The Guardian;"Ireland rugby union team; Six Nations 2024; Six Nations; Rugby union; Sport";Ireland ready themselves for South Africa as Scotland rue near misses ;After a successful Six Nations Peter O’Mahony’s men will now face the sternest test of all against the world champions;https://www.theguardian.com/sport/2024/mar/18/ireland-ready-themselves-for-south-africa-as-scotland-rue-near-misses;Sport
2024-03-15T12:00:35Z;Chile;The Guardian;"Food; Life and style; US news; Herbs and spices";Iced spice: are jalapeños really losing their heat?;A story exposing a pepper conspiracy has sparked a five-alarm panic – but heat seekers still have options;https://www.theguardian.com/food/2024/mar/15/why-jalapeno-not-spicy;Food
2024-03-12T02:09:19Z;Chile;The Guardian;"Airline industry; Australia news; New Zealand; Asia Pacific; Chile";‘Felt like an earthquake’: passengers recall moment of terror on Latam flight as investigation launched;Latam Airlines flight LA800 was headed to Auckland from Sydney when plane’s ‘gauges just blanked out’ due to technical problem, pilot reportedly told passengers;https://www.theguardian.com/business/2024/mar/12/latam-airlines-flight-injuries-technical-problems-plane-drop-new-zealand-sydney-to-auckland;Business
2024-03-11T08:12:09Z;Chile;The Guardian;"Australia news; New Zealand";Fifty people treated after ‘technical problem’ caused ‘strong movement’ on Latam flight from Sydney;Passengers on flight to Auckland describe ‘mid-air drop’ with people thrown from their seats;https://www.theguardian.com/australia-news/2024/mar/11/fifty-people-treated-after-technical-problem-caused-strong-movement-on-latam-flight-from-sydney;Australia news
2024-03-10T22:00:11Z;Chile;The Guardian;"Six Nations 2024; England rugby union team; Steve Borthwick; Ireland rugby union team; Six Nations; Rugby union; Sport";Borthwick wants more improvement as England eye unlikely Six Nations title;The head coach has predicted a ‘bigger, physical challenge’ after Ireland win, with England in the hunt for the Six Nations title for first time since 2020;https://www.theguardian.com/sport/2024/mar/10/borthwick-backs-england-to-claim-unlikely-six-nations-title-in-france;Sport
2024-03-10T14:00:02Z;Chile;The Guardian;"Interiors; Life and style; Homes";Italian renaissance: a stylish renovation in Bologna;The discovery of an old fresco inspired the colours and themes for this distinctive reworked apartment. By Alice Ida;https://www.theguardian.com/lifeandstyle/2024/mar/10/italian-renaissance-a-stylish-renovation-in-bologna;Life and style
2024-03-07T11:00:53Z;Chile;The Guardian;"Men's fashion; Men; Fashion; Hats; Life and style";Pointless hats, trousers that are too short, trousers that show off your bum … I’ll never understand fashion | Adrian Chiles;"I’m not ashamed of my ankles, or of my M&amp;S underpants. But why flaunt them?";https://www.theguardian.com/commentisfree/2024/mar/07/pointless-hats-trousers-that-are-too-short-trousers-that-show-off-your-bum-ill-never-understand-fashion;Opinion
2024-03-06T22:07:53Z;Chile;The Guardian;"Business; US news; Climate crisis; Environment";US regulators approve significantly scaled back climate disclosure rule;SEC rule will require large businesses to report gas emissions, but some experts say weakened version ‘paves way for greenwashing’;https://www.theguardian.com/business/2024/mar/06/us-sec-climate-change-emissions-disclosure;Business
2024-03-06T18:00:30Z;Chile;The Guardian;"Six Nations 2024; England rugby union team; Ireland rugby union team; Scotland rugby union team; Six Nations; Rugby union; Sport";‘I couldn’t tell you what we are:’ England’s search for identity goes on | Gerard Meagher;Steve Borthwick changes his plan for every game but that leaves him open to charges of being overreliant on data;https://www.theguardian.com/sport/2024/mar/06/i-couldnt-tell-you-what-we-are-englands-search-for-identity-goes-on;Sport
2024-03-06T17:32:51Z;Chile;The Guardian;"Body image; Politics; Keir Starmer; Peter Mandelson; Life and style; Health & wellbeing";I feel for Keir Starmer, for I too have suffered the sting of fat-shaming | Adrian Chiles;I hope the leader of the opposition shrugged it off when Peter Mandelson commented on his weight. But I know how words can wound;https://www.theguardian.com/commentisfree/2024/mar/06/i-feel-for-keir-starmer-for-i-too-have-suffered-the-sting-of-fat-shaming;Opinion
2024-03-06T15:35:46Z;Chile;The Guardian;"Israel-Gaza war; Israel; Gaza; Hamas; Middle East and north Africa; Palestine";Middle East crisis live: EU working on maritime humanitarian corridor to support people in Gaza – as it happened;European Commission president Ursula von der Leyen due to travel to Cyprus as bloc works to try to establish corridor through island;https://www.theguardian.com/world/live/2024/mar/06/middle-east-crisis-live-biden-hamas-israel-gaza-ceasefire-deal-talks;World news
2024-03-05T02:04:59Z;Chile;The Guardian;"Matildas; Paris Olympic Games 2024; Football; Women's football; Australia sport; Sport";Matildas eye another crowd record with pre-Olympic games against China locked in ;The Matildas are looking to set a new attendance record and extend a run of home sell-outs to 14 matches with games in Adelaide and Sydney;https://www.theguardian.com/football/2024/mar/05/matildas-vs-china-friendly-football-matches-sydney-adelaide-record-attendance;Football
2024-02-29T15:00:19Z;Chile;The Guardian;"Television; Culture; Television & radio";‘It awakened something in me’: the best LGBTQ TV shows ever – from Drag Race to Will & Grace;As Queer As Folk turns 25, stars from the community celebrate the television that has most inspired them, including lesbian witches, the RuPaul show that took over the planet … plus Eddie and Patsy;https://www.theguardian.com/tv-and-radio/2024/feb/29/it-awakened-something-in-me-the-best-lgbtq-tv-shows-ever-from-drag-race-to-will-grace;Television & radio
2024-02-29T11:00:15Z;Chile;The Guardian;"Life and style; Farming";I thought I knew what farmers’ lives were like. I was so wrong | Adrian Chiles;I’ve always been interested in the men and women who produce our food. Why did it take me so long to really talk to one?;https://www.theguardian.com/lifeandstyle/commentisfree/2024/feb/29/i-thought-i-knew-what-farmers-lives-were-like-i-was-so-wrong;Life and style
2024-02-28T15:21:04Z;Chile;The Guardian;"Homes; Life and style";Naked, smelly and bleeding, all I wanted was hot water. But the shower had other ideas  | Adrian Chiles ;The only good thing about that terrible day when the boiler broke down? It put the rest of my troubles into perspective, writes Adrian Chiles;https://www.theguardian.com/commentisfree/2024/feb/28/naked-smelly-and-bleeding-all-i-wanted-from-the-world-was-some-hot-water-but-the-shower-had-other-ideas;Opinion
2024-02-27T17:41:29Z;Chile;The Guardian;"Global development; Venezuela; Americas; Refugees";Venezuelan migrants boost economies of South American countries, studies find;Benefits for Latin American host nations could be greater still if access to jobs for migrants were increased, research shows;https://www.theguardian.com/global-development/2024/feb/27/venezuelan-migrants-economy-south-america;Global development
2024-02-26T14:27:40Z;Chile;The Guardian;"Bird flu; Birds; Wildlife; World news; Animals; Environment; Antarctica; Conservation";Scientists confirm first cases of bird flu on mainland Antarctica;Fears for penguin colonies after the discovery of the highly contagious H5N1 virus in two dead skuas;https://www.theguardian.com/environment/2024/feb/26/scientists-confirm-first-cases-of-bird-flu-on-mainland-antarctica;Environment
2024-02-25T18:00:02Z;Chile;The Guardian;"Six Nations 2024; Steve Borthwick; Maro Itoje; England rugby union team; Scotland rugby union team; Six Nations; Rugby union; Sport";Borthwick demands explanation for England’s ‘hot potato’ collapse;Steve Borthwick will demand answers from his players for the damaging Six Nations defeat in Scotland;https://www.theguardian.com/sport/2024/feb/25/borthwick-demands-explanation-for-englands-hot-potato-collapse;Sport
2024-02-22T14:00:20Z;Chile;The Guardian;Quiz and trivia games;The King William’s College quiz 2023 – the answers;At Christmas, we published the 119th unfeasibly tricky general knowledge paper from the Isle of Man school. Did you dare to give it a try? Here are the answers;https://www.theguardian.com/games/2024/feb/22/the-king-williams-college-quiz-2023-the-answers;Games
2024-02-21T16:39:53Z;Chile;The Guardian;"Transport policy; Transport; Politics; Wales; UK news";A 20mph speed limit seemed unfeasible – until I learned to love pootling along | Adrian Chiles;The lower limit wasn’t brought in for nothing: 30mph now feels decidedly dangerous. Here’s to the pace and pleasures of the slow lane, writes Adrian Chiles;https://www.theguardian.com/commentisfree/2024/feb/21/20mph-speed-limit-seemed-unfeasible-i-learned-to-love-pootling-along;Opinion
2024-02-21T15:20:45Z;Chile;The Guardian;"Middle East and north Africa; Israel; Gaza; Hamas";Middle East crisis: Knesset votes to back Netanyahu’s opposition to ‘unilateral’ creation of Palestinian state – as it happened;99 of 120 lawmakers voted to support declaration passed earlier this week by cabinet and say any accord would have to be reached by direct negotiations;https://www.theguardian.com/world/live/2024/feb/21/middle-east-crisis-live-israel-gaza-palestine-lebanon-un-the-hague;World news
2024-02-21T11:00:13Z;Chile;The Guardian;"Friendship; Immigration and asylum; UK news; Life and style";How to be smarter and happier? Broaden your friendship group | Charlie Brinkhurst-Cuff;Many of us gravitate towards people who are similar to us. But as I recently discovered, there is delight to be found in our differences, writes Charlie Brinkhurst-Cuff;https://www.theguardian.com/commentisfree/2024/feb/21/how-to-be-smarter-and-happier-broaden-your-friendship-group;Opinion
2024-02-20T15:02:30Z;Chile;The Guardian;"Middle East and north Africa; Israel; Gaza";Middle East crisis: WHO accuses Israel of hindering medical rescue missions to Nasser hospital – as it happened;The World Health Organization has said the destruction around Nasser hospital is ‘indescribable’;https://www.theguardian.com/world/live/2024/feb/20/middle-east-crisis-live-israel-gaza-yemen-houthi-lebanon-hague-court-justice;World news
2024-02-18T18:52:39Z;Chile;The Guardian;"Six Nations 2024; England rugby union team; Scotland rugby union team; Six Nations; Rugby union; Sport; News Corporation";Alex Mitchell ruled out of England clash against Scotland with knee injury;Alex Mitchell has been ruled out of England’s crucial Six Nations match against Scotland on Saturday after the scrum-half injured his knee in training;https://www.theguardian.com/sport/2024/feb/18/alex-mitchell-england-scotland-six-nations-rugby-union;Sport
2024-02-18T12:00:43Z;Chile;The Guardian;"British Museum; Chile; Americas; Heritage; Culture; World news";British Museum’s Instagram flooded with calls to return Easter Island statue;Chilean social media users target institution, forcing it at one point to close comments on posts;https://www.theguardian.com/culture/2024/feb/18/british-museum-instagram-flooded-calls-return-easter-island-statue;Culture
2024-02-15T11:00:02Z;Chile;The Guardian;"Football; Côte d’Ivoire football team; Côte d’Ivoire; Sport; Africa Cup of Nations; Africa Cup of Nations 2023";I’d be embarrassed to have a football stadium named after me. A park, however … | Adrian Chiles;How would I like to be remembered? With a playground, a bandstand and a little lake, writes Adrian Chiles;https://www.theguardian.com/commentisfree/2024/feb/15/id-be-embarrassed-to-have-a-football-stadium-named-after-me-a-park-however-;Opinion
2024-02-14T15:05:10Z;Chile;The Guardian;"Steve Wright; Television & radio; Culture; Adrian Chiles";I was injured, miserable and lost – then Steve Wright saved me | Adrian Chiles;Wright’s radio show was a lifeline as I struggled with a broken leg and the mystery of what to do with my life. Imagine my joy when I finally got to meet him;https://www.theguardian.com/commentisfree/2024/feb/14/i-was-injured-miserable-and-lost-then-steve-wright-saved-me;Opinion
2024-02-14T07:01:43Z;Chile;The Guardian;"Labour; Politics; UK news";Wednesday briefing: How the Rochdale furore exposed claims of factionalism in Labour’s handling of antisemitism;In today’s newsletter: The party has disowned candidate Azhar Ali following his remarks about Israel and Gaza, with accusations of hypocrisy over antisemitism levelled at Starmer’s door ;https://www.theguardian.com/world/2024/feb/14/wednesday-briefing-how-the-rochdale-furore-exposed-claims-of-factionalism-in-labours-handling-of-antisemitism;World news
2024-02-13T23:25:20Z;Chile;The Guardian;"Television; Television & radio; Culture; Documentary; Factual TV; Alzheimer's; Society; Chile; Documentary films";Storyville: The Eternal Memory review – a beautiful, heart-rending portrait of Alzheimer’s disease;Family videos and self-shot footage provide an intimate, moving chronicle of the lives of former Chilean government minister Paulina Urrutia and her ex-journalist husband;https://www.theguardian.com/tv-and-radio/2024/feb/13/storyville-the-eternal-memory-review-a-beautiful-heart-rending-portrait-of-alzheimers-disease;Television & radio
2024-02-13T11:00:12Z;Chile;The Guardian;"Wildfires; Chile; Argentina; Global development; World news; Americas; Climate crisis; Environment";‘We are in an era of megafires’: new tactics demanded as wildfires intensify across South America;Recent blazes in Chile and Argentina have highlighted the need for better environmental laws as the climate crisis deepens;https://www.theguardian.com/global-development/2024/feb/13/megafires-wildfires-chile-argentina-south-america;Global development
2024-02-12T12:00:13Z;Chile;The Guardian;"Greenhouse gas emissions; Landfill; Waste; Climate crisis; Environment; India; Pakistan; Bangladesh; Spain; Argentina; Delhi; Pollution";Revealed: the 1,200 big methane leaks from waste dumps trashing the planet;The huge leaks of the potent greenhouse gas will doom climate targets, experts say, but stemming them would rapidly reduce global heating;https://www.theguardian.com/environment/2024/feb/12/revealed-the-1200-big-methane-leaks-from-waste-dumps-trashing-the-planet;Environment
2024-02-11T16:57:12Z;Chile;The Guardian;"Dance; Stage; Culture; Sadler's Wells; London; Matthew Bourne; Devon";Emma Gladstone obituary;Dancer and artistic director of the Dance Umbrella festival known for being an innovative force in the industry;https://www.theguardian.com/stage/2024/feb/11/emma-gladstone-obituary;Stage
2024-02-11T15:00:14Z;Chile;The Guardian;"Westerns; Drama films; Film; Culture";The Settlers review – Leone-inspired western packs a venomous bite;A landowner in Tierra del Fuego sets three men to clear a ‘safe route’ through native lands in this menacing shakedown of colonialism and its revisionists;https://www.theguardian.com/film/2024/feb/11/the-settlers-felipe-galvez-haberle-mark-stanley-review-leone-inspired-western-packs-a-venomous-bite;Film
2024-02-10T12:00:42Z;Chile;The Guardian;"Wildfires; Global development; World news; Chile; Americas; Climate crisis; Environment";‘It was total panic – with black smoke, falling fireballs and tongues of flame’: the terror of Chile’s wildfires;A long drought followed by exceptional heat and wind brought deadly blazes that ripped with devastating speed through the coastal town of Viña del Mar;https://www.theguardian.com/global-development/2024/feb/10/chile-wildfires-vina-del-mar-achupallas;Global development
2024-02-09T18:04:05Z;Chile;The Guardian;"Work experience; Newspapers; Newspapers & magazines; UK news";Adrian Chiles’s tea and creativity remembered | Letters ;<strong>Letters: </strong>Former editor <strong>Helen Lambell </strong>recalls<strong> </strong>Adrian Chiles working at her newspaper in the 1990s ;https://www.theguardian.com/business/2024/feb/09/adrian-chiles-tea-and-creativity-remembered;Business
2024-02-08T11:00:11Z;Chile;The Guardian;"Ageing; Science; Men; Life and style";Do I really look like Ukraine’s top general? I have a much nicer forehead | Adrian Chiles;Valerii Zaluzhnyi and I both have deeply furrowed brows. Should one or both of us be thinking about Botox?;https://www.theguardian.com/commentisfree/2024/feb/08/do-i-really-look-like-ukraines-top-general-i-have-a-much-nicer-forehead;Opinion
2024-02-08T08:00:07Z;Chile;The Guardian;"Textile art; Art; Art and design; Culture";Life’s rich tapestry: the unsung wonders of textile art;Fibre art has long been a subversive medium. A new show at the Barbican unravels its power to reflect on everything from giving birth to racial oppression;https://www.theguardian.com/culture/2024/feb/08/textile-art-unravel-barbican-art-gallery;Culture
2024-02-07T16:21:25Z;Chile;The Guardian;"Coffee; Food; Tea";What happened when a colleague made me a cup of tea? I almost died of shame | Adrian Chiles;When I started out in journalism, my bosses expected me to get the kettle out whenever they were thirsty. Thirty years on, the very idea makes me queasy;https://www.theguardian.com/commentisfree/2024/feb/07/what-happened-when-a-colleague-made-me-a-cup-of-tea-i-almost-died-of-shame;Opinion
2024-02-07T13:00:47Z;Chile;The Guardian;"Climate crisis; Global development; Environment; Chile; Uruguay; Netflix; Americas";Society of the Snow: Andes plane crash film reveals a human tragedy – and points to an environmental one ;Reflecting on the story of the Uruguayan rugby players whose plane crashed in in 1972 emphasises the stark changes to the mountain range as it is seen today;https://www.theguardian.com/global-development/2024/feb/07/society-of-the-snow-ja-bayona-uruguay-rugby-team-andes-plane-crash;Global development
2024-02-07T11:44:11Z;Chile;The Guardian;"US news; World news";Nikki Haley loses to ‘none of the candidates’ in Nevada primary | First Thing;Republican candidate suffers embarrassing defeat with Trump not on ballot as Joe Biden seals easy win. Plus, what happens to the dogs nobody wants?;https://www.theguardian.com/us-news/2024/feb/07/first-thing-nikki-haley-loses-nevada-primary;US news
2024-02-07T07:00:08Z;Chile;The Guardian;"Film; Drama films; Period and historical films; Chile; Americas; Culture; World news";The Settlers review – ultra-violent study of Chile’s butchery of its indigenous people;Europe’s early 20th-century exploitation of Tierra del Fuego is told in an unsparingly bloody drama-thriller by first-time director Felipe Gálvez Haberle;https://www.theguardian.com/film/2024/feb/07/the-settlers-review-ultra-violent-study-of-chiles-butchery-of-its-indigenous-people;Film
2024-02-06T22:17:29Z;Chile;The Guardian;"Chile; Americas; World news";Former Chilean president Sebastián Piñera dies in helicopter crash;Minister says Piñera’s body recovered from scene of crash in lake near southern town of Lago Ranco;https://www.theguardian.com/world/2024/feb/06/former-chilean-president-sebastian-pinera-dies-in-helicopter-crash;World news
2024-02-06T19:54:50Z;Chile;The Guardian;"Climate crisis; El Niño southern oscillation; Environment; World news";World ‘not prepared’ for climate disasters after warmest ever January;Effect of El Niño phenomenon combined with human-driven global heating is causing increasing alarm among scientists;https://www.theguardian.com/environment/2024/feb/06/world-not-prepared-for-climate-disasters-after-warmest-ever-january;Environment
2024-02-05T19:50:16Z;Chile;The Guardian;Australia news;Morning Mail: King Charles diagnosed with cancer, charity accused over Aboriginal care, school attendance falls;"Monarch will step back from public duties during treatment, palace says; Anglicare refused family member as carer ‘because of same-sex relationship’";https://www.theguardian.com/australia-news/2024/feb/06/morning-mail-king-charles-diagnosed-with-cancer-charity-accused-over-aboriginal-care-school-attendance-falls;Australia news
2024-02-05T11:00:12Z;Chile;The Guardian;"US politics; Migration; Republicans; US-Mexico border; US immigration; US news";Republican congressmen are now talking about throwing migrants from helicopters | Moustafa Bayoumi;Anti-migrant rhetoric has reached the point of a congressman citing a far-right meme about Augusto Pinochet’s death-flights;https://www.theguardian.com/commentisfree/2024/feb/05/republicans-far-right-extremists-augusto-pinochet-helicopters;Opinion
2024-02-05T10:30:11Z;Chile;The Guardian;"Astronomy; Space; Science; Chile; World news; Americas";State-of-the-art telescope in Chile to offer best view yet of universe;The futuristic $1.9bn Vera C Rubin Observatory took nine years to build and will survey the night sky in unprecedented detail;https://www.theguardian.com/science/2024/feb/05/astronomy-telescope-chile-vera-c-rubin-observatory;Science
2024-02-02T13:35:39Z;Chile;The Guardian;"Theatre; Stage; Culture; Political theatre; Puppetry";Rewind review – ingenious portrait of oppression and dissent in Latin America;Ephemeral Ensemble use music, movement and puppetry to astonishing effect in a devastating show about the right to protest;https://www.theguardian.com/stage/2024/feb/02/rewind-review-ingenious-portrait-of-oppression-and-dissent-in-latin-america;Stage
2024-02-02T05:00:40Z;Chile;The Guardian;"Farming; European Union; Food; Food; France; Belgium; Poland; Protest";Why are farmers protesting across the EU and what can the bloc do about it?;Food producers say increasing costs, tiny margins and climate policies leave livelihoods in peril;https://www.theguardian.com/environment/2024/feb/02/why-are-farmers-protesting-across-the-eu-and-what-can-the-bloc-do-about-it;Environment
2024-01-31T15:07:13Z;Chile;The Guardian;"NHS; Hospitals";What I learned from a freezing night in A&E with my dad | Adrian Chiles;After my father took a tumble and broke his shoulder, we endured a long wait in a hectic hospital. But it was when he was discharged that the real problems began, writes Adrian Chiles;https://www.theguardian.com/commentisfree/2024/jan/31/what-i-learned-from-a-freezing-night-in-ae-with-my-dad;Opinion
2024-01-30T22:05:54Z;Chile;The Guardian;"Premier League; Crystal Palace; Sheffield United; Football; Sport";Eze and Olise rescue Crystal Palace to earn vital win against Sheffield United;Two goals from Eberechi Eze and Michael Olise’s strike helped Crystal Palace recover to secure a 3-2 win at home against Sheffield United in the Premier League;https://www.theguardian.com/football/2024/jan/30/crystal-palace-sheffield-united-premier-league-match-report;Football
2024-01-30T14:00:37Z;Chile;The Guardian;"Wildlife; Illegal wildlife trade; Animals; Conservation; Environment; Global development; World news; Entrepreneurs; Technology startups; Technology; Internet; Business; Climate crisis";Low-carbon milk to AI irrigation: tech startups powering Latin America’s green revolution;With the region’s countries among the most vulnerable to the climate crisis, digital entrepreneurs have been inspired to find innovative ways to create real environmental change;https://www.theguardian.com/global-development/2024/jan/30/low-carbon-milk-to-ai-irrigation-tech-startups-powering-latin-americas-green-revolution;Global development
2024-01-30T05:00:20Z;Chile;The Guardian;"Skiing; Mountaineering; Extreme sports; Mountains";Precipice of fear: the freerider who took skiing to its limits;<strong>The long read</strong>: Jérémie Heitz has pushed freeriding to breathtaking, beautiful new extremes. But as the risks get bigger, the questions do, too;https://www.theguardian.com/sport/2024/jan/30/precipice-of-fear-the-freerider-who-took-skiing-to-its-limits;Sport
2024-01-29T17:04:39Z;Chile;The Guardian;"Transfer window; Football; Sport";January transfer window: Angeliño heads for Roma, Al-Hamadi signs with Ipswich – as it happened;Ipswich signed Ali Al-Hamadi from AFC Wimbledon in what could be a possible League Two record transfer while Angeliño is spotted in Rome ahead of his reported loan move;https://www.theguardian.com/football/live/2024/jan/29/january-transfer-window-2024-follow-the-latest-moves-in-football-live;Football
2024-01-29T15:05:04Z;Chile;The Guardian;"Antarctica; Bird flu; Birds; Environment; World news; Wildlife; Health; Global health; Animals";First penguins die in sub-Antarctic of deadly H5N1 bird flu strain;With confirmed or suspected cases in two Antarctic penguin species, researchers fear highly contagious virus could rip through colonies;https://www.theguardian.com/environment/2024/jan/29/first-penguins-die-in-antarctic-of-deadly-h5n1-bird-flu-strain-aoe;Environment
2024-01-27T21:25:42Z;Chile;The Guardian;"Morrissey; Music; Culture; UK news";Morrissey treated for ‘physical exhaustion’ after cancelling tour dates;Singer told to rest for two weeks, forcing him to cancel gigs in California and Los Angeles;https://www.theguardian.com/music/2024/jan/27/morrissey-treated-for-physical-exhaustion-after-cancelling-tour-dates;Music
2024-01-23T14:00:15Z;Chile;The Guardian;"Wine; Food";How to spot a bargain bottle of wine – whether it’s £7 or £40;There isn’t a clear formula for quality and cost. But you can find good value if you know how and where to look;https://www.theguardian.com/food/2024/jan/23/how-to-spot-a-bargain-bottle-of-wine-whether-its-7-or-40;Food
2024-01-23T13:00:10Z;Chile;The Guardian;"Nigeria football team; Football; Sport; Napoli";Victor Osimhen: ‘My life has been a struggle but I always come out on top’;Nigeria and Napoli striker tells Osasu Obayiuwana about his winding journey towards fronting his country’s tilt at a fourth Africa Cup of Nations title;https://www.theguardian.com/football/2024/jan/23/victor-osimhen-nigeria-napoli-africa-cup-of-nations;Football
2024-01-21T16:39:14Z;Chile;The Guardian;"Premier League; Sport; Football; Sheffield United; West Ham United";Sheffield United 2-2 West Ham: Premier League – as it happened;Oli McBurnie scored a 103rd-minute penalty to earn the home side a point in a dramatic game that included two red cards in injury time;https://www.theguardian.com/football/live/2024/jan/21/sheffield-united-v-west-ham-premier-league-live;Football
2024-01-21T16:32:05Z;Chile;The Guardian;"Premier League; Sheffield United; West Ham United; Football; Sport";McBurnie earns Sheffield United point against West Ham as both finish with 10;Oli McBurnie’s 103rd-minute penalty made it 2-2 for Sheffield United against West Ham with Rhian Brewster sent off for the hosts and Vladimir Coufal off for the Hammers;https://www.theguardian.com/football/2024/jan/21/sheffield-united-west-ham-premier-league-match-report;Football
2024-01-20T02:43:52Z;Chile;The Guardian;"Israel-Gaza war; Israel; Gaza; Hamas; Middle East and north Africa; Palestine; Houthis; Yemen; Iran";US says it conducted strikes against three Houthi missiles – as it happened;This blog is now closed;https://www.theguardian.com/world/live/2024/jan/19/middle-east-crisis-live-news-updates-israel-gaza-war-houthi-rebels-yemen-russia-china-ships-red-sea-crisis-attacks;World news
2024-01-19T22:12:09Z;Chile;The Guardian;"Rugby union; Rugby World Cup; World Rugby; USA rugby union team; Sport; US sports";World Rugby backs North Carolina team in US MLR with eye on 2031 World Cup;Anthem Rugby Carolina, based in Charlotte, will field young American players in attempt to grow domestic game;https://www.theguardian.com/sport/2024/jan/19/world-rugby-us-mlr-charlotte-anthem-carolina-2031-world-cup;Sport
2024-01-19T05:46:23Z;Chile;The Guardian;Australia news;"Afternoon Update: US tells Israel ‘no reoccupation of Gaza’; WA’s Kalgoorlie faces week without power; and Madonna sued for late concert start";The US responds to Benjamin Netanyahu’s rejection of a two-state plan as Israeli forces advance further into southern Gaza’s main city;https://www.theguardian.com/australia-news/2024/jan/19/afternoon-update-us-tells-israel-no-reoccupation-of-gaza-was-kalgoorlie-faces-week-without-power-and-madonna-sued-for-late-concert-start;Australia news
2024-01-19T02:29:46Z;Chile;The Guardian;"Middle East and north Africa; Israel-Gaza war; Israel; Gaza; Houthis; Yemen; Iran; Lebanon; Iraq; Palestine; World news";Gaza conditions go from catastrophe ‘to near collapse’, says Unicef – as it happened;"Houthis launch new attack on the Chem Ranger ship in the Gulf of Aden; US officials say the missiles hit the water causing no damage";https://www.theguardian.com/world/live/2024/jan/18/middle-east-crisis-live-updates-latest-news-us-military-strikes-houthi-rebels-yemen-pakistan-attack-iran;World news
2024-01-18T20:40:15Z;Chile;The Guardian;"Israel-Gaza war; Israel; Gaza; Benjamin Netanyahu; US foreign policy; Palestine; Middle East and north Africa; US news; World news";Netanyahu tells US he opposes creation of Palestinian state after Gaza war;PM rebuts White House by saying all territory west of Jordan River would be under Israeli security control;https://www.theguardian.com/world/2024/jan/18/netanyahu-tells-us-opposes-palestinian-state-after-gaza-war;World news
2024-01-18T11:00:34Z;Chile;The Guardian;"The super-rich; Money; Society";They’re horribly flashy and cost a fortune to run – I’d hate to own a superyacht | Adrian Chiles;How can you enjoy a life on the ocean waves when it’s costing you £1,000 an hour, writes Adrian Chiles;https://www.theguardian.com/news/commentisfree/2024/jan/18/horribly-flashy-cost-fortune-superyacht;News
2024-01-18T06:36:06Z;Chile;The Guardian;;Thursday briefing: Why Britain’s polluting water companies are refusing to make amends;In today’s newsletter: Despite billions of tons of dirty water being pumped into the seas and rivers, a lack of political will prevents real action;https://www.theguardian.com/world/2024/jan/18/first-edition-uk-water;World news
2024-01-17T13:26:24Z;Chile;The Guardian;"Houseplants; Gardening advice; Life and style";I was struggling with an underperforming poinsettia. Then I discovered how to make it shine | Adrian Chiles;Every year these houseplants delight us with their fiery foliage – and every year they sadden us when they lose it. Binning them is not the solution, writes Adrian Chiles;https://www.theguardian.com/commentisfree/2024/jan/17/i-was-struggling-with-an-underperforming-poinsettia-then-i-discovered-how-to-make-it-shine;Opinion
2024-01-17T00:00:27Z;Chile;The Guardian;"Dominican Republic; Work-life balance; Americas";Four-day work week to be trialled in Dominican Republic;Employees will earn same salary but hours will be reduced from 44 to 36 hours as part of national voluntary trial, says government;https://www.theguardian.com/world/2024/jan/17/four-day-work-week-to-be-trialled-in-dominican-republic;World news
2024-01-13T13:00:02Z;Chile;The Guardian;"Food; Diets and dieting; Life and style; Health & wellbeing";Give peas a chance and feed yourself the four Ks: 10 simple ways to revolutionise your diet;These easy meal hacks will boost your energy levels and sharpen your mind;https://www.theguardian.com/food/2024/jan/13/four-ks-10-simple-ways-to-revolutionise-your-diet;Food
2024-01-12T14:00:31Z;Chile;The Guardian;"Wine; Food; South African food and drink; French food and drink";Cheap and cheerful winter reds | Fiona Beckett on drink;Some supermarkets are discounting bottles during Dry January, possibly in the hope of luring wine drinkers into discovering a new favourite;https://www.theguardian.com/food/2024/jan/12/cheap-and-cheerful-winter-red-wines-fiona-beckett;Food
2024-01-11T12:00:18Z;Chile;The Guardian;"Global development; Mining; Environment; Indigenous peoples; Argentina";Blinded, sexually assaulted, silenced: the war over lithium, Argentina’s ‘white gold’;In the country’s ‘lithium triangle’ activists say Indigenous land protections have been removed and protests against mining violently repressed;https://www.theguardian.com/global-development/2024/jan/11/lithium-war-over-argentina-white-gold-jujuy;Global development
2024-01-11T11:00:19Z;Chile;The Guardian;"Ilhan Omar; Israel-Gaza war; US news; World news";Ilhan Omar leads 384 worldwide leaders in call for Gaza ceasefire ;Signatories of joint letter by US representative demanding end to war include politicians from Austria to Turkey;https://www.theguardian.com/us-news/2024/jan/11/ilhan-omar-gaza-ceasefire-joint-letter;US news
2024-01-11T11:00:19Z;Chile;The Guardian;"Life and style; Tea; Food";It took me 30 years to learn to love lapsang souchong – but now it’s all gone horribly wrong | Adrian Chiles;Yes, the tea is an acquired taste. But now I can’t get hold of it, and I’m suffering, writes Adrian Chiles;https://www.theguardian.com/commentisfree/2024/jan/11/it-took-me-30-years-to-learn-to-love-lapsang-souchong-but-now-its-all-gone-horribly-wrong;Opinion
2024-01-11T00:01:26Z;Chile;The Guardian;"Bird flu; Environment; Animals; Antarctica; World news";Bird flu confirmed among mass sub-Antarctic seal deaths as virus continues global spread;Scientists warn further spread could threaten fragile ecosystem, as tests show seals died of H5N1 on South Georgia island;https://www.theguardian.com/environment/2024/jan/11/mass-seal-deaths-antarctic-southern-atlantic-south-georgia-bird-flu-aoe;Environment
2024-01-10T16:30:46Z;Chile;The Guardian;"Life and style; Travel";What’s the secret of packing light for a holiday? Ask my mum | Adrian Chiles;She can fit months’ worth of essentials into the tiniest of bags, writes Adrian Chiles. I go big – and still always forget something;https://www.theguardian.com/commentisfree/2024/jan/10/whats-the-secret-of-packing-light-for-a-holiday-ask-my-mum;Opinion
2024-01-10T12:04:23Z;Chile;The Guardian;"Football; Sport; Women's football; Boca Juniors";Boca Juniors Women lead way in Argentina but bar needs raising further | Moving the Goalposts;Famous club will hopefully kick on with Riquelme as new president but the women’s game needs much more investment to thrive;https://www.theguardian.com/football/2024/jan/10/boca-juniors-women-argentina-football-moving-the-goalposts;Football
2024-01-10T05:00:22Z;Chile;The Guardian;"Argentina; Italy; Americas; Europe; World news; Human rights; Law";‘Many thought they’d get away with it’: Argentine colonel to stand trial in Italy;Lt Col Carlos Luis Malatto fled Argentina in 2011 and will be tried in Rome for premeditated killing of eight people in last military dictatorship;https://www.theguardian.com/world/2024/jan/10/carlos-luis-malatto-argentine-colonel-to-stand-trial-in-italy;World news
2024-01-09T16:21:09Z;Chile;The Guardian;"Deep-sea mining; Environment; Marine life; Energy; Oceans";Deep-sea mining: why is interest growing and what are the risks?;As Norway becomes the first country to approve deep-sea mining, scientists are alarmed but supporters insist it will aid the energy transition;https://www.theguardian.com/environment/2024/jan/09/deep-sea-mining-why-is-interest-growing-and-what-are-the-risks;Environment
2024-01-09T12:00:08Z;Chile;The Guardian;"Climate crisis; Environment; Paris climate agreement; Global climate talks; World news; Fossil fuel divestment; Fossil fuels";2023 smashes record for world’s hottest year by huge margin;Rapid reduction in fossil fuel burning urgently needed to preserve liveable conditions, say scientists, as climate damage deepens;https://www.theguardian.com/environment/2024/jan/09/2023-record-world-hottest-climate-fossil-fuel;Environment
2024-01-08T16:39:09Z;Chile;The Guardian;"Chile; Documentary films";Letter: Joan Jara obituary;<strong>Martin Smith writes:</strong> In nine minutes, without a break, Joan detailed the circumstances that led to Victor’s death;https://www.theguardian.com/world/2024/jan/08/letter-joan-jara-obituary;World news
2024-01-08T15:52:50Z;Chile;The Guardian;"Catholicism; Christianity; Pope Francis; Vatican; Italy; Europe; Religion; The papacy; World news";Consider revising celibacy rule for Catholic priests, Vatican official says;Church has ‘lost many great priests because they chose marriage’, says Charles Scicluna of Malta;https://www.theguardian.com/world/2024/jan/08/consider-revising-celibacy-rule-catholic-priests-vatican-official-says;World news
2024-01-08T13:09:30Z;Chile;The Guardian;"Women's football; Football; Sport";How the Guardian ranked the 100 best female footballers in the world 2023;Leading coaches, former players and journalists from the women’s game are among the 112 judges for this year’s list;https://www.theguardian.com/football/2024/jan/08/how-the-guardian-ranked-the-100-best-female-footballers-in-the-world-2023;Football
2024-01-07T21:35:55Z;Chile;The Guardian;"World Cup; Brazil; Football; Pelé; Franz Beckenbauer; Sport; Brazil";Mário Zagallo obituary;Brazilian footballer with an unrivalled record of success in the World Cup as both player and manager;https://www.theguardian.com/football/2024/jan/07/mario-zagallo-obituary;Football
2024-01-06T17:15:57Z;Chile;The Guardian;"FA Cup; Gillingham; Sheffield United; Football; Sport";Sheffield United enjoy FA Cup relief as Osula and McAtee punish Gillingham;Two first-half goals from William Osula and a late double from James McAtee helped Sheffield United ease to a 4-0 third-round victory at Gillingham;https://www.theguardian.com/football/2024/jan/06/gillingham-sheffield-united-fa-cup-match-report;Football
2024-01-06T09:00:05Z;Chile;The Guardian;"Thinktanks; Javier Milei; Liz Truss; Conservatives; Politics; Argentina; Americas; World news; UK news";What links Rishi Sunak, Javier Milei and Donald Trump? The shadowy network behind their policies | George Monbiot;The Atlas Network’s dark-money junktanks are behind neoliberal policies around the world, says Guardian columnist George Monbiot;https://www.theguardian.com/commentisfree/2024/jan/06/rishi-sunak-javier-milei-donald-trump-atlas-network;Opinion
2024-01-04T17:04:10Z;Chile;The Guardian;"Transfer window; Football; Sport";January transfer window 2024: Sancho close to Dortmund deal, Mbappé news – as it happened;Thilo Kehrer and Ben Brereton Díaz loans in the offing, while Jadon Sancho’s return to Dortmund is close;https://www.theguardian.com/football/live/2024/jan/04/january-transfer-window-follow-the-latest-moves-in-football-live;Football
2024-01-04T10:00:03Z;Chile;The Guardian;"Veganism; Vegan food and drink; Life and style; Food; Restaurants; UK news";Veganuary at 10: it completely changed my life – but has the vegan bubble now burst?;Launched by a couple in York a decade ago, Veganuary has become a global phenomenon, with more than 700,000 making the pledge last year. But with sales of meat alternatives falling in the UK, has veganism peaked?;https://www.theguardian.com/lifeandstyle/2024/jan/04/veganuary-at-10-it-completely-changed-my-life-but-has-the-vegan-bubble-now-burst;Life and style
2024-01-03T17:00:49Z;Chile;The Guardian;"Transfer window; Football; Sport";Transfer window: Sancho keen on Dortmund return, Ipswich loan Sarmiento – as it happened;Follow all the latest news and moves in the transfer window with our team of writers;https://www.theguardian.com/football/live/2024/jan/03/january-transfer-window-2024-follow-latest-moves-in-football-live;Football
2024-01-01T13:15:46Z;Chile;The Guardian;"Environmental activism; Animal welfare; Land rights; Animals; Wildlife; Endangered habitats; Endangered species; Environment; World news; Conservation; Law";Could 2024 be the year nature rights enter the political mainstream?;Movement is growing to give legal rights and political representation to nonhuman animals, species and places;https://www.theguardian.com/environment/2024/jan/01/could-2024-be-the-year-nature-rights-enter-the-political-mainstream;Environment
2024-01-01T12:33:07Z;Chile;The Guardian;"Nutrition; Food; Fruit; Vegetables; UK news; Ireland; OECD; World news; Health; Obesity";One in three adults in UK and Ireland eat five or more daily portions of fruit and veg;In both countries 33% of adults hit the target on a daily basis, with Korea and Israel next highest in OECD figures;https://www.theguardian.com/lifeandstyle/2024/jan/01/adults-uk-ireland-five-daily-portions-fruit-and-veg;Life and style
2023-12-31T06:00:54Z;Chile;The Guardian;"Wine; Food; Life and style";Three wines that tell the story of 2023 | David Williams;Cost of living, climate crisis, old vines… These three bottles highlight some of the biggest talking points in wine of the past 12 months;https://www.theguardian.com/food/2023/dec/31/three-wines-that-tell-the-story-of-2023-climate-crisis-cost-of-living-old-vines;Food
2023-12-29T14:26:31Z;Chile;The Guardian;"Climate crisis; Environment; Wildfires; Flooding; World news; Science; Climate science; Cop28";World will look back at 2023 as year humanity exposed its inability to tackle climate crisis, scientists say;Disastrous events included flash flooding in Africa and wildfires in Europe and North America;https://www.theguardian.com/environment/2023/dec/29/world-will-look-back-at-2023-as-year-humanity-exposed-its-inability-to-tackle-climate-crisis;Environment
2023-12-29T14:00:07Z;Chile;The Guardian;"Global health; Colombia; Global development; Americas; Food; Health; Cancer; Diabetes; Ultra-processed foods";‘Tremendously unfair’: Latin America’s strictest junk food law divides shoppers in Bogotá ;Colombia became one of the first countries in the world to tax ultra-processed foods earlier this year and customers are feeling the impact;https://www.theguardian.com/global-development/2023/dec/29/latin-america-strictest-junk-food-law-divides-shoppers-in-bogota-colombia;Global development
2023-12-29T06:00:56Z;Chile;The Guardian;"Christmas; Life and style; Backpacking holidays; Gap year travel; Argentina holidays; South America holidays; Travel";A Christmas that changed me: my life was an adventure holiday – and I just wanted to settle down;It was fun to climb mountains, visit glaciers and slide down volcanoes, until the thought of a house and kids began to seem more exciting;https://www.theguardian.com/lifeandstyle/2023/dec/29/christmas-changed-me-adventure-holiday-wanted-settle-down;Life and style
2023-12-27T00:01:50Z;Chile;The Guardian;"Climate crisis; Climate finance; Environment; Flooding; Extreme weather; Fossil fuels; World news";2023’s costliest climate disasters show poor lose out in ‘global postcode lottery’;Countries less able to rebuild or who have contributed least to climate crisis suffer worst, research reveals;https://www.theguardian.com/environment/2023/dec/27/2023-costliest-climate-disasters-poor-lose-out-global-postcode-lottery;Environment
2023-12-26T06:45:44Z;Chile;The Guardian;"UK news; Environment; Climate crisis; Protest; Activism; Politics";Tuesday briefing: Why 2023 was a watershed year for the climate crisis ;In today’s newsletter: The last 12 months will be remembered for record-breaking temperatures, but also for government-backed clampdowns on climate protesters;https://www.theguardian.com/world/2023/dec/26/first-edition-climate-crisis-2023;World news
2023-12-26T06:00:45Z;Chile;The Guardian;"Art and design; Culture; Architecture; Art; Exhibitions; Fitzwilliam Museum";The best art and architecture shows to visit in 2024;Yoko Ono’s cheeky pieces, a gut punch from Goya and the National’s centenary celebrations will fill the UK’s galleries, while the Louvre’s architect takes his moment in the sun in this stupendous year;https://www.theguardian.com/artanddesign/2023/dec/26/the-best-art-and-architecture-shows-to-visit-in-2024;Art and design
2023-12-23T09:37:14Z;Chile;The Guardian;"Film; Culture; Drama films; Documentary films; Napoleon";The 50 best films of 2023 in the UK;From Scorsese’s macabre western to Ridley Scott’s Napoleon, a Bernstein biopic, a queer cowboy yarn and a swansong from a master Japanese animator, our critics have selected the year’s screen standouts;https://www.theguardian.com/film/2023/dec/05/the-50-best-films-of-2023-in-the-uk;Film
2023-12-22T13:00:56Z;Chile;The Guardian;"Film; Culture; Drama films; World cinema; Thrillers; Action and adventure films";And the 2023 Braddies go to … Peter Bradshaw’s film picks of the year;Following the Guardian’s Top 50 countdown, as voted for by the whole film team, announcing its No 1, here are our chief critic’s personal choices;https://www.theguardian.com/film/2023/dec/22/braddies-peter-bradshaw-film-picks-of-the-year;Film
2023-12-21T12:00:26Z;Chile;The Guardian;"Global development; Argentina; Charles Darwin; Americas; Science; World news; Evolution; Biology; Chile; Fossils; Animals";Darwin in Patagonia: tracing the naturalist’s route around the foot of South America;Darwin spent more than half of the five years of the Beagle expedition in the most southerly region of Argentina, where his legacy is still vivid;https://www.theguardian.com/global-development/2023/dec/21/darwin-in-patagonia-tracing-the-naturalists-route-around-south-america;Global development
2023-12-19T09:00:20Z;Chile;The Guardian;"Film; Drama films; Uruguay; Film adaptations; Americas; Books; Culture; World news";Society of the Snow review – cannibalism in the ice in incredible real-life survival tale;JA Bayona’s powerful retelling of the 1972 rugby team’s flight that crashed in the Andes and the agonising decisions passengers took in order to stay alive;https://www.theguardian.com/film/2023/dec/19/society-of-the-snow-review-cannibalism-in-the-ice-in-incredible-real-life-survival-tale;Film
2023-12-18T05:52:06Z;Chile;The Guardian;Australia news;"Afternoon Update: ADF to help FNQ flood rescue; dodgy agents fined for underquoting; and how to pick a panettone ";Defence force personnel deployed in region as Barron River catchment records 2,200mm of rain in last week, causing spill of flood water;https://www.theguardian.com/australia-news/2023/dec/18/afternoon-update-adf-to-help-fnq-flood-rescue-dodgy-agents-fined-for-underquoting-and-how-to-pick-a-panettone;Australia news
2023-12-18T01:32:51Z;Chile;The Guardian;"Chile; Augusto Pinochet; World news; Women's rights and gender equality";Chile votes to reject new conservative constitution which threatened rights of women;Current constitution dating back to the dictatorship of Gen Augusto Pinochet will now stay in place after two drafts were rejected in referendums;https://www.theguardian.com/world/2023/dec/18/chile-votes-reject-conservative-constitution-referendum-womens-rights;World news
2023-12-17T15:00:30Z;Chile;The Guardian;"Brazil; Sigmund Freud; Books; Culture; Science";Freud exhibition delves into a dramatic legacy in Latin America;Early and enduring adoption of Freudian psychoanalysis puts paid to view of it being a European practice;https://www.theguardian.com/world/2023/dec/17/freud-museum-exhibition-freudian-psychoanalysis-legacy-latin-america;World news
2023-12-17T10:00:23Z;Chile;The Guardian;"Chile; World news; Americas";‘Dangerous for women’: warning as Chileans vote on new draft constitution;Children and women to lose out if voters approve new document that critics say reads ‘more like a Republican party manifesto’;https://www.theguardian.com/world/2023/dec/17/chile-draft-constitution-vote-negative-impacts;World news
2023-12-15T15:38:46Z;Chile;The Guardian;"Kanye West; Nicki Minaj; Music; Rap; Hip-hop; Culture; US news";Nicki Minaj blocks release of Kanye West collaboration, postponing his new album;New Body, which dates back to 2018, was expected to be released on Friday on West’s album Vultures, with West instead announcing first footwear project ‘since liberation from Adidas’;https://www.theguardian.com/music/2023/dec/15/nicki-minaj-blocks-release-of-kanye-west-collaboration-postponing-his-new-album;Music
2023-12-14T11:00:03Z;Chile;The Guardian;"Catholicism; Football; Christianity; Religion; Sport";It’s never OK to look at your phone in church – unless you’re checking the score | Adrian Chiles;Even cardinals can get distracted in the closing stages of a close football match, writes Adrian Chiles;https://www.theguardian.com/commentisfree/2023/dec/14/phone-in-church-checking-football-score;Opinion
2023-12-13T16:25:03Z;Chile;The Guardian;Motoring;I know just what I want for Christmas – but I’m not sure it’s legal | Adrian Chiles;Wouldn’t it be great to have an LED sign in the back window of your car to send messages to other drivers and put an end to waving and gesturing? Well, such a device exists;https://www.theguardian.com/technology/commentisfree/2023/dec/13/i-know-just-what-i-want-for-christmas-but-im-not-sure-its-legal;Technology
2023-12-13T14:22:43Z;Chile;The Guardian;"Cop28; Dubai; United Arab Emirates; Middle East and north Africa; World news; Climate finance; Climate crisis; Climate aid; Environment";Cop28: landmark deal to ‘transition away’ from fossil fuels agreed – as it happened;Cop28 president Al Jaber has celebrated the deal but reaction elsewhere has been mixed;https://www.theguardian.com/environment/live/2023/dec/13/cop28-live-updates-news-agreement-outcomes-draft-text-fossil-fuels;Environment
2023-12-12T18:37:08Z;Chile;The Guardian;"Rugby union; England rugby union team; Rugby Football Union; Racing 92; Sport";Henry Arundell ineligible for England after committing to Racing 92 until 2026;The wing and full-back Henry Arundell will be ineligible for England until June 2026 after his contract extension with Racing 92 was confirmed;https://www.theguardian.com/sport/2023/dec/12/rugby-union-henry-arundell-racing-92-england-six-nations;Sport
2023-12-12T18:05:31Z;Chile;The Guardian;"Cop28; Climate crisis; Climate finance; Environment; World news; Middle East and north Africa; Dubai; United Arab Emirates";Cop28: UK accused of ‘outrageous dereliction of leadership’ as climate change minister leaves conference – as it happened;Fury as Graham Stuart returns to London as Caroline Lucas says UK has ‘obliterated its moral authority’;https://www.theguardian.com/environment/live/2023/dec/12/cop-28-live-latest-updates-climate-conference;Environment
2023-12-11T17:37:08Z;Chile;The Guardian;"Anglo American; Mining; Business; UK news";Miner Anglo American could become takeover target, say analysts;Shares are down almost 45% this year, and firm took further pummelling on Friday after production outlook warning;https://www.theguardian.com/business/2023/dec/11/miner-anglo-american-could-become-takeover-target-say-analysts;Business
2023-12-11T16:06:50Z;Chile;The Guardian;"Business; Stock markets; Economics; China; House prices";"China falls deeper into deflation territory, hitting markets; IMF warns of risk of cold war II – as it happened";Rolling coverage of the latest economic and financial news;https://www.theguardian.com/business/live/2023/dec/11/china-deflation-territory-markets-fall-uk-house-prices-drop-business-live;Business
2023-12-11T10:00:15Z;Chile;The Guardian;"Global development; Chile; World news; Americas; Reproductive rights; Reproductive rights; Governance; Women's rights and gender equality; Society; Human rights; Conservation and indigenous people; Indigenous peoples; LGBTQ+ rights; Women; Protest";‘They violated our rights’: Chile’s draft constitution fails women, say activists;Last year, a liberal constitution to replace the Pinochet-era one was rejected. Now a referendum will be held on a new draft that curbs abortion rights and enshrines Catholic morality. Here, five women reflect on 2019’s protests and the struggle for equality;https://www.theguardian.com/global-development/2023/dec/11/human-rights-protests-chile-draft-constitution-fails-women-abortion-rights-equality;Global development
2023-12-09T20:00:29Z;Chile;The Guardian;"Ange Postecoglou; Tottenham Hotspur; Australia sport; Football; Sport";Threads weaving Puskas with Postecoglou make coach perfect fit at Tottenham | Jonathan Wilson;Spurs coach played for the Hungarian great at South Melbourne in the 90s while picking up his attacking ethos on the way;https://www.theguardian.com/football/blog/2023/dec/09/threads-weaving-puskas-with-postecoglou-make-coach-perfect-for-tottenham;Football
2023-12-09T12:00:19Z;Chile;The Guardian;"Global development; Javier Milei; Argentina; Environment; Indigenous peoples; Deforestation; Americas; Trees and forests; World news";‘From horrible to merely bad’: will Javier Milei take his chainsaw to the environment in Argentina?;As the new far-right president is sworn in, the world is watching to see if his destructive campaign promises can survive the realities of office;https://www.theguardian.com/global-development/2023/dec/09/from-horrible-to-merely-bad-will-javier-milei-take-his-chainsaw-to-the-environment-in-argentina;Global development
2023-12-08T10:46:31Z;Chile;The Guardian;"Invasive species; Plants; Gardens; Life and style; Environment; UK news; The National Trust";UK bans giant rhubarb after study finds popular garden plant is invasive species ;Exclusive: plant from South America, also known as Gunnera, found to spread rapidly and choke native flora;https://www.theguardian.com/environment/2023/dec/08/uk-bans-popular-garden-plant-gunnera-after-study-finds-it-an-invasive-species;Environment
2023-12-08T05:00:42Z;Chile;The Guardian;"Antarctica; Birds; Bird flu; Animals; Environment; Society; Wildlife; World news; Zoology; Infectious diseases";Mass deaths of elephant seals recorded as bird flu sweeps across the Antarctic;Researchers warn of one of ‘largest ecological disasters of modern times’ if the highly contagious disease reaches penguin colonies;https://www.theguardian.com/environment/2023/dec/08/mass-deaths-elephant-seals-penguins-bird-flu-antarctic-ecological-disaster-aoe;Environment
2023-12-07T14:00:23Z;Chile;The Guardian;"Women's rights and gender equality; Global development; Women; Society; Gig economy; Business; Mexico; Violence against women and girls; Work & careers";Chlorine attacks and daily harassment: why Mexico’s female delivery drivers are organising ;Women delivering food in Mexico City run a gauntlet of abusive behaviour in their work. But gig economy unions are providing safe spaces and demanding greater protection for drivers;https://www.theguardian.com/global-development/2023/dec/07/chlorine-attacks-and-daily-harassment-why-mexicos-female-delivery-drivers-are-organising;Global development
2023-12-07T11:00:39Z;Chile;The Guardian;"Fashion; Health; Health & wellbeing";I loved my new glasses – until everyone told me what they thought of them | Adrian Chiles;Loved ones, friends and complete strangers have all waded in. I’ve even been told I look just like the bloke from Up …;https://www.theguardian.com/commentisfree/2023/dec/07/i-loved-my-new-glasses-until-everyone-told-me-what-they-thought-of-them;Opinion
2023-12-07T00:34:05Z;Chile;The Guardian;"Peru; Americas";Alberto Fujimori, Peru’s divisive former president, released from jail;The 85-year-old was pictured leaving prison in Lima where he was serving a 25-year sentence for human rights abuses;https://www.theguardian.com/world/2023/dec/07/alberto-fujimori-peru-former-president-released-jail;World news
2023-12-06T16:49:03Z;Chile;The Guardian;"Life and style; Christmas; Television; Christianity; Oti Mabuse; Martin Kemp";How can you tell if someone is really an atheist? Watch them at a penalty shootout | Adrian Chiles;There are times when everyone resorts to prayer, writes Adrian Chiles. Just ask Oti Mabuse or Martin and Shirlie Kemp;https://www.theguardian.com/commentisfree/2023/dec/06/how-can-you-tell-if-someones-really-an-atheist-watch-them-at-a-penalty-shootout;Opinion
2023-12-05T04:50:56Z;Chile;The Guardian;"Antarctica; Australia news; Science; Ice; Environment; Oceans";‘Incredibly lucky’: Antarctic scientists examine world’s largest iceberg, three times the size of NYC;Samples have been taken of huge iceberg known as A23a, which calved off Antarctica 40 years ago and measures 4,000 sq km;https://www.theguardian.com/world/2023/dec/05/incredibly-lucky-antarctic-scientists-examine-worlds-largest-iceberg-three-times-the-size-of-nyc;World news
2023-12-04T05:00:34Z;Chile;The Guardian;"Uruguay; Uruguay; Air transport; Plane crashes; Life and style; Americas; Argentina; Chile; Rugby union";My plane crashed in the Andes. Only the unthinkable kept me and the other starving survivors alive;In 1972, Nando Parrado was travelling with family and friends when his plane went down in the mountains. What followed was months of horror, ingenuity – and incredible sacrifice;https://www.theguardian.com/world/2023/dec/04/nando-parrado-andes-plane-crash-1972-rugby-team;World news
2023-12-03T12:30:13Z;Chile;The Guardian;"Chile; Augusto Pinochet; World news; Americas";Extradition of singer’s alleged killer raises hopes of justice for Pinochet era;Pedro Barrientos touched down in Santiago on Friday to face trial for murder of folk singer Víctor Jara in 1973;https://www.theguardian.com/world/2023/dec/03/chile-victor-jara-execution-solider-extradited-us-trial;World news
2023-12-03T08:00:10Z;Chile;The Guardian;"Christmas; Life and style";We used to have a ‘party season’. Now we have novelty jumpers;I hate to Scrooge about it, but this isn’t what we were promised. By Eva Wiseman;https://www.theguardian.com/lifeandstyle/2023/dec/03/eva-wiseman-we-used-to-have-a-party-season-now-we-have-novelty-jumpers;Life and style
2023-12-02T16:11:47Z;Chile;The Guardian;"Henry Kissinger; Richard Nixon; US foreign policy; Vietnam war; Cold war; China; US news; Asia Pacific; World news";The Kissinger years: flawed legacy of the man behind US cold war policy;He shaped a world of superpowers but to those without power he was ruthless. How did one diplomat hold sway for so long?;https://www.theguardian.com/us-news/2023/dec/02/the-kissinger-years-flawed-legacy-of-the-man-behind-us-cold-war-policy;US news
2023-12-01T10:00:13Z;Chile;The Guardian;"Henry Kissinger; US news; Democrats; Republicans; World news";‘Aura of credibility’: why Democrats and elites revere Kissinger despite war crimes allegations;The enduring fealty of Democrats to the late Republican has baffled many progressives;https://www.theguardian.com/us-news/2023/dec/01/henry-kissinger-death-age-100-war-crimes-allegations-democrats;US news
2023-12-01T06:45:31Z;Chile;The Guardian;"Elon Musk; Technology";Friday briefing: What Elon Musk’s latest outburst means for the future of X;In today’s newsletter: The Twitter owner told advertisers to ‘go fuck yourselves’ in an interview this week – will they?;https://www.theguardian.com/world/2023/dec/01/first-edition-elon-musk-advertisers;World news
2023-12-01T06:04:24Z;Chile;The Guardian;Australia news;"Afternoon Update: Brittany Higgins cross-examination continues; Smithsonian returns Indigenous remains; and first LGBTQ+ couple legally weds in south Asia";Higgins says she wore white pencil dress at Liberal party function after the alleged rape because she was ‘trying to reclaim it’;https://www.theguardian.com/australia-news/2023/dec/01/afternoon-update-brittany-higgins-cross-examination-continues-smithsonian-returns-indigenous-remains-and-first-lgbtq-couple-legally-weds-in-south-asia-ntwnfb;Australia news
2023-12-01T06:00:09Z;Chile;The Guardian;"Automotive industry; Business; Mining; Electric, hybrid and low-emission cars; Greenhouse gas emissions; Environment; Motoring; Travel and transport; Technology; Chemical industry";How problematic is mineral mining for electric cars?;In part two of our series exploring myths surrounding EVs, we weigh up the issues of resource extraction;https://www.theguardian.com/business/2023/dec/01/do-electric-cars-have-problem-mining-for-minerals;Business
2023-11-30T20:16:09Z;Chile;The Guardian;"Henry Kissinger; Chile; World news; US news; Americas; Argentina";Latin America remembers Kissinger’s ‘profound moral wretchedness’;US statesman’s encouragement of Pinochet’s coup in Chile and his backing for Argentina’s military dictatorship left lasting stain;https://www.theguardian.com/us-news/2023/nov/30/henry-kissinger-chile-argentina-south-america;US news
2023-11-30T17:02:00Z;Chile;The Guardian;"Henry Kissinger; US news; US politics; World news";Praise and criticism as world reacts to death of Henry Kissinger;Vladimir Putin among those offering condolences and praising former US secretary of state, amid division over legacy;https://www.theguardian.com/us-news/2023/nov/30/a-towering-figure-world-leaders-pay-tribute-to-henry-kissinger;US news
2023-11-30T16:35:49Z;Chile;The Guardian;"US news; US politics; US foreign policy; US national security; Richard Nixon; World news; Henry Kissinger";Henry Kissinger: tributes to ‘old friend’ and ‘giant of history’ mix with criticism of controversial legacy – as it happened;Leaders of China, France, Russia and Italy pay tribute amid critical statements over his record in Latin America and Cambodia;https://www.theguardian.com/us-news/live/2023/nov/30/henry-kissinger-dies-tribute-world-leader-diplomat-latest-updates;US news
2023-11-30T12:05:18Z;Chile;The Guardian;"Henry Kissinger; US politics; US news; World news";Henry Kissinger dies celebrated, but why? His achievements have long since crumbled | Simon Tisdall;He may have overseen the 20th century, but the champion of US power was also a symbol of its dangerous neo-imperialism, says commentator Simon Tisdall;https://www.theguardian.com/commentisfree/2023/nov/30/henry-kissinger-achievements-have-long-since-crumbled-champion-us-power-neo-imperialism;Opinion
2023-11-30T11:17:16Z;Chile;The Guardian;"US news; Henry Kissinger";First Thing: Henry Kissinger, US foreign policy giant, dies aged 100;Former secretary of state under Richard Nixon became one of the most prominent and controversial figures of US foreign policy in the 20th century. Plus, what’s happening on the first day of Cop28;https://www.theguardian.com/us-news/2023/nov/30/first-thing-henry-kissinger-us-foreign-policy-giant-dies-aged-100;US news
2023-11-30T05:46:12Z;Chile;The Guardian;"Australia news; Henry Kissinger";"Afternoon Update: Brittany Higgins defends herself under cross-examination; Henry Kissinger dies; and a new newsletter for chart lovers";The former Liberal staffer broke down in tears as she told a defamation trial she was more concerned about being raped than about her dress;https://www.theguardian.com/australia-news/2023/nov/30/afternoon-update-brittany-higgins-defends-herself-under-cross-examination-henry-kissinger-dies-and-a-new-newsletter-for-chart-lovers-ntwnfb;Australia news
2023-11-30T04:07:59Z;Chile;The Guardian;"Henry Kissinger; US news; US politics; US foreign policy; US national security; Richard Nixon; World news";Henry Kissinger, secretary of state to Richard Nixon, dies at 100;The towering diplomat and Nobel prize winner shaped decades of US foreign policy but was seen by critics as a war criminal;https://www.theguardian.com/us-news/2023/nov/29/henry-kissinger-dies-secretary-of-state-richard-nixon;US news
2023-11-30T02:41:13Z;Chile;The Guardian;"Henry Kissinger; US politics; US news; US foreign policy; US Senate; US Congress; World news";Henry Kissinger obituary;US secretary of state with peerless diplomatic skills, tireless energy and a ruthless desire to protect his country’s interests;https://www.theguardian.com/global/2023/nov/29/henry-kissinger-obituary;US news
2023-11-29T15:39:35Z;Chile;The Guardian;"Pets; Life and style; Veterinary science";Vets, you deserve my apologies | Adrian Chiles;In my previous column, I accused veterinarians of ‘upselling’ remedies for profit, and I am sorry. Vets are lovely – but their corporate employers, not so much, writes Adrian Chiles;https://www.theguardian.com/commentisfree/2023/nov/29/vets-you-deserve-my-apologies-adrian-chiles;Opinion
2023-11-29T06:54:27Z;Chile;The Guardian;"Parthenon marbles; British Museum; Culture; Art; Art and design; World news";Wednesday briefing: How Rishi Sunak’s tantrum over the Parthenon marbles turned into a Greek tragedy;In today’s newsletter: Why the sculptures, taken by Lord Elgin in 1802, are still causing diplomatic strife 220 years later;https://www.theguardian.com/world/2023/nov/29/first-edition-parthenon-marbles;World news
2023-11-29T05:00:31Z;Chile;The Guardian;"Environment; Global development; Biodiversity; Conservation; Wildlife; Climate crisis; Science; Endangered habitats; Endangered species; Pollution; Invasive species; Indigenous peoples; Animals; World news; Brazil; Americas; Water; Access to water; Plastics; Green economy; Mining; Birds; Fish; Extreme weather; Drought; Food; Kenya; Niger; Africa; Desertification";‘A biodiversity catastrophe’: how the world could look in 2050 – unless we act now;The climate crisis, invasive species, overexploitation of resources and pollution could break down crucial ecosystems. We asked experts to lay out the risks and offer some solutions;https://www.theguardian.com/environment/2023/nov/29/a-biodiversity-catastrophe-how-the-world-could-look-in-2050-unless-we-act-now-aoe;Environment
2023-11-28T11:41:23Z;Chile;The Guardian;"US news; World news";More Israeli hostages and Palestinians freed as ceasefire extended | First Thing;Hamas releases 11 hostages from Gaza in exchange for 33 Palestinians in Israeli jails as truce extended by two days. Plus, can we solve our addiction to consumerism?;https://www.theguardian.com/us-news/2023/nov/28/first-thing-more-israeli-hostages-palestinians-freed-ceasefire-extended;US news
2023-11-28T11:00:09Z;Chile;The Guardian;"Rugby union; Sport; Racing 92";The Breakdown | Arundell’s French adventure puts pressure on Borthwick and RFU;With every eye-catching Racing 92 appearance, the full-back’s England future will come under more scrutiny;https://www.theguardian.com/sport/2023/nov/28/henry-arundell-pressure-steve-borthwick-rfu-england-rugby-union-breakdown;Sport
2023-11-28T10:00:23Z;Chile;The Guardian;"Chile; Palestine; World news; Middle East and north Africa; Americas";‘Sometimes you feel you’re in Palestine’: culture and cause burn brightly in Chile;Chile has the largest Palestinian diaspora outside the Middle East – and it is lending its considerable weight to the call for justice;https://www.theguardian.com/world/2023/nov/28/chile-palestine-israel-gaza-war;World news
2023-11-28T00:01:45Z;Chile;The Guardian;"Cop28; Gordon Brown; Environment; Politics; Greenhouse gas emissions; United Arab Emirates; Fossil fuels; World news; Climate crisis; Climate finance; Global development; Oil; Oil; Oil and gas companies";Former world leaders seek $25bn levy on oil states’ revenues to pay for climate damage;Gordon Brown leads those signing letter to Cop28 and G20 presidents calling for levy to help fill ‘loss and damage’ fund;https://www.theguardian.com/environment/2023/nov/28/former-world-leaders-seek-25bn-levy-on-oil-states-revenues-to-pay-for-climate-damage;Environment
2023-11-26T06:00:10Z;Chile;The Guardian;"Anglicanism; LGBTQ+ rights; Religion; Christianity";Church of England vote is a light for gay Christians | Letters;Anglicans of all orientations can now find acceptance, love and celebration – but there is a long road still to walk;https://www.theguardian.com/theobserver/2023/nov/26/church-of-england-vote-a-light-for-gay-christians-observer-letters;From the Observer
2023-11-26T06:00:10Z;Chile;The Guardian;"Wine; Food; Life and style; Australian food and drink";Classic Aussie reds to relish | David Williams;Trends come and go, but there’s always room for a rich and robust red from Australia;https://www.theguardian.com/food/2023/nov/26/classic-aussie-reds-to-relish;Food
2023-11-25T14:02:56Z;Chile;The Guardian;"Brexit; Trade policy; UK news; Politics; Foreign policy; Kemi Badenoch; David Cameron; Business";UK’s flagship post-Brexit trade deal worth even less than previously thought, OBR says;Office for Budget Responsibility says UK entry into the Indo-Pacific agreement will add just 0.04% to GDP in the long run;https://www.theguardian.com/politics/2023/nov/25/uks-flagship-post-brexit-trade-deal-worth-even-less-than-previously-thought-obr-says;Politics
2023-11-24T16:00:24Z;Chile;The Guardian;"Cybercrime; British Library; Data and computer security; Hacking; Russia; Cryptocurrencies; Technology; Libraries; UK news";Rhysida, the new ransomware gang behind British Library cyber-attack;Gang thought to be from Russia or CIS has attacked companies and institutions in several countries;https://www.theguardian.com/technology/2023/nov/24/rhysida-the-new-ransomware-gang-behind-british-library-cyber-attack;Technology
2023-11-24T14:00:23Z;Chile;The Guardian;"Wine; Food; South African food and drink; French food and drink; British food and drink";Wine bores: how to avoid ordering the obvious this Christmas | Fiona Beckett on drinks;Think beyond the usual Christmas plonk this year and let yourself be seduced by styles from farther afield … a drop of Georgian saperavi with that mince pie, vicar?;https://www.theguardian.com/food/2023/nov/24/how-to-avoid-ordering-obvious-christmas-wine-fiona-beckett;Food
2023-11-24T09:00:17Z;Chile;The Guardian;"Trees and forests; Biodiversity; Conservation; Wildlife; Environment; Portugal; Carbon offsetting; Europe";Eucalyptus plantations are expanding – and being blamed for devastation;In 2017, 66 people died after fires ripped through eucalyptus stands around Pedrógão Grande. Restrictions on the highly flammable trees have provoked death threats, yet others feel they do not go far enough;https://www.theguardian.com/environment/2023/nov/24/eucalyptus-plantations-are-expanding-and-being-blamed-for-devastation-pedrogao-grande-aoe;Environment
2023-11-23T14:44:23Z;Chile;The Guardian;"Taylor Swift; Brazil; Music; Environment; Greenhouse gas emissions"; Must the show go on? Taylor Swift fan death highlights danger of live shows as Earth cooks;Temperatures reached 102F in Rio last Friday as 60,000 people packed into the Estádio Olímpico Nilton Santos for Swift’s concert;https://www.theguardian.com/environment/2023/nov/23/taylor-swift-fan-death-concert-climate-crisis-music-industry;Environment
2023-11-23T12:00:51Z;Chile;The Guardian;"Christmas food and drink; Wine; Food; Christmas; Life and style";The 20 best Christmas wines for 2023;Our wine expert selects bottles to match any event, dish or budget, from festive fizz to wintery whites and robust reds. Cheers!;https://www.theguardian.com/food/2023/nov/23/the-20-best-christmas-wines-for-2023;Food
2023-11-22T12:53:22Z;Chile;The Guardian;"Art and design; Art; Culture; Venice Biennale; Sculpture; Painting; Drawing; Installation";Women’s Work Is Never Done review – decay, dildos and the disappeared enliven a great unravelling;Catherine de Zegher, a prolific Belgian curator, lets a host of artists loose to tackle everything from eco-feminism to childbirth to torture in South America;https://www.theguardian.com/artanddesign/2023/nov/22/womens-work-is-never-done-review-richard-saltoun;Art and design
2023-11-22T05:00:14Z;Chile;The Guardian;"Employment tribunals; Employment law; Food & drink industry; Farming; Immigration and asylum; Workers' rights; UK news; Fruit; Work & careers; Money";Seasonal cherrypicker from Chile files unfair dismissal claim against UK farm;Julia Quecaño Casimiro becomes first worker on post-Brexit scheme to launch claim after flying thousands of miles for short-term employment;https://www.theguardian.com/money/2023/nov/22/seasonal-cherrypicker-from-chile-files-unfair-dismissal-claim-against-uk-farm;Money
2023-11-22T03:15:29Z;Chile;The Guardian;"Football; World Cup 2026; Brazil; Argentina; World Cup; US sports; Sport";Brazil 0-1 Argentina: 2026 World Cup qualifying – as it happened;<strong>Minute-by-minute report:</strong> The South American rivals met at the Maracanã with crowd trouble delaying the start before Argentina squeezed to victory;https://www.theguardian.com/football/live/2023/nov/21/brazil-v-argentina-2026-world-cup-qualifying-live;Football
2023-11-21T16:46:19Z;Chile;The Guardian;"Chile; Augusto Pinochet; Americas; World news; London; Music; Dance";Joan Jara obituary;British dancer who sought justice for her husband, the Chilean folk singer Victor Jara, murdered during the Pinochet regime;https://www.theguardian.com/world/2023/nov/21/joan-jara-obituary;World news
2023-11-20T19:01:33Z;Chile;The Guardian;"Argentina; Javier Milei; The far right; Americas; World news; Women; Abortion; Jair Bolsonaro; Donald Trump; Economics";The Guardian view on Argentina’s new president: a dark day for democracy | Editorial;<strong>Editorial:</strong> The election of the far-right candidate Javier Milei reflects the seriousness of the country’s problems – and threatens to deepen them;https://www.theguardian.com/commentisfree/2023/nov/20/the-guardian-view-on-argentinas-new-president-a-dark-day-for-democracy;Opinion
2023-11-20T15:45:29Z;Chile;The Guardian;"Football; Sport";Football Daily | France 14-0 Gibraltar: hurrah for the current format of international football!;<strong>In today’s Football Daily:</strong> A 14-0 hiding, plus gaming woes in Scotland;https://www.theguardian.com/football/2023/nov/20/football-daily-email-france-gibraltar-14-0;Football
2023-11-20T13:06:00Z;Chile;The Guardian;"Lionel Messi; Argentina; Brazil; Football; Sport";Lionel Messi returns for Maracanã coronation against Brazil in crisis;Being cheered by fans of Argentina’s greatest rivals at the scene of his most painful defeat would be another career highlight;https://www.theguardian.com/football/2023/nov/20/lionel-messi-maracana-coronation-brazil-in-crisis-argentina;Football
2023-11-17T11:02:50Z;Chile;The Guardian;"Israel-Gaza war; World news; Israel; Middle East and north Africa; Gaza; Palestine; United Nations";The Gaza crisis has brought Israel closer to the west, but further away from the rest of the world | Musab Younis;Countries outside the global elite are questioning the legitimacy of the international order, says Musab Younis of Queen Mary University of London;https://www.theguardian.com/commentisfree/2023/nov/17/gaza-invasion-israel-west-crisis;Opinion
2023-11-16T13:00:41Z;Chile;The Guardian;"Spain; Awards and prizes; Culture; Music; Europe";‘Spanish-dominated’ Latin Grammys’ move to Seville provokes controversy;The prestigious awards are being held in Europe for the first time. But does this ‘landmark moment for Spain’ neglect the musicians at the forefront of Latin music innovation?;https://www.theguardian.com/music/2023/nov/16/seville-host-latin-grammys-2023;World news
2023-11-16T07:00:09Z;Chile;The Guardian;"Christmas; Life and style; Family";Where will you spend Christmas? With your parents? Your in-laws? Your children? Why is it so complicated? | Adrian Chiles;So much guilt, so much admin … Life is far easier when you’re a kid and don’t have to worry about where you’ll be pulling crackers, writes Adrian Chiles;https://www.theguardian.com/commentisfree/2023/nov/16/where-will-you-spend-christmas-with-parents-in-laws-siblings-children-why-is-it-so-complicated;Opinion
2023-11-15T16:37:30Z;Chile;The Guardian;"Pets; Pet insurance; Money; Insurance; Life and style; UK cost of living crisis; Business";What have I learned after three years of dog ownership? Beware of the vet bills | Adrian Chiles;Attempts to upsell me on treatments for my little lad include medicines, supplements and even post-castration minerals. It’s MBA-level marketing zealotry;https://www.theguardian.com/commentisfree/2023/nov/15/what-have-i-learned-after-three-years-of-dog-ownership-never-trust-a-vet;Opinion
2023-11-15T14:18:59Z;Chile;The Guardian;"Chile; Augusto Pinochet; Americas; World news";Joan Jara, British dancer and Victor Jara’s widow, dies aged 96;The human rights activist died two weeks before her husband’s killer is due for extradition from US to Chile;https://www.theguardian.com/world/2023/nov/13/chile-joan-jara-dead-age-96;World news
2023-11-12T07:00:14Z;Chile;The Guardian;"Astronomy; Taxonomy; Exploration; Science; Space; Indigenous peoples; World news; Portugal; Europe; US news; Colonialism";‘Violent colonialist’ Magellan is unfit to keep his place in the night sky, say astronomers;Indigenous peoples already had their own names for the galaxies named after the 16th-century Portuguese explorer;https://www.theguardian.com/science/2023/nov/12/violent-colonialist-magellan-is-unfit-to-keep-his-place-in-the-night-sky-say-astronomers;Science
2023-11-10T03:39:16Z;Chile;The Guardian;"Israel-Gaza war; Israel; Hamas; Gaza; Palestine; World news; Middle East and north Africa";Israel to start ‘pauses’ in fighting – as it happened;This blog is now closed;https://www.theguardian.com/world/live/2023/nov/09/israel-hamas-war-live-updates-who-disease-gaza-us-strikes-iran-site-syria;World news
2023-11-09T16:00:39Z;Chile;The Guardian;"Film; Documentary films; Culture; Chile; Alzheimer's; Dementia; Carers; Health; Mental health; Social care; Society; Relationships; Life and style";‘I need to make this love story’: documenting the radical dementia care of a pioneering reporter;In a profoundly intimate film, director Maite Alberdi follows an influential Chilean journalist and his partner as they navigate life after an Alzheimer’s diagnosis;https://www.theguardian.com/film/2023/nov/09/i-need-to-make-this-love-story-documenting-the-radical-dementia-care-of-a-pioneering-reporter;Film
2023-11-09T07:00:05Z;Chile;The Guardian;"Friendship; Life and style";I am through with hugs and kisses. Handshakes are the only answer | Adrian Chiles;In the past I’ve greeted friends with arms wide open. But after witnessing a truly toe-curling incident, those days are over;https://www.theguardian.com/commentisfree/2023/nov/09/i-am-through-with-hugs-and-kisses-handshakes-are-the-only-answer;Opinion
2023-11-08T15:50:55Z;Chile;The Guardian;"Environment; Crocodiles; Animal behaviour";‘The crocodiles bellowed at the sky – then mated like mad’: the sex frenzy sparked by helicopters;There are 3,000 reptiles at the Koorana Crocodile Farm in Queensland, Australia. And all it takes to get them in the mood is some low-flying Chinooks;https://www.theguardian.com/environment/2023/nov/08/the-crocodiles-bellowed-at-the-sky-then-mated-like-mad-the-sex-frenzy-sparked-by-helicopters;Environment
2023-11-08T15:00:37Z;Chile;The Guardian;"Marina Abramović; Art and design; Culture; Shops and shopping; Life and style";I loved the Marina Abramović show – but the most shocking moment came in the giftshop | Adrian Chiles;The work of the grandmother of performance art is intense, moving and baffling. Nonetheless, I wasn’t prepared for the wares on sale, writes Adrian Chiles;https://www.theguardian.com/commentisfree/2023/nov/08/i-loved-the-marina-abramovic-show-but-the-most-shocking-moment-came-in-the-giftshop;Opinion
2023-11-08T11:00:20Z;Chile;The Guardian;"Film; Documentary films; Chile; Alzheimer's; Dementia; Americas; Culture; Health; Mental health; Society; World news; Augusto Pinochet";The Eternal Memory review – potent portrait of a devoted couple dealing with Alzheimer’s ;Oscar-nominated Maite Alberdi’s empathic documentary witnesses a love surviving the devastation of worsening dementia;https://www.theguardian.com/film/2023/nov/08/the-eternal-memory-review-potent-portrait-of-a-devoted-couple-dealing-with-alzheimers;Film
2023-11-07T23:48:06Z;Chile;The Guardian;"Alcohol; Society; UK news; OECD; Health";UK women top list of world’s biggest female binge drinkers, report finds;OECD says 26% have at least six alcoholic drinks in a single session at least once a month;https://www.theguardian.com/society/2023/nov/07/uk-women-top-list-of-worlds-biggest-female-binge-drinkers-report-finds;Society
2023-11-07T20:41:51Z;Chile;The Guardian;"Chile; The far right; Americas; World news";Chile’s right wing presents draft conservative constitution;Draft, which some observers consider a step backwards, could threaten rights to abortion and collective strike action;https://www.theguardian.com/world/2023/nov/07/chile-new-constitution-conservative-boric;World news
2023-11-07T18:48:10Z;Chile;The Guardian;"Ukraine; Russia; World news; Europe; Vladimir Putin; Volodymyr Zelenskyy";Russia-Ukraine war: Nato allies condemn Russia’s withdrawal from key cold war-era security treaty – as it happened;Russia withdraws from treaty of conventional armed forces in Europe, which was aimed at preventing cold war rivals from massing forces at borders;https://www.theguardian.com/world/live/2023/nov/07/russia-ukraine-war-gennadiy-chastiakov-putin-zelenskiy;World news
2023-11-07T03:56:05Z;Chile;The Guardian;"Israel-Gaza war; Israel; Hamas; Palestine; Gaza; World news";Israel-Hamas war: UN security council fails to agree resolution – as it happened;This blog has closed. You can follow the Guardian’s new live blog on the Israel-Hamas war here.;https://www.theguardian.com/world/live/2023/nov/06/israel-hamas-war-live-updates-jordan-airdrops-medical-supplies-gaza-blinken-turkey-push-contain-conflict;World news
2023-11-05T15:00:11Z;Chile;The Guardian;"Health; Food; Health & wellbeing; Society; Life and style";Should I worry about my salt intake?;Salt, AKA sodium chloride, has been used to preserve food and enhance flavours for thousands of years. Can it really be a health hazard?;https://www.theguardian.com/lifeandstyle/2023/nov/05/should-i-worry-about-my-salt-intake;Life and style
2023-11-05T12:00:07Z;Chile;The Guardian;"Björk; Rosalía; Music; Culture; Environment; Fishing; Iceland; Wildlife; Fishing industry; Conservation; Marine life; Food";‘I always wanted to be David Attenborough’: Björk on protecting salmon, going on strike and magical mushrooms;The singer is releasing a single with Rosalía to support action against intensive salmon farming. She talks about being a guardian of Iceland’s wilderness and how young people will make real change;https://www.theguardian.com/music/2023/nov/05/bjork-rosalia-single-iceland-environment-salmon-fish-farming-interview;Music
2023-11-04T23:00:02Z;Chile;The Guardian;"Antarctica; Italy; World news; Environment; Cycling; Sport";Italian ultra-endurance cyclist returns to Antarctica crossing where isolation is the enemy;In his first attempt to cross Antarctica last year, Omar Di Felice was prepared for minus 38C temperatures and gale force winds — but not extreme loneliness;https://www.theguardian.com/world/2023/nov/05/omar-di-felice-cycle-across-antarctica-second-attempt-interview-family-health;World news
2023-11-04T05:00:30Z;Chile;The Guardian;"Israel-Gaza war; Israel; Gaza; Palestine; World news; Middle East and north Africa; Hamas";UN says agency in Gaza ‘practically out of business’ – as it happened;This blog is now closed. Our live coverage continues here;https://www.theguardian.com/world/live/2023/nov/03/israel-hamas-war-live-updates-un-blinken-expected-call-for-pauses-fighting-allow-aid-gaza-tel-aviv-visit;World news
2023-11-03T10:00:07Z;Chile;The Guardian;"Life and style; Skiing; Extreme sports; Sport";Experience: I walked 922 miles across Antarctica, solo, in 70 days;Even if the visibility is good, you can’t see much – it’s a white horizon;https://www.theguardian.com/lifeandstyle/2023/nov/03/experience-i-walked-922-miles-across-antarctica-solo-in-70-days;Life and style
2023-11-02T07:00:33Z;Chile;The Guardian;"Motoring; Technology; Automotive industry";The left lane on a motorway is for the virtuous and the good. That’s why I love it | Adrian Chiles;How many times do the rest of you need to be told? The middle lane is only for overtaking;https://www.theguardian.com/commentisfree/2023/nov/02/the-left-lane-on-a-motorway-is-for-the-virtuous-and-the-good-thats-why-i-love-it;Opinion
2023-11-02T04:03:54Z;Chile;The Guardian;"Israel-Gaza war; Israel; Hamas; Middle East and north Africa; World news";Hamas says 195 killed in two days of strikes on Jabalia camp – as it happened;"Hamas says hundreds injured after refugee camp strikes; the US president responded to an anti-war protestor saying he supports a humanitarian ‘pause’";https://www.theguardian.com/world/live/2023/nov/01/israel-hamas-war-live-updates-gaza-internet-access-cut-off-egypt-jabalia-strike;World news
2023-11-01T17:03:11Z;Chile;The Guardian;"Modern slavery; Human trafficking; Religion";How did I spend Halloween? With an incredible group of nuns’ | Adrian Chiles;Hosting an awards ceremony for these sisters, I realised the important work they do tackling modern slavery, writes Adrian Chiles;https://www.theguardian.com/commentisfree/2023/nov/01/how-did-i-spend-halloween-with-an-incredible-group-of-nuns;Opinion
2023-11-01T05:36:02Z;Chile;The Guardian;Australia news;"Afternoon Update: more interest rate rises likely; Victorian prison officers put spit hood on child; and WeWork to file for bankruptcy";The Reserve Bank looks increasingly likely to lift the cash rate as the IMF found inflation remained ‘sticky’;https://www.theguardian.com/australia-news/2023/nov/01/afternoon-update-more-interest-rate-rises-likely-victorian-prison-officers-put-spit-hood-on-child-and-wework-to-file-for-bankruptcy;Australia news
2023-11-01T03:20:58Z;Chile;The Guardian;"Israel-Gaza war; World news; Israel; Hamas; Middle East and north Africa; Palestine; Gaza";Colombia recalls ambassador to Israel – as it happened;This blog is now closed.;https://www.theguardian.com/world/live/2023/oct/31/israel-hamas-war-live-updates-latest-news-today-hamas-clashes-idf-gaza-aid-plan-failure;World news
2023-11-01T01:12:37Z;Chile;The Guardian;"Israel-Gaza war; Bolivia; Israel; Gaza; Foreign policy; World news; Americas; Chile; Colombia; Palestine";South American countries recall ambassadors and cut ties with Israel over war with Hamas;Bolivia’s leftwing government cuts diplomatic ties with Israel, alleging crimes and human rights abuses in Gaza, as Chile and Colombia recall ambassadors;https://www.theguardian.com/world/2023/oct/31/bolivia-israel-hamas-gaza-war-crime;World news
2023-10-31T17:19:12Z;Chile;The Guardian;"Feminism; Poetry; Music; Pop and rock; Books; University of York; University of East Anglia; Open University; Norfolk; Publishing";Caroline Gilfillan obituary;<strong>Other lives:</strong> Poet and writer who explored feminist themes, including with the all-female 1970s band the Stepney Sisters;https://www.theguardian.com/world/2023/oct/31/caroline-gilfillan-obituary;World news
2023-10-31T14:00:17Z;Chile;The Guardian;"Australia news; Health; Food";Health Star Rating only on about a third of Australian supermarket products that should carry it, report shows;Researcher says consumers can’t make the ‘best choices’ as rating missing on more than half of products;https://www.theguardian.com/australia-news/2023/nov/01/australia-health-star-rating-system-failures-issues;Australia news
2023-10-31T11:00:19Z;Chile;The Guardian;"Rugby World Cup; Rugby union; Sport; Australia sport; US sports";The Breakdown | Strange new worlds: can the Rugby World Cup live long and prosper?;The 2027 showpiece will not break new ground so making the US a rugby hotbed in 2031 is now an unlikely mission;https://www.theguardian.com/sport/2023/oct/31/rugby-world-cup-2027-us-2031-the-breakdown;Sport
2023-10-31T08:00:37Z;Chile;The Guardian;"Paris Olympic Games 2024; Swimming; Olympic Games; US sports; Sport";Synchronized swimming prepares for its newest addition: men;The sport now known as artistic swimming has always been a female-only sport at the Olympics. That will change at Paris 2024;https://www.theguardian.com/sport/2023/oct/31/artistic-swimming-men-synrchronised-swimming-olympics-2024-paris;Sport
2023-10-28T12:15:43Z;Chile;The Guardian;"England rugby union team; Steve Borthwick; Rugby World Cup 2023; Rugby union; Sport; Rugby World Cup";Borthwick’s England job begins now with a team only just starting out | Andy Bull;England had grit, smarts, a set piece and a screw-you attitude so third place was fair – but there is real promise in the next generation;https://www.theguardian.com/sport/2023/oct/28/steve-borthwick-england-rugby-world-cup-job-begins-now;Sport
2023-10-27T17:25:52Z;Chile;The Guardian;"Rugby World Cup 2023; Rugby World Cup; Rugby union; Sport; Cricket; Twenty20; UK news";The Guardian view on the Rugby World Cup: a showcase for free televised sport | Editorial;<strong>Editorial:</strong> Sacrificing mass exposure for cash from lucrative broadcasting deals is strategically short-sighted. Rugby should not follow cricket down that path;https://www.theguardian.com/commentisfree/2023/oct/27/the-guardian-view-on-the-rugby-world-cup-a-showcase-for-free-televised-sport;Opinion
2023-10-27T05:00:36Z;Chile;The Guardian;"Global development; Patagonia holidays; Chile; Environment; Biodiversity; Americas; Conservation";‘It’s like a plague’: land buying by outsiders threatens Patagonia’s peace;The creation of a national park has drawn hundreds of new arrivals to settle in the remote area of Chile, with a potential threat to wildlife and a way of life;https://www.theguardian.com/global-development/2023/oct/27/its-like-a-plague-land-buying-by-outsiders-threatens-patagonias-peace;Global development
2023-10-26T17:00:21Z;Chile;The Guardian;"England rugby union team; Rugby World Cup 2023; Rugby World Cup; Rugby union; Sport";Ben Youngs proud of durability after calling time on career with England;Scrum-half to retire from international rugby as country’s most capped men’s player after bronze medal World Cup match;https://www.theguardian.com/sport/2023/oct/26/ben-youngs-england-retirement-rugby-world-cup;Sport
2023-10-26T10:00:32Z;Chile;The Guardian;"Men's hair; Men's fashion; Beauty; Fashion; Life and style";Why are young people all growing mullets? I’ve been inspired by a much better hairstyle | Adrian Chiles;Forget Chris Waddle – the 18th-century dandy Beau Nash should be this season’s style icon, says Adrian Chiles;https://www.theguardian.com/commentisfree/2023/oct/26/why-young-people-growing-mullets-inspired-by-much-better-hairstyle;Opinion
2023-10-26T04:00:25Z;Chile;The Guardian;"John F Kennedy; Robert Kennedy; US news; The Kennedys; Robert F Kennedy Jr; QAnon; Social media; Digital media; Media; World news; Television; Television industry; Radio";‘It splintered our sense of reality’: how JFK’s assassination spawned 60 years of conspiracy theories;The murder of the US president left millions convinced their government lied and covered up. Decades on, it continues to twist the truth about everything from Covid to G5 to Trump’s defeat at the polls;https://www.theguardian.com/us-news/2023/oct/26/it-splintered-our-sense-of-reality-how-jfks-assassination-spawned-60-years-of-conspiracy-theories;US news
2023-10-24T14:37:48Z;Chile;The Guardian;"Bird flu; Antarctica; Birds; Animals; Environment; Society; Wildlife; World news; Health";‘Catastrophic’: bird flu reaches Antarctic for the first time;As the first known cases of H5N1 are detected in the region, scientists fear for the isolated penguin and seal populations that have never been exposed;https://www.theguardian.com/environment/2023/oct/24/catastrophic-penguins-and-seals-at-risk-as-bird-flu-reaches-antarctic-aoe;Environment
2023-10-23T19:00:07Z;Chile;The Guardian;"England rugby union team; Rugby World Cup 2023; Rugby World Cup; Rugby Football Union; Rugby union; Sport";England exit Rugby World Cup with pride but need more than grit to woo public | Jonathan Liew;What is the wider purpose for Borthwick’s semi-finalists when so many supporters feel the team is still not speaking to them?;https://www.theguardian.com/sport/2023/oct/23/england-exit-rugby-world-cup-with-pride-intact-but-more-than-grit-needed-to-woo-public;Sport
2023-10-21T17:04:19Z;Chile;The Guardian;"Bobby Charlton; Football; Sport; Munich air disaster; Manchester United; World Cup; UK news";Sir Bobby Charlton obituary;England’s most successful footballer, a player who won all the major honours and was admired for his gentlemanly behaviour;https://www.theguardian.com/football/2023/oct/21/sir-bobby-charlton-obituary;Football
2023-10-21T06:00:38Z;Chile;The Guardian;"Life and style; Quiz and trivia games";What links India Amarteifio and Helen Mirren? The Saturday quiz;From skeleton to the 1631 Death’s Duel, test your knowledge with the Saturday quiz;https://www.theguardian.com/lifeandstyle/2023/oct/21/what-links-india-amarteifio-and-helen-mirren-the-saturday-quiz;Life and style
2023-10-20T19:00:25Z;Chile;The Guardian;"Rugby World Cup 2023; Rugby World Cup; England rugby union team; South Africa rugby team; Rugby union; Sport";England must match physical South Africa but rugby gravity is hard to defy;Owen Farrell and his teammates can make this semi-final closer than many expect, however the Boks are No 1 for a reason;https://www.theguardian.com/sport/2023/oct/20/england-south-africa-rugby-world-cup-semi-final-preview;Sport
2023-10-20T17:46:03Z;Chile;The Guardian;"Oceans; Photography; Surfing; Environment";Moments of magic and bliss: Chris Burkard’s ocean photography ;Outdoor and surf photographer Chris Burkard has explored the seven seas capturing their diversity and dynamic beauty. His work especially in the colder regions find the dymanic beauty of our ocean and a source of inspiration deserving of our respect and stewardship;https://www.theguardian.com/environment/2023/oct/20/moments-of-magic-and-bliss-chris-burkards-ocean-photography;Environment
2023-10-20T17:00:22Z;Chile;The Guardian;"Rugby World Cup 2023; England rugby union team; Rugby World Cup; Rugby union; Sport; South Africa rugby team";Kevin Sinfield urges England to ‘rip into’ South Africa in World Cup semi-final;The England defence coach, who wants the players to avoid having ‘a load of regrets’, said: ‘I understand the challenge but don’t mind being written off’;https://www.theguardian.com/sport/2023/oct/20/kevin-sinfield-urges-england-to-rip-into-south-africa-in-world-cup-semi-final;Sport
2023-10-19T12:00:08Z;Chile;The Guardian;"Argentina; World news; Americas; Javier Milei";Argentina’s far-right frontrunner reopens wounds of dictatorship;Javier Milei has provoked alarm and outrage by downplaying the number of victims of the country’s 1976-83 military rule;https://www.theguardian.com/world/2023/oct/19/argentina-javier-milei-dictatorship-presidential-election;World news
2023-10-19T06:00:45Z;Chile;The Guardian;"Smartphones; Mobile phones; Technology; Cricket; Sport";Cricket is turning sideways: how the dominance of phones will make us all into  ‘swivel-eyed loons’  | Adrian Chiles;The whole world is warping to fit the screens of our mobile phones. I’m bracing myself for a wave of dramas set on ladders and staircases, writes Adrian Chiles;https://www.theguardian.com/commentisfree/2023/oct/19/goodbye-widescreen-hello-tallscreen-soon-well-watch-everything-from-football-to-movies-in-portrait-mode;Opinion
2023-10-18T16:00:27Z;Chile;The Guardian;"Fashion; Life and style; H&M; Europe; Recycling; Environment; Colonialism; Waste; Ethical and green living; Sustainable fashion";‘The missing link’: is textile recycling the answer to fashion’s waste crisis?;Millions of tonnes of T-shirts and dresses are dumped or burned every year. Turning old clothes into new ones is possible – the question is whether it is a realistic solution;https://www.theguardian.com/fashion/2023/oct/18/the-missing-link-is-textile-recycling-the-answer-to-fashions-waste-crisis;Fashion
2023-10-18T10:21:51Z;Chile;The Guardian;"Global development; Air pollution; Pollution; Cop28; Environment; Climate crisis; Automotive emissions; Greenhouse gas emissions; G20; Colombia; Mali; United Arab Emirates; Albania; Cambodia; Global health";Colombia and Mali leading efforts to improve air quality, new ranking finds;Low and middle income countries addressing air pollution in climate plans, while UAE, host of Cop28, among rich nations lagging behind;https://www.theguardian.com/global-development/2023/oct/18/global-south-leading-efforts-to-improve-air-quality-while-major-polluters-lag;Global development
2023-10-17T21:00:22Z;Chile;The Guardian;"Rugby World Cup 2023; England rugby union team; South Africa rugby team; Rugby World Cup; Rugby union; Sport";England wait on Marcus Smith’s fitness for South Africa World Cup semi-final;Freddie Steward is waiting in the wings at full-back for the World Cup semi-final while Kevin Sinfield said: ‘You’re blown away by what Marcus does’;https://www.theguardian.com/sport/2023/oct/17/england-wait-on-marcus-smiths-fitness-for-south-africa-world-cup-semi-final;Sport
2023-10-17T13:00:12Z;Chile;The Guardian;"Wine; Food";£8 is the new £5.99: my five rules of thumb for buying wine ;The Observer’s wine writer updates his tips for a post-Brexit, squeezed cost of living Britain;https://www.theguardian.com/food/2023/oct/17/my-five-rules-of-thumb-for-buying-wine-observer-wine-writer-david-williams;Food
2023-10-16T05:00:33Z;Chile;The Guardian;"Iceland; Björk; Rosalía; Culture; Music; Fish; Fishing industry; Environment; Europe; World news";‘Can we save the wild salmon of Iceland?’: Björk releases ‘lost’ song to fight fish farming;The Icelandic singer discusses her collaboration with Rosalía and how artists pick up on the environmental emergency;https://www.theguardian.com/environment/2023/oct/16/can-we-save-the-wild-salmon-of-iceland-bjork-releases-song-to-fight-fish-farming;Environment
2023-10-16T05:00:32Z;Chile;The Guardian;"Augusto Pinochet; Chile; London; UK news; World news";‘We followed him everywhere’: Chilean exiles 25 years on from Pinochet’s UK arrest;Members of the London Picket recall hounding the dictator after his pivotal London arrest in 1998;https://www.theguardian.com/world/2023/oct/16/we-followed-him-everywhere-chilean-exiles-25-years-on-from-pinochets-uk-arrest;World news
2023-10-15T16:44:00Z;Chile;The Guardian;"Cricket World Cup 2023; Cricket; Sport; England cricket team; Afghanistan cricket team; Over by over reports";England humbled by brilliant Afghanistan in historic upset: Cricket World Cup – as it happened;Afghanistan pulled off one of the biggest shocks in World Cup history, stunning England with a 69-run victory in Delhi;https://www.theguardian.com/sport/live/2023/oct/15/afghanistan-v-england-cricket-world-cup-live;Sport
2023-10-15T05:02:03Z;Chile;The Guardian;"Wine; Food; Life and style";Great picks from the Wine Society;Gems from the world’s oldest member-owned community;https://www.theguardian.com/food/2023/oct/15/great-picks-from-the-wine-society-worlds-oldest-member-owned-community;Food
2023-10-15T03:38:31Z;Chile;The Guardian;"Israel-Gaza war; Israel; Gaza; Hamas; Palestine; Middle East and north Africa";300 Palestinians killed in past 24 hours, health ministry reports – as it happened;Israeli PM posts video to troops saying ‘we are all ready’;https://www.theguardian.com/world/live/2023/oct/14/israel-hamas-war-live-un-says-tens-of-thousands-have-fled-south-in-gaza-israel-strikes-hezbollah-target-in-lebanon-says-idf;World news
2023-10-14T07:00:36Z;Chile;The Guardian;"Rugby World Cup; Rugby World Cup 2023; Rugby union; Sport; England rugby union team; Fiji rugby union team";England can see their semi-final path and Marcus Smith has chance to light the way | Ugo Monye;Steve Borthwick’s men slipped into bad habits against Samoa and Fiji will be dangerous if the game breaks up;https://www.theguardian.com/sport/2023/oct/14/england-can-see-their-semi-final-path-and-marcus-smith-has-chance-to-light-the-way;Sport
2023-10-13T20:00:22Z;Chile;The Guardian;"Rugby World Cup 2023; Rugby World Cup; England rugby union team; Fiji rugby union team; Rugby union; Sport";Steve Borthwick’s England reach point of definition against Fiji;Sunday’s World Cup quarter-final in Marseille will have a lasting effect on not just the team, but the wider English game;https://www.theguardian.com/sport/2023/oct/13/steve-borthwicks-england-reach-point-of-definition-against-fiji;Sport
2023-10-13T16:05:46Z;Chile;The Guardian;"Euro 2024 qualifying; Women's Super League; Football League; Football; Sport";Euro 2024 qualifying, England v Australia, Mead set for Arsenal return: football news – as it happened;Beth Mead moved closer to a long-awaited return and Sheffield Wednesday appointed 34-year-old Danny Rohl as their new manager;https://www.theguardian.com/football/live/2023/oct/13/euro-2024-qualifying-scotlands-var-outrage-england-v-australia-wsl-football-news-live;Football
2023-10-13T11:25:42Z;Chile;The Guardian;"England rugby union team; Rugby World Cup 2023; Rugby union; Sport; Rugby World Cup; Fiji rugby union team";Steve Borthwick tells England players they must seize the day against Fiji;England’s head coach has urged his team to take their chances because they may not get another chance at a World Cup;https://www.theguardian.com/sport/2023/oct/13/england-fiji-rugby-world-cup-smith-farrell;Sport
2023-10-13T10:00:36Z;Chile;The Guardian;"Nevada; Mining; US news; Environment; World news; Indigenous peoples";‘We were not consulted’: Native Americans fight lithium mine on site of 1865 massacre;Indigenous groups say huge project in northern Nevada threatens environmental, cultural and historical destruction;https://www.theguardian.com/us-news/2023/oct/13/native-americans-1865-massacre-lithium-mine-thacker-pass;US news
2023-10-12T21:00:19Z;Chile;The Guardian;"Rugby World Cup 2023; England rugby union team; Fiji rugby union team; Rugby World Cup; Rugby union; Sport";Fiji vow to ‘shock the world’ by landing World Cup knockout blow on England;Boosted by wins over Australia and England this year, Fiji believe they can put rugby’s tier-one nations ‘to sleep’, says their forwards coach, Graham Dewes;https://www.theguardian.com/sport/2023/oct/12/fiji-vow-to-shock-the-world-by-landing-world-cup-knockout-blow-on-england;Sport
2023-10-12T11:00:07Z;Chile;The Guardian;"Environmental activism; Climate crisis; Protest; Environment; World news; UK news; UK civil liberties; Civil liberties - international; Law; Human rights";How criminalisation is being used to silence climate activists across the world;Guardian investigation finds growing number of countries passing anti-protest laws as part of playbook of tactics to intimidate people peacefully raising the alarm;https://www.theguardian.com/environment/2023/oct/12/how-criminalisation-is-being-used-to-silence-climate-activists-across-the-world;Environment
2023-10-12T04:00:58Z;Chile;The Guardian;"Food; Health; Health & wellbeing; Life and style; Nutrition; Nutrition; Food science; Ultra-processed foods";‘It’s like trying to quit smoking’: why are 1 in 7 of us addicted to ultra-processed foods?;Biscuits, ice-cream and fizzy drinks can be just as addictive as alcohol and cigarettes, research has found. What are they doing to our bodies – and how can we kick the habit?;https://www.theguardian.com/food/2023/oct/12/its-like-trying-to-quit-smoking-why-are-1-in-7-of-us-addicted-to-ultra-processed-foods;Food
2023-10-11T21:00:49Z;Chile;The Guardian;"England rugby union team; Rugby World Cup 2023; Steve Borthwick; Owen Farrell; Rugby union; Sport; Rugby World Cup";Borthwick to gamble on Farrell and Smith with Ford set for England axe;Steve Borthwick appears set to axe George Ford and install his captain Owen Farrell at fly-half for England’s World Cup quarter-final against Fiji;https://www.theguardian.com/sport/2023/oct/11/steve-borthwick-owen-farrell-george-ford-england-fiji-rugby-world-cup;Sport
2023-10-11T16:14:39Z;Chile;The Guardian;"The far right; Ron DeSantis; US news; US politics; Florida";‘No enemies to the right’: DeSantis ally hosts debate hedging white nationalism;Christopher Rufo’s Twitter space discussed conservatives cooperating with extremists ‘to destroy the power of the left’;https://www.theguardian.com/world/2023/sep/30/conservative-christopher-rufo-florida-twitter-debate;World news
2023-10-11T10:00:37Z;Chile;The Guardian;"Israel; Palestine; Gaza; World news; Middle East and north Africa; Hamas; Volodymyr Zelenskyy; Shireen Abu Akleh; Israel-Gaza war";The double standard with Israel and Palestine leaves us in moral darkness | Moustafa Bayoumi;Biden and Zelenskiy support a war they say was ‘unprovoked’ but a defenseless population will pay for media misinformation;https://www.theguardian.com/world/2023/oct/11/israel-palestine-war-biden-zelenskiy;World news
2023-10-11T07:00:32Z;Chile;The Guardian;"Football; Sport";Keeping up disappearances: when both starting goalies are sent off | The Knowledge;Plus: worst combined performance for a city, the earliest relegation and first World Cup player to play outside his home nation;https://www.theguardian.com/football/2023/oct/11/have-both-starting-goalkeepers-ever-been-sent-off-in-the-same-game-knowledge;Football
2023-10-10T17:39:09Z;Chile;The Guardian;"Rugby World Cup 2023; England rugby union team; Fiji rugby union team; Rugby Football Union; Rugby World Cup; Rugby union; Sport";Thousands of tickets unsold for England v Fiji but Paris quarter-finals sell out;On Tuesday evening nearly 4,500 tickets were still up for grabs for Sunday afternoon’s quarter-final in Marseille, ranging in price from €75 to €300;https://www.theguardian.com/sport/2023/oct/10/thousands-of-tickets-unsold-for-england-v-fiji-but-paris-rugby-world-cup-quarter-finals-sell-out;Sport
2023-10-10T15:44:27Z;Chile;The Guardian;"Climate science; Climate crisis; Extreme weather; Americas; Brazil; Argentina; Paraguay; Bolivia; World news; Environment";Human emissions made deadly South American heat 100 times more likely;Research shows climate crisis by far main cause of recent unseasonable temperatures in southern winter and early spring;https://www.theguardian.com/environment/2023/oct/10/human-emissions-made-deadly-south-american-heat-100-times-more-likely;Science
2023-10-10T09:30:35Z;Chile;The Guardian;"Global development; Brazil; Luiz Inácio Lula da Silva; Jair Bolsonaro; Americas; World news; Dilma Rousseff; G20; Deforestation; Environment; Trees and forests";Brazil is taking a new direction after Bolsonaro – but will Britain take note? | Richard Bourne;Much has changed already under Lula da Silva’s presidency, but this vast country does not receive the attention it deserves;https://www.theguardian.com/global-development/2023/oct/10/brazil-is-taking-a-new-direction-after-bolsonaro-but-will-britain-take-note;Global development
2023-10-08T14:41:55Z;Chile;The Guardian;"Rugby World Cup 2023; England rugby union team; Rugby World Cup; Rugby union; Sport";Sam Underhill added to England’s World Cup squad to replace injured Jack Willis;After missing out on Steve Borthwick’s final squad, the Bath flanker is recalled for England’s quarter-final in Marseille;https://www.theguardian.com/sport/2023/oct/08/sam-underhill-added-to-englands-world-cup-squad-to-replace-injured-jack-willis;Sport
2023-10-08T13:34:55Z;Chile;The Guardian;"Rugby World Cup 2023; Rugby World Cup; Rugby union; Sport; Japan rugby union team; Argentina rugby union team";Japan 27-39 Argentina: Rugby World Cup 2023 – as it happened;A Mateo Carreras hat-trick secured victory and Argentina’s passage to the quarterfinals after a cracking contest with Japan’s Brave Blossoms.;https://www.theguardian.com/sport/live/2023/oct/08/japan-v-argentina-rugby-world-cup-2023-live;Sport
2023-10-07T20:29:53Z;Chile;The Guardian;"Rugby World Cup 2023; Rugby World Cup; Rugby union; Sport; England rugby union team; Samoa rugby union team; Owen Farrell";Owen Farrell’s go-slow kick sums up England’s worst display so far | Andy Bull;Steve Borthwick’s side made a litany of errors in their unconvincing victory over a spirited Samoa side;https://www.theguardian.com/sport/blog/2023/oct/07/owen-farrells-go-slow-kick-sums-up-englands-worst-display-so-far;Sport
2023-10-07T18:00:30Z;Chile;The Guardian;"Rugby World Cup 2023; England rugby union team; Samoa rugby union team; Rugby World Cup; Rugby union; Sport";England 18-17 Samoa: Rugby World Cup – as it happened;Danny Care’s late converted try helped England escape with victory after Samoa had led 17-8 with a superb attacking display;https://www.theguardian.com/sport/live/2023/oct/07/england-v-samoa-rugby-world-cup-live;Sport
2023-10-06T17:53:07Z;Chile;The Guardian;"England rugby union team; Rugby World Cup 2023; Rugby World Cup; Rugby union; Sport";RFU’s reluctance to share England spoils with Samoa really rankles;Bill Sweeney’s comments show an unwillingness to give teams like the one they face on Saturday a hand on or off the field;https://www.theguardian.com/sport/2023/oct/06/rfus-reluctance-to-share-england-spoils-with-samoa-really-rankles;Sport
2023-10-06T12:09:36Z;Chile;The Guardian;"England rugby union team; Rugby World Cup 2023; Rugby World Cup; Rugby union; Sport";Jonny May says England career likely to end after Rugby World Cup;Jonny May has said: ’Never say never but probably, most likely, this will be the last campaign I’ll have with England’;https://www.theguardian.com/sport/2023/oct/06/jonny-may-says-england-career-likely-to-end-after-rugby-world-cup;Sport
2023-10-05T21:41:08Z;Chile;The Guardian;"England rugby union team; Owen Farrell; Rugby World Cup 2023; Rugby World Cup; Steve Borthwick; Rugby union; Sport";Friends reunited: England hope to reap benefit of Ford-Farrell axis;Experienced pair will turn out at 10 and 12 in World Cup pool game against Samoa for the first time in a Test since 2021;https://www.theguardian.com/sport/2023/oct/05/friends-reunited-england-hope-to-reap-benefit-of-farrell-ford-axis;Sport
2023-10-05T18:19:58Z;Chile;The Guardian;"England rugby union team; Rugby World Cup 2023; Rugby World Cup; Rugby union; Sport";England injury blow as Jack Willis to miss rest of World Cup;England’s back-row forward Jack Willis has been ruled out of the rest of the World Cup with a neck injury;https://www.theguardian.com/sport/2023/oct/05/england-injury-blow-as-jack-willis-to-miss-rest-of-world-cup;Sport
2023-10-05T10:30:10Z;Chile;The Guardian;"Peru; Americas; Film industry; World news"; Paddington in Peru films in Colombia – sparking row over legislation in Peru;Peruvian film-makers outraged over legislation to revitalise industry after film chooses Colombia as shooting location;https://www.theguardian.com/world/2023/oct/05/paddington-in-peru-legislation-film-industry;World news
2023-10-04T15:16:02Z;Chile;The Guardian;"Conservative conference; Conservative conference 2023; Conservatives; Politics; UK news; Life and style";I went to my first political party conference this week – and have zero regrets | Adrian Chiles;Get your face printed on a coffee, a tea towel depicting varieties of cheese and take part in puzzle-solving competitions! Every bit of this experience was unexpected, writes Adrian Chiles;https://www.theguardian.com/commentisfree/2023/oct/04/i-went-to-my-first-political-party-conference-this-week-and-have-zero-regrets;Opinion
2023-10-04T10:30:56Z;Chile;The Guardian;"England rugby union team; Rugby World Cup 2023; Rugby World Cup; Rugby union; Sport";Owen Farrell and George Ford to start together for England against Samoa;Owen Farrell and George Ford are expected to start together for England for the first time since March 2021 as Steve Borthwick prepares to reprise their 10-12 axis against Samoa on Saturday;https://www.theguardian.com/sport/2023/oct/04/owen-farrell-and-george-ford-to-start-together-for-england-against-samoa-rugby-world-cup;Sport
2023-10-04T06:00:35Z;Chile;The Guardian;"Scotland holidays; Running holidays; Wildlife holidays; Travel; United Kingdom holidays; Health and fitness holidays; Running; Life and style";‘We howled like wolves’: a running break in Scotland’s wild west;A new fitness and nature retreat in Argyll, two hours by train and ferry from Glasgow, ditches speed and calorie counts to let the countryside work its magic;https://www.theguardian.com/travel/2023/oct/04/running-nature-wellness-yoga-break-argyll-scotland;Travel
2023-10-03T11:00:11Z;Chile;The Guardian;"Indigenous peoples; Chile; Global development; Land rights; Environment";‘We are alive and we are here’: Chile’s lost tribe celebrates long-awaited recognition;The Selk’nam were almost wiped out by colonisers in the 19th century, and for years their existence was denied. Now they hope to finally claim their rights as one of Chile’s original peoples;https://www.theguardian.com/global-development/2023/oct/03/we-are-alive-and-we-are-here-chiles-lost-tribe-celebrates-long-awaited-recognition;Global development
2023-10-02T21:00:23Z;Chile;The Guardian;"Rugby World Cup 2023; England rugby union team; Rugby World Cup; Rugby union; Sport";Courtney Lawes insists England always believed their rugby style ‘would click’;The England lock was not worried by England’s World Cup warm-up losses and was keen to see which team strategy would prove a success;https://www.theguardian.com/sport/2023/oct/02/courtney-lawes-insists-england-always-believed-their-rugby-style-would-click;Sport
2023-10-02T15:00:15Z;Chile;The Guardian;"Astronomy; Satellites; Space; Science";Astronomers sound alarm over light pollution from huge new satellite;At its peak BlueWalker 3, which resembles a Tetris block, is as bright as two of brightest stars in night sky;https://www.theguardian.com/science/2023/oct/02/astronomers-light-pollution-tetris-block-satellite-bluewalker-3-stars-bright;Science
2023-10-01T07:00:38Z;Chile;The Guardian;"Rugby World Cup 2023; World Rugby; Fiji rugby union team; Chile rugby union team; Namibia rugby union team; Rugby World Cup; Rugby union; Sport politics; Sport";Flying Fiji break new ground but World Cup is set up for smaller nations to fail | Will Hooley;So-called tier-two teams are at every disadvantage, from pool fixtures to a lack of quality warm-ups: World Rugby has to act;https://www.theguardian.com/sport/blog/2023/oct/01/flying-fiji-break-new-ground-but-world-cup-is-set-up-for-smaller-nations-to-fail;Sport
2023-09-30T15:41:00Z;Chile;The Guardian;"Rugby World Cup 2023; Argentina rugby union team; Chile rugby union team; Rugby World Cup; Rugby union; Sport";Argentina 59-5 Chile: Rugby World Cup 2023 – as it happened;The Pumas secured a bonus-point victory in this derby game to set up a crunch match with Japan next Sunday;https://www.theguardian.com/sport/live/2023/sep/30/argentina-v-chile-rugby-world-cup-2023-live;Sport
2023-09-30T15:40:13Z;Chile;The Guardian;"Rugby World Cup 2023; Argentina rugby union team; Chile rugby union team; Rugby World Cup; Rugby union; Sport";Argentina set up showdown with Japan as Sánchez leads derby win over Chile;The Pumas ran in eight tries with Nicolás Sánchez scoring 20 points as Argentina set up a Pool D eliminator against Japan;https://www.theguardian.com/sport/2023/sep/30/argentina-chile-rugby-world-cup-match-report;Sport
2023-09-30T06:00:06Z;Chile;The Guardian;"Samoa rugby union team; England rugby union team; Rugby World Cup 2023; Rugby World Cup; Rugby union; Sport";Samoa to target England playmaker Marcus Smith in bid for major upset;Marcus Smith will be a marked man if he lines up at full-back again against Samoa with the Pacific islanders wary of the threat posed by England’s attacking livewire;https://www.theguardian.com/sport/2023/sep/30/samoa-to-target-england-playmaker-marcus-smith-in-bid-for-major-upset;Sport
2023-09-30T05:00:06Z;Chile;The Guardian;"Television & radio; Culture";TV tonight: a murder case in twisty Aussie crime series Black Snow ;The BBC Four drama continues to thrill. Plus, the dramatic finale of Bali 2002. Here’s what to watch this evening;https://www.theguardian.com/tv-and-radio/2023/sep/30/tv-tonight-a-case-in-twisty-aussie-series-black-snow;Television & radio
2023-09-29T16:29:44Z;Chile;The Guardian;"England rugby union team; Wales rugby union team; Rugby World Cup 2023; Rugby World Cup; Rugby union; Sport";We have to appreciate Wales and England for their Rugby World Cup runs so far | Ugo Monye;Being the first two teams to qualify for the quarter-finals is an impressive achievement when you think where they were;https://www.theguardian.com/sport/2023/sep/29/can-we-just-appreciate-england-and-wales-for-what-they-are-doing;Sport
2023-09-28T21:38:29Z;Chile;The Guardian;"England rugby union team; Rugby union; Sport; Rugby World Cup 2023; Rugby World Cup";England through to Rugby World Cup quarter-finals thanks to Japan victory;England became the second side to confirm their place in the Rugby World Cup quarter-finals thanks to Japan’s victory against Samoa;https://www.theguardian.com/sport/2023/sep/28/rugby-world-cup-england-quarter-finals-japan-samoa;Sport
2023-09-28T21:21:43Z;Chile;The Guardian;"Rugby World Cup 2023; Rugby World Cup; Japan rugby union team; Samoa rugby union team; Rugby union; Sport";Japan 28-22 Samoa: Rugby World Cup 2023 – as it happened;Japan held off a late charge from 14-man Samoa to keep their quarter-final hopes alive and eliminate their opponents;https://www.theguardian.com/sport/live/2023/sep/28/japan-v-samoa-rugby-world-cup-2023-live;Sport
2023-09-28T15:35:52Z;Chile;The Guardian;"Extreme weather; Climate crisis; Europe; Food & drink industry; Business; Spain";Europe’s olive oil supply running out after drought – and the odd hailstorm;Heatwaves around Mediterranean have damaged harvests and forced producers to import from South America;https://www.theguardian.com/world/2023/sep/28/europes-local-olive-oil-supply-runs-almost-dry-after-summer-of-extreme-weather;World news
2023-09-28T11:04:19Z;Chile;The Guardian;"England rugby union team; Rugby World Cup 2023; Samoa rugby union team; Rugby World Cup; Rugby union; Sport";‘They’ll go after him’: Vunipola warns Tuilagi of Samoa special attention;After suffering against Tonga in 2019, Billy Vunipola says his teammate can expect a target on his back against Samoa;https://www.theguardian.com/sport/2023/sep/28/vunipola-warns-tuilagi-of-samoa-special-attention-rugby-world-cup;Sport
2023-09-28T10:00:24Z;Chile;The Guardian;"Adrian Chiles; Death and dying; Ronnie O'Sullivan";Ronnie O’Sullivan’s spin on preparing for death is a lesson for all of us | Adrian Chiles;The snooker legend Ronnie O’Sullivan wisely observes that you can’t take your stuff with you. So it’s best to stop accumulating it early – and start shedding what you have;https://www.theguardian.com/commentisfree/2023/sep/28/ronnie-osullivans-spin-on-preparing-for-death-is-a-lesson-for-all-of-us;Opinion
2023-09-27T15:25:56Z;Chile;The Guardian;"Yorkshire; Road safety; UK news";Have I found Britain’s very worst traffic lights for pedestrians? | Adrian Chiles;The wait for the green man at these lights is unbearably slow – and then you only have 10 seconds to race across the road. But I did get a nice reply from the council when I complained, writes Adrian Chiles;https://www.theguardian.com/commentisfree/2023/sep/27/have-i-found-britains-very-worst-traffic-lights-for-pedestrians;Opinion
2023-09-26T21:00:38Z;Chile;The Guardian;"Rugby World Cup 2023; Rugby World Cup; Rugby union; Sport; England rugby union team";Flat-packing and patisserie runs: how England switch off from World Cup;Most of England’s squad have taken the opportunity to disperse across France with the pool leaders not in action at the Rugby World Cup this weekend;https://www.theguardian.com/sport/2023/sep/26/henry-arundell-settles-into-new-home-with-england-rugby-world-cup;Sport
2023-09-26T09:00:32Z;Chile;The Guardian;"Rugby World Cup 2023; England rugby union team; Wales rugby union team; Fiji rugby union team; Rugby World Cup; Rugby union; Sport";Smith or Steward? Panache may trump power at full-back if England meet Fiji | Nick Evans;Fly-half’s display at No 15 against Chile gives Steve Borthwick options depending on who awaits England in the last eight;https://www.theguardian.com/sport/blog/2023/sep/26/smith-or-steward-panache-may-trump-power-at-full-back-if-england-meet-fiji;Sport
2023-09-24T21:00:07Z;Chile;The Guardian;"Rugby World Cup 2023; England rugby union team; Steve Borthwick; Rugby World Cup; Rugby union; Sport"; Smith and Arundell spark England to give Borthwick food for thought;The free-flowing rugby on show in the demolition of Chile leaves England’s coach with a tricky decision before the Samoa test;https://www.theguardian.com/sport/2023/sep/24/smith-and-arundell-spark-england-to-give-borthwick-food-for-thought;Sport
2023-09-24T21:00:07Z;Chile;The Guardian;"Rugby World Cup 2023; England rugby union team; Rugby World Cup; Rugby union; Sport";England players told to stay in France during Rugby World Cup ‘rest’ week;The management team and coaching staff are allowed to return home, however, with England’s next match against Samoa not until 7 October;https://www.theguardian.com/sport/2023/sep/24/england-players-told-to-stay-in-france-during-rugby-world-cup-rest-week;Sport
2023-09-23T20:17:32Z;Chile;The Guardian;"England rugby union team; Rugby World Cup 2023; Chile rugby union team; Rugby World Cup; Rugby union; Sport";Borthwick finds ‘another dimension’ in England’s triple fly-half threats;Steve Borthwick said he considers England’s triple fly-half threat of Owen Farrell, Marcus Smith and George Ford as an option at the Rugby World Cup;https://www.theguardian.com/sport/2023/sep/23/borthwick-finds-another-dimension-in-englands-triple-fly-half-threats;Sport
2023-09-23T19:57:59Z;Chile;The Guardian;"Rugby World Cup 2023; England rugby union team; Chile rugby union team; Rugby World Cup; Rugby union; Sport";Marcus Smith’s attacking flair gives Borthwick and England new hope | Sean Ingle;Full-back and Henry Arundell on the wing show the side can be unpredictable and all the better for it in World Cup rout of Chile;https://www.theguardian.com/sport/blog/2023/sep/23/marcus-smiths-attacking-flair-gives-borthwick-and-england-new-hope;Sport
2023-09-23T18:04:10Z;Chile;The Guardian;"Rugby World Cup 2023; England rugby union team; Chile rugby union team; Rugby World Cup; Rugby union; Sport";Henry Arundell scores five in England’s 11-try Rugby World Cup rout of Chile;England romped to a 71-0 victory over Chile to make it three World Cup wins from three with Henry Arundell scoring five of their 11 tries;https://www.theguardian.com/sport/2023/sep/23/england-chile-rugby-world-cup-match-report;Sport
2023-09-23T15:00:31Z;Chile;The Guardian;"Business; Electric, hybrid and low-emission cars; Environment; Motoring; Technology; China; Ursula von der Leyen; European Union";The east German town at the centre of the new ‘gold rush’ … for lithium;Refining the metal, which is essential for electric car batteries, in Europe would ease the EU’s precarious reliance on China;https://www.theguardian.com/business/2023/sep/23/the-east-german-town-at-the-centre-of-the-new-gold-rush-for-lithium;Business
2023-09-23T05:00:19Z;Chile;The Guardian;"Television & radio; Culture";TV tonight: behind the scenes of a new comedy-horror musical set in Victorian London ;A funny and fresh documentary about Otto Baxter’s autobiographical project. Plus, the moreish new thriller Black Snow. Here’s what to watch this evening;https://www.theguardian.com/tv-and-radio/2023/sep/23/tv-tonight-behind-the-scenes-of-a-new-comedy-horror-musical-set-in-victorian-london;Television & radio
2023-09-22T18:11:58Z;Chile;The Guardian;"Rugby World Cup 2023; Rugby World Cup; Rugby union; Argentina rugby union team; Samoa rugby union team; Sport";Argentina 19-10 Samoa: Rugby World Cup 2023 – as it happened;Emiliano Boffelli shines in the gloom as Argentina slog to an important victory.;https://www.theguardian.com/sport/live/2023/sep/22/argentina-v-samoa-rugby-world-cup-2023-live;Sport
2023-09-22T15:07:37Z;Chile;The Guardian;"Rugby World Cup 2023; Rugby World Cup; England rugby union team; Chile rugby union team; Rugby union; Sport";Start for Marcus Smith against Chile is no guarantee for rest of World Cup;Owen Farrell’s return from suspension means Marcus Smith playing at full-back, where the 24-year-old is still hoping to wield his influence;https://www.theguardian.com/sport/2023/sep/22/start-for-marcus-smith-against-chile-is-no-guarantee-for-rest-of-world-cup;Sport
2023-09-22T13:33:25Z;Chile;The Guardian;"Rugby World Cup 2023; Rugby World Cup; England rugby union team; Chile rugby union team; Rugby union; Sport";England are doing quite a lot right at this World Cup, let’s not kick them for it | Ugo Monye;Negativity over Japan victory is misplaced but a more clinical display in the opposition 22 will be expected against Chile;https://www.theguardian.com/sport/blog/2023/sep/22/england-are-doing-quite-a-lot-right-lets-not-kick-them-for-it;Sport
2023-09-22T13:31:36Z;Chile;The Guardian;"Rugby World Cup 2023; Chile rugby union team; Rugby World Cup; England rugby union team; Rugby union; Sport";Chile’s band of brothers channel school rivalries at Rugby World Cup;With four sets of siblings and most in the squad being from one of two schools, bonds run deep against England on Saturday;https://www.theguardian.com/sport/2023/sep/22/chile-brothers-channel-school-rivalries-england-rugby-world-cup;Sport
2023-09-22T13:00:03Z;Chile;The Guardian;"Wine; Food; American food and drink";Zinfandel zingers | Fiona Beckett on drinks;This US grape is tainted by an unfortunate macho reputation, yet, when made well, it can be rich, brambly, elegant and as good as anything else out there;https://www.theguardian.com/food/2023/sep/22/zinfandel-zingers-dont-worry-about-the-pronunciation-just-drink-it-fiona-beckett;Food
2023-09-22T11:30:17Z;Chile;The Guardian;"Rugby World Cup 2023; Rugby World Cup; Rugby union; Sport; Chile rugby union team; Samoa rugby union team; Argentina rugby union team; Portugal rugby union team; Tonga rugby union team; Scotland rugby union team; Georgia rugby union team";Rugby World Cup 2023: what to look out for this weekend;The Chile wing Cristobal Game, a late call-up, gets a chance to shine against England, Scotland fear Tonga rebound and the curious case of a missing tee;https://www.theguardian.com/sport/2023/sep/22/rugby-world-cup-2023-what-to-look-out-for-this-weekend;Sport
2023-09-21T21:36:31Z;Chile;The Guardian;"England rugby union team; Rugby World Cup 2023; Chile rugby union team; Rugby union; Sport; Rugby World Cup";Borthwick gives returning Owen Farrell England captaincy for rest of World Cup ;Owen Farrell will return as captain for the rest of England’s World Cup campaign with Steve Borthwick giving his clear backing to the fly-half;https://www.theguardian.com/sport/2023/sep/21/steve-borthwick-owen-farrell-england-chile-rugby-world-cup;Sport
2023-09-20T21:00:29Z;Chile;The Guardian;"England rugby union team; Rugby World Cup 2023; Rugby World Cup; Rugby union; Sport; Toulouse";Jack Willis is ready to show England why he’s been a French revelation;Flanker has been terrific at Toulouse and is eager to make a World Cup starting spot his own when he lines up against Chile;https://www.theguardian.com/sport/2023/sep/20/jack-willis-is-ready-to-show-england-why-hes-been-a-french-revelation;Sport
2023-09-20T19:41:34Z;Chile;The Guardian;"United Nations; Climate crisis; Environment; World news; Fossil fuels; Energy; António Guterres";Humanity has ‘opened gates to hell’ by letting climate crisis worsen, UN secretary warns;António Guterres opened United Nations climate ambition summit with attack on wealthy countries and the fossil fuel industry;https://www.theguardian.com/world/2023/sep/20/antonio-guterres-un-climate-summit-gates-hell;World news
2023-09-20T18:12:02Z;Chile;The Guardian;"Rugby World Cup 2023; Italy rugby union team; Uruguay rugby union team; Rugby World Cup; Rugby union; Sport";Italy 38-17 Uruguay: Rugby World Cup 2023 – as it happened;After an underwhelming first half, Italy turned things around against Uruguay to secure their second win over the tournament;https://www.theguardian.com/sport/live/2023/sep/20/italy-v-uruguay-rugby-world-cup-2023-live;Sport
2023-09-20T17:49:37Z;Chile;The Guardian;"England rugby union team; Owen Farrell; Rugby union; Rugby World Cup; Rugby World Cup 2023; Chile rugby union team; Sport";Marcus Smith set to start at full-back for England as Owen Farrell returns;George Ford is set to drop to the bench and be replaced by Owen Farrell at fly-half against Chile, while Marcus Smith likely to play No 15 for the first time in his career;https://www.theguardian.com/sport/2023/sep/20/marcus-smith-to-start-at-full-back-for-england-as-owen-farrell-returns;Sport
2023-09-20T15:17:29Z;Chile;The Guardian;"Fruit; Food";My neighbours are shunning me, my colleagues are avoiding me – it’s all to do with fruit | Adrian Chiles;Year after year, I struggle to give away an enormous crop of scarred, worm-eaten apples – while everyone else struggles to avoid them;https://www.theguardian.com/commentisfree/2023/sep/20/every-autumn-i-am-shunned-by-my-friends-and-neighbours-but-i-think-ive-finally-broken-the-curse;Opinion
2023-09-20T13:00:18Z;Chile;The Guardian;"European Union; Ukraine; Brics; India; China; Europe; World news";War in Ukraine is revealing a new global order – and the ‘power south’ is the winner | Nathalie Tocci;Long-held resentments of the west are surfacing as world relations rebalance in favour of economic powerhouses like India and China, says Guardian columnist Nathalie Tocci;https://www.theguardian.com/commentisfree/2023/sep/20/war-ukraine-new-global-order-power-south-india-china;Opinion
2023-09-20T08:51:20Z;Chile;The Guardian;"Climate crisis; Rishi Sunak; Environment policy; Environment; Politics; UK news";UK absent from key international statement on climate action;Rishi Sunak accused of ‘disgusting betrayal of vulnerable people’ over net zero U-turn as he misses UN climate ambition summit;https://www.theguardian.com/environment/2023/sep/20/uk-absent-from-key-international-statement-on-climate-action-un-summit;Environment
2023-09-20T07:00:12Z;Chile;The Guardian;"Rugby World Cup 2023; Rugby World Cup; Rugby union; Sport";‘The atmosphere is just electric’: how fans are finding France 2023 so far;Brotherly love, epic journeys and becoming the 16th man – how travelling supporters are faring at the Rugby World Cup;https://www.theguardian.com/sport/2023/sep/20/the-atmosphere-is-just-electric-how-fans-are-finding-france-2023-so-far;Sport
2023-09-19T21:00:35Z;Chile;The Guardian;"England rugby union team; Rugby World Cup 2023; Rugby World Cup; Rugby union; Sport";Romanian steel: how Theo Dan’s grandfather forged his love for rugby;The England hooker has gone from Ampthill in the Championship to the World Cup;https://www.theguardian.com/sport/2023/sep/19/theo-dan-grandfather-rugby-world-cup-england;Sport
2023-09-19T15:00:30Z;Chile;The Guardian;"Julian Assange; Australian foreign policy; US news; Australia news";The Australia-US alliance has long gone unchallenged. The delegation to free Julian Assange changes that | Emma Shortis;The Australian politicians pushing for Assange’s release represents a rare crack in the wall of bipartisan support for the sacrosanct alliance;https://www.theguardian.com/commentisfree/2023/sep/20/the-australia-us-alliance-has-long-gone-unchallenged-the-delegation-to-free-julian-assange-changes-that;Opinion
2023-09-19T11:48:33Z;Chile;The Guardian;"Italy rugby union team; Uruguay rugby union team; Rugby World Cup 2023; Rugby World Cup; Rugby union; Sport";‘A massive threat’: Crowley says Italy braced for battle against Uruguay;The Italy head coach, Kieran Crowley, believes Uruguay will pose a ‘massive’ threat” when the sides meet at Stade de Nice;https://www.theguardian.com/sport/2023/sep/19/italy-uruguay-rugby-world-cup;Sport
2023-09-18T21:00:39Z;Chile;The Guardian;"Rugby World Cup 2023; Owen Farrell; England rugby union team; Chile rugby union team; Rugby World Cup; Rugby union; Sport";Borthwick’s Chile conundrum: Farrell, Ford or Smith … or all three? | Gerard Meagher;With Owen Farrell available for selection again, England’s coaching staff have a tricky decision to make this week;https://www.theguardian.com/sport/2023/sep/18/borthwicks-chile-conundrum-farrell-ford-or-smith-or-all-three;Sport
2023-09-17T22:40:27Z;Chile;The Guardian;"England rugby union team; Rugby World Cup 2023; Steve Borthwick; Rugby World Cup; Rugby union; Sport";Steve Borthwick defiant after England beat Japan and promises better to come;The England head coach Steve Borthwick said: ‘We’re seeing strides in fundamental aspects,’ while Ben Earl added they are ‘growing and improving’;https://www.theguardian.com/sport/2023/sep/17/steve-borthwick-defiant-after-england-beat-japan-and-promises-better-to-come;Sport
2023-09-17T21:07:44Z;Chile;The Guardian;"Rugby World Cup 2023; England rugby union team; Japan rugby union team; Rugby World Cup; Rugby union; Sport";England use lucky break to beat Japan but bonus-point win marred by boos;Joe Marler inadvertently headed the ball, leading to Courtney Lawes scoring a try that broke Japan’s resistance as England won 34-12;https://www.theguardian.com/sport/2023/sep/17/england-japan-rugby-world-cup-match-report;Sport
2023-09-17T15:22:45Z;Chile;The Guardian;"Rugby World Cup 2023; Sport; Rugby union; Rugby World Cup; South Africa rugby team; Romania rugby union team";South Africa 76-0 Romania: Rugby World Cup 2023 – as it happened;Romania were unable to score a single point as South Africa proved their class;https://www.theguardian.com/sport/live/2023/sep/17/south-africa-v-romania-rugby-world-cup-live;Sport
2023-09-17T09:30:55Z;Chile;The Guardian;"The Cure; Music; Music books; Books; Culture";The Cure’s Lol Tolhurst: ‘Goth is about being in love with the melancholy beauty of existence’;The band’s co-founder on reconciling with Robert Smith and the real meaning of the dark music subculture;https://www.theguardian.com/music/2023/sep/17/the-cure-lol-tolhurst-goth-book-interview-robert-smith;Music
2023-09-17T07:00:53Z;Chile;The Guardian;"Japan rugby union team; Rugby World Cup 2023; Rugby union; Sport; Rugby World Cup";Japan aim to conjure spirit of 2019 and build on rugby legacy against England;Brave Blossoms have been inspirational in the past two World Cups but are still working to grow the sport’s popularity;https://www.theguardian.com/sport/2023/sep/17/japan-aim-to-conjure-spirit-of-2019-and-build-on-rugby-legacy-against-england;Sport
2023-09-16T23:48:52Z;Chile;The Guardian;"Davis Cup; Sport; Tennis; US sports";Underdogs Finland stun United States to reach Davis Cup quarter-finals;Underdogs Finland stunned 32-times champions the United States on Saturday to seal their place in the Davis Cup quarter-finals for the first time;https://www.theguardian.com/sport/2023/sep/16/usa-finland-davis-cup-upset-tommy-paul-mackenzie-mcdonald;Sport
2023-09-16T19:39:02Z;Chile;The Guardian;"Rugby World Cup 2023; Rugby World Cup; Rugby union; Wales rugby union team; Portugal rugby union team; Sport";Wales 28-8 Portugal: Rugby World Cup 2023 – as it happened;Wales toiled to victory over Portugal, eventually earning a bonus point late on;https://www.theguardian.com/sport/live/2023/sep/16/wales-v-portugal-rugby-world-cup-2023-live-updates;Sport
2023-09-16T15:44:16Z;Chile;The Guardian;"Rugby World Cup 2023; Rugby World Cup; Rugby union; Samoa rugby union team; Chile rugby union team; Sport";Samoa 43-10 Chile: Rugby World Cup 2023 – as it happened;Chile got the first try but Samoa found their groove in a devastating spell after half-time to earn a hard-fought bonus-point win;https://www.theguardian.com/sport/live/2023/sep/16/samoa-v-chile-rugby-world-cup-2023-live-updates;Sport
2023-09-16T15:00:33Z;Chile;The Guardian;"Apple; Technology; Business; iPhone; Mobile phones; Smartphones; Environment";The EU cable guys have tied down Apple, yet big tech is still bossing the Tories | John Naughton;The tech giant has bowed to European legislation with a USB-C connector on its new iPhone but the UK government has failed to make messaging services toe the line on encryption;https://www.theguardian.com/commentisfree/2023/sep/16/eu-laws-apple-iphone-15-usb-c-uk-messaging-encryption-whatsapp;Opinion
2023-09-16T14:00:33Z;Chile;The Guardian;"Rugby World Cup 2023; England rugby union team; Japan rugby union team; Rugby World Cup; Rugby union; Sport";George Ford’s long-hanging, grass-finding kicks can leave Japan chasing shadows | Will Hooley;With Ford, Owen Farrell and the attack coach Richard Wigglesworth on song together, England have a trio who can lay down a winning strategy;https://www.theguardian.com/sport/blog/2023/sep/16/george-fords-long-hanging-grass-finding-kicks-can-leave-japan-chasing-shadows;Sport
2023-09-16T13:40:41Z;Chile;The Guardian;"Premier League; Wolverhampton Wanderers; Liverpool; Football; Sport";Andy Robertson’s late strike powers Liverpool’s fightback win at Wolves;Liverpool came from behind to earn a 3-1 win at Wolves, thanks to second-half strikes from Cody Gakpo and Andy Robertson as well as an own goal;https://www.theguardian.com/football/2023/sep/16/wolves-liverpool-premier-league-match-report;Football
2023-09-15T21:10:06Z;Chile;The Guardian;"Rugby World Cup 2023; Rugby World Cup; New Zealand rugby union team; Namibia rugby union team; Rugby union; Sport";New Zealand 71-3 Namibia: Rugby World Cup 2023 – as it happened;Cam Roigard and Damian McKenzie impressed as the All Blacks ran in eleven tries against spirited but outmatched opponents;https://www.theguardian.com/sport/live/2023/sep/15/new-zealand-namibia-rugby-world-cup-2023-live;Sport
2023-09-15T17:36:32Z;Chile;The Guardian;"Rugby World Cup; Rugby World Cup 2023; Rugby union; Japan rugby union team; Sport";Japan in mood to write new chapter of sporting romance against England;A significant shock is brewing at this tournament and Japan have a rich history of providing huge World Cup upsets with England awaiting them on Sunday;https://www.theguardian.com/sport/2023/sep/15/japan-england-rugby-world-cup;Sport
2023-09-15T12:11:20Z;Chile;The Guardian;"Rugby World Cup 2023; Rugby World Cup; Rugby union; Sport";Rugby World Cup 2023: what to look out for on the second weekend;"South Africa’s selection puzzler; Samoa want more time with tier one; Tshiunza’s steep learning curve; and fuelling with baguettes";https://www.theguardian.com/sport/2023/sep/15/rugby-world-cup-2023-what-to-look-out-for-on-the-second-weekend;Sport
2023-09-14T21:00:41Z;Chile;The Guardian;"England rugby union team; Rugby World Cup 2023; Rugby union; Sport; Rugby World Cup";‘We’re definitely going to score some tries’: Daly has faith in England attack;Elliot Daly believes England will build, starting against Japan, on the steely defence and kicking that saw off Argentina;https://www.theguardian.com/sport/2023/sep/14/elliot-daly-england-japan-rugby-world-cup;Sport
2023-09-14T06:00:21Z;Chile;The Guardian;"Schools; Prisons and probation; Society; Education; Books; Children and teenagers; Culture";Looking round a school library, I saw something I can’t get out of my mind | Adrian Chiles;I was shocked to find a book for children whose parents are in prison. But I’m glad someone had the compassion to write it;https://www.theguardian.com/commentisfree/2023/sep/14/looking-round-a-school-library-i-saw-something-i-cant-get-out-of-my-mind;Opinion
2023-09-13T16:21:33Z;Chile;The Guardian;"Rugby World Cup 2023; Uruguay rugby union team; Rugby World Cup; Rugby union; Sport";Uruguay face France with one eye fixed on Italy and World Cup target;Uruguay have an ambitious goal to qualify automatically for the 2027 Rugby World Cup by finishing third in their pool in France but they will need to beat Italy;https://www.theguardian.com/sport/2023/sep/13/uruguay-france-italy-rugby-world-cup;Sport
2023-09-13T14:56:58Z;Chile;The Guardian;"Counselling and therapy; Life and style; Society; Relationships; Family";Therapy has one big flaw, as I’ve seen for myself. But I know how to fix it | Adrian Chiles;Most talking cures involve just one person telling their version of events. Let’s hear from their nearest and dearest;https://www.theguardian.com/commentisfree/2023/sep/13/my-stories-have-left-therapists-happy-sad-and-bored-but-did-i-ever-tell-the-whole-truth;Opinion
2023-09-12T15:57:49Z;Chile;The Guardian;"Rugby World Cup 2023; Rugby World Cup; Rugby union; Sport; England rugby union team";Tom Curry to miss two Rugby World Cup matches after ban for dangerous tackle;The England back-rower will miss World Cup pool matches against Japan and Chile after accepting his tackle against Argentina warranted a red card;https://www.theguardian.com/sport/2023/sep/12/tom-curry-miss-two-matches-ban-tackle-rugby-world-cup-england;Sport
2023-09-11T19:48:38Z;Chile;The Guardian;"Chile; World news; Americas; Augusto Pinochet";Chile president gives staunch defence of democracy, 50 years after Pinochet coup;Gabriel Boric makes speech outside palace where Salvador Allende was overthrown in 1973, ushering in brutal military dictatorship;https://www.theguardian.com/world/2023/sep/11/chile-president-coup-allende-pinochet-1973;World news
2023-09-11T18:02:03Z;Chile;The Guardian;"Chile; Augusto Pinochet";The Guardian view on the other 9/11: Pinochet’s dictatorship casts a lengthening shadow | Editorial;<strong>Editorial:</strong> Washington should come clean about its role in the 1973 Chilean coup d’état, as it is seen as part of attempts to destabilise leftwing governments in Latin America;https://www.theguardian.com/commentisfree/2023/sep/11/the-guardian-view-on-the-other-911-pinochets-dictatorship-casts-a-lengthening-shadow;Opinion
2023-09-11T10:02:17Z;Chile;The Guardian;"US foreign policy; Foreign policy; Chile; CIA; Americas; Augusto Pinochet; Richard Nixon; US news";The US can rebuild trust abroad – by declassifying incriminating intelligence | David Adler and Misty Rebik;We just returned from a delegation to Brazil, Chile and Colombia. Each country is still seeking answers about the history of US intervention;https://www.theguardian.com/commentisfree/2023/sep/11/us-declassify-intelligence-chile-coup-pinochet;Opinion
2023-09-11T10:00:18Z;Chile;The Guardian;"Music; Chile; Punk; Culture; Augusto Pinochet";‘A fascist tried to electrocute us on stage’: the musicians who took on the Chilean junta;Under Pinochet, artistic expression in Chile was its own form of resistance. Fifty years on from the coup, performers are keeping the flame of protest alight;https://www.theguardian.com/music/2023/sep/11/music-pinochet-allende-hacia-la-victoria-chile-politics-resistance;Music
2023-09-11T08:29:51Z;Chile;The Guardian;"Australian politics; Indigenous voice to parliament; Labor party; Australia news; Indigenous Australians; Anthony Albanese; Peter Dutton; Liberal party; Australian economy; Business; Industrial relations; Wages growth; Jim Chalmers";Housing deal struck – as it happened;This blog is now closed.;https://www.theguardian.com/australia-news/live/2023/sep/11/australia-politics-live-indigenous-voice-to-parliament-cost-of-living-wages-question-time-anthoony-albanese-richard-marles-peter-dutton;Australia news
2023-09-11T04:00:11Z;Chile;The Guardian;"Chile; Americas; Augusto Pinochet; World news";‘It became an obsession’: the long search for the remains of Pinochet’s victims;As Chile marks 50 years since the coup, women who have scoured the desert for remains of their husbands fear the brutality of the death squads will be forgotten;https://www.theguardian.com/world/2023/sep/11/long-search-remains-pinochet-victims-chile-coup;World news
2023-09-10T21:00:02Z;Chile;The Guardian;"Rugby World Cup 2023; England rugby union team; Rugby World Cup; Rugby union; Sport";‘We can win World Cup’: Genge talks up England’s challenge after Argentina joy;The prop, who played in England’s 27-10 World Cup win over Argentina, said: ‘‘We have not cracked it but it’s a step in the right direction’;https://www.theguardian.com/sport/2023/sep/10/we-can-win-world-cup-genge-talks-up-englands-challenge-after-argentina-joy;Sport
2023-09-10T13:38:22Z;Chile;The Guardian;"Rugby World Cup 2023; Rugby World Cup; Rugby union; Sport; Japan rugby union team; Chile rugby union team";Japan 42-12 Chile: Rugby World Cup 2023 – as it happened;Japan proved themselves too strong for World Cup debutants Chile;https://www.theguardian.com/sport/live/2023/sep/10/japan-v-chile-rugby-world-cup-2023-live;Sport
2023-09-09T11:00:21Z;Chile;The Guardian;"Venice film festival 2023; Venice film festival; Film; Culture; Bradley Cooper; David Fincher; Michael Fassbender; Mads Mikkelsen; Sofia Coppola; Carey Mulligan; Drama films; Biopics; Thrillers; Ava DuVernay; Science fiction and fantasy films; Priscilla";Venice film festival 2023 week two roundup – Priscilla, Bernstein, refugees and hitmen;Emma Stone goes wild in a zany Victorian fantasy, Woody Allen gets one of the biggest laughs of the week, Carey Mulligan turns in a career-best performance – and the Golden Lion should go to Agnieszka Holland’s searing Green Border;https://www.theguardian.com/film/2023/sep/09/venice-film-festival-2023-week-two-roundup-mainstream-but-vibrant;Film
2023-09-09T07:00:19Z;Chile;The Guardian;"Germany; History; Holocaust; Second world war";‘An emotional journey’: uncovering the hidden Jewish history behind Berlin’s garden city;As part of Berlin’s commemorative festival, Stella Flatten tells the stories of those forced to flee her idyllic neighbourhood by the Nazi regime;https://www.theguardian.com/world/2023/sep/09/an-emotional-journey-uncovering-the-hidden-jewish-history-behind-berlins-garden-city;World news
2023-09-08T11:58:22Z;Chile;The Guardian;"Rugby World Cup 2023; Rugby World Cup; Rugby union; Sport; South Africa rugby team; Ireland rugby union team; Namibia rugby union team; Uruguay rugby union team; Chile rugby union team";Rugby World Cup 2023: what to look out for on the opening weekend;"Springboks prioritise points to win the prize; Johnny Sexton feels the heat with Ireland; and debutants Chile bank on their band of brothers";https://www.theguardian.com/sport/2023/sep/08/rugby-world-cup-2023-what-to-look-out-for-on-the-opening-weekend;Sport
2023-09-08T07:00:50Z;Chile;The Guardian;"Rugby World Cup 2023; Rugby World Cup; Rugby union; Sport";Rugby World Cup kick-off: Paris gears up for Olympic dress rehearsal;World rugby’s showpiece tournament is one of the biggest sporting events of 2023 but also starts the countdown to the 2024 Games;https://www.theguardian.com/sport/2023/sep/08/rugby-world-cup-kick-off-paris-gears-up-for-olympic-dress-rehearsal;Sport
2023-09-07T20:51:20Z;Chile;The Guardian;"Mexico; World news; Americas; Abortion; Women; Health; Society";Mexican activists hail abortion ruling but warn of lack of access to care;Campaigners say many facilities and medical workers are likely to deny access since procedure is banned in many local jurisdictions;https://www.theguardian.com/world/2023/sep/07/mexico-abortion-legalized-impact;World news
2023-09-07T16:15:55Z;Chile;The Guardian;"Venice film festival 2023; Film; Culture; Chile";Director Pablo Larraín: ‘Chile is my world. How can I not be allowed to talk about the things that happened to us?’;Augusto Pinochet returns as a bloodsucking vampire – together with Margaret Thatcher – in El Conde, the Chilean director’s black comedy horror. He talks about his fascination with the dictator and why, despite his family ties, he feels empowered to keep telling stories about his country;https://www.theguardian.com/film/2023/sep/07/director-pablo-larrain-venice-film-el-conde-pinochet-chile;Film
2023-09-07T11:38:51Z;Chile;The Guardian;"Photography; Art and design; Photography; Technology";Marie-Laure de Decker obituary;Photojournalist who reported from war zones with a compassionate eye for the victims of conflict;https://www.theguardian.com/artanddesign/2023/sep/07/marie-laure-de-decker-obituary;Art and design
2023-09-07T10:02:23Z;Chile;The Guardian;"Rugby World Cup; US sports; Rugby union; USA rugby union team; US politics; US news; Washington DC";Want a more perfect union? Watch the Rugby World Cup | Martin Pengelly;The men’s US Eagles failed to qualify but events in France will still give American rugby fans a chance to come together;https://www.theguardian.com/commentisfree/2023/sep/07/rugby-world-cup-union;Opinion
2023-09-07T06:00:18Z;Chile;The Guardian;"Gardens; Plants";I have created a monster. Can nothing save me from the tomato plant from hell? | Adrian Chiles;All I wanted was some delicious homegrown produce. Now I’m the one who’s likely to end up as dinner, writes Adrian Chiles;https://www.theguardian.com/commentisfree/2023/sep/07/i-have-created-a-monster-can-nothing-save-me-from-the-tomato-plant-from-hell;Opinion
2023-09-07T04:00:15Z;Chile;The Guardian;"Spain; Eta; Europe";The widow and the murderer: a friendship born of tragedy;<strong>The long read</strong>: A decade after Maixabel Lasa’s husband was shot by Basque separatists, she received a message from one of his killers. He wanted to meet her;https://www.theguardian.com/world/2023/sep/07/the-widow-and-the-murderer-a-friendship-born-of-tragedy;World news
2023-09-06T15:39:09Z;Chile;The Guardian;"Television; Podcasts; History books; History";I love history programmes. But there’s one trend that makes my blood boil | Adrian Chiles;If something happened centuries ago, let’s talk about it as if it happened centuries ago – not as if it was going on right now, says Adrian Chiles;https://www.theguardian.com/commentisfree/2023/sep/06/i-love-history-programmes-but-theres-one-trend-that-makes-my-blood-boil-;Opinion
2023-09-06T04:00:47Z;Chile;The Guardian;"Food; Health; Nutrition; Nutrition; Food science; Society; Health & wellbeing; Ultra-processed foods";Ultra-processed foods: the 19 things everyone needs to know;They make up 57% of the UK diet – and the risks are becoming ever more evident. Here is how to recognise UPFs and find healthier alternatives;https://www.theguardian.com/food/2023/sep/06/ultra-processed-foods-the-19-things-everyone-needs-to-know;Food
2023-09-05T21:26:05Z;Chile;The Guardian;"Poetry; Publishing; Chile";Consuelo Rivera-Fuentes obituary;<strong>Other Lives: </strong>Poet and founder of Victorina Press, who left Chile as a survivor of the Pinochet regime;https://www.theguardian.com/books/2023/sep/05/consuelo-rivera-fuentes-obituary;Books
2023-09-03T12:00:12Z;Chile;The Guardian;"Alexandria Ocasio-Cortez; Climate crisis; US news; Democrats; US politics; US elections 2024";‘There’s a very real danger here’: AOC on 2024, the climate crisis and ‘selling out’;Twice re-elected and comfortable in her political skin, the Democratic congresswoman makes clear that Biden can’t take progressives for granted;https://www.theguardian.com/us-news/2023/sep/03/aoc-interview-2024-election-climate-democrat;US news
2023-09-03T11:00:11Z;Chile;The Guardian;"Chile; Augusto Pinochet; Americas; World news; US politics; US news";Fifty years on: the lasting tragedy of Chile’s coup;The brutality with which an elected government was deposed inspired military takeovers across Latin America – but also galvanised the human rights movement and spotlighted the dark activities of the CIA;https://www.theguardian.com/world/2023/sep/03/fifty-years-on-the-lasting-tragedy-of-chiles-coup;World news
2023-09-02T12:00:03Z;Chile;The Guardian;"Alexandria Ocasio-Cortez; US news; Chile; Brazil; Colombia; World news; Americas; US foreign policy";AOC urges US to apologize for meddling in Latin America: ‘We’re here to reset relationships’;Democratic congresswoman calls for acknowledgment of past intrusion in effort to restore trust in US leadership in the region;https://www.theguardian.com/us-news/2023/sep/02/aoc-us-apology-latin-america-coup-chile;US news
2023-09-02T11:00:03Z;Chile;The Guardian;"Rugby World Cup 2023; Rugby World Cup; Rugby union; Sport; Portugal rugby union team";As quality gap closes, underdogs will have their day at 2023 Rugby World Cup | Will Hooley;Fiji and Georgia have already shown they can beat top countries but look out for Chile and Portugal to make waves in France;https://www.theguardian.com/sport/blog/2023/sep/02/quality-gap-closes-underdogs-will-have-their-day-2023-rugby-world-cup;Sport
2023-09-02T07:00:37Z;Chile;The Guardian;"Rugby World Cup 2023; Rugby World Cup; Rugby union; Argentina rugby union team; England rugby union team; Japan rugby union team; Samoa rugby union team; Sport";Rugby World Cup 2023: Pool D guide;England will have to raise their game to get out of a tough group featuring three tough opponents in Argentina, Japan and Samoa while Chile will hope to make an impression in their first appearance;https://www.theguardian.com/sport/2023/sep/02/rugby-world-cup-2023-pool-d-guide;Sport
2023-09-02T05:00:35Z;Chile;The Guardian;"Health; Food; Health policy; Politics; Society; UK news; Food & drink industry; Nutrition; Nutrition; Business; Food science; Ultra-processed foods";Big effort needed on UK diet to fight ultra-processed food, say health experts;Concern over public health fuelled by studies linking UPF to raised blood pressure, heart attacks and strokes;https://www.theguardian.com/society/2023/sep/02/big-effort-needed-on-uk-diet-to-fight-ultra-processed-food-say-health-experts;Society
2023-09-01T10:08:34Z;Chile;The Guardian;"Eddie Jones; Rugby World Cup 2023; England rugby union team; Australia rugby union team; Rugby World Cup; Rugby union; Australia sport; Sport";‘No talent coming through’: Eddie Jones blames RFU for England’s poor form;Eddie Jones, the former England coach, believes the Rugby Football Union must take responsibility for the national side’s struggles;https://www.theguardian.com/sport/2023/sep/01/eddie-jones-blames-rfu-for-england-poor-form-rugby-world-cup;Sport
2023-08-31T14:30:08Z;Chile;The Guardian;"Venice film festival 2023; Film; Culture; Augusto Pinochet; Chile; World news; Americas";El Conde review – Pablo Larraín’s horror-satire pitches Pinochet as a vampire;Macabre alt-history faces the ongoing agony of Chile, and the Chilean people’s struggle to confront their past, with graphic-novel energy and directness;https://www.theguardian.com/film/2023/aug/31/el-conde-review-pablo-larrain-chile-pinochet;Film
2023-08-31T06:00:36Z;Chile;The Guardian;"Death and dying; Bereavement; Family; Friendship; Society";It’s only a coat hanger. But it brings back such fond memories | Adrian Chiles;A lifetime ago, in postwar Zagreb, my grandmother wrote her name on a wooden coat hanger. It means as much as any gravestone;https://www.theguardian.com/society/commentisfree/2023/aug/31/its-only-a-coat-hanger-but-it-brings-back-such-fond-memories;Society
2023-08-30T17:54:05Z;Chile;The Guardian;"Chile; Augusto Pinochet; Americas; World news";Chile announces much-anticipated plan to search for Pinochet’s victims;Chilean state finally assumes responsibility for finding those executed and forcibly disappeared under dictatorship;https://www.theguardian.com/world/2023/aug/30/chile-announces-much-anticipated-plan-to-search-for-pinochet-victims;World news
2023-08-30T13:57:58Z;Chile;The Guardian;"Life and style; Fashion";Have I told you about the time I split my trousers? | Adrian Chiles;Too-tight suits for men, too-high heels for women: does dressing up have to be such an ordeal?;https://www.theguardian.com/lifeandstyle/2023/aug/30/have-i-told-you-about-the-time-i-split-my-trousers;Life and style
2023-08-28T16:00:41Z;Chile;The Guardian;"Climate crisis; Extreme weather; Environment; World news";Dramatic climate action needed to curtail ‘crazy’ extreme weather;Heatwaves, wildfires and floods are just the ‘tip of the iceberg’, leading climate scientists say;https://www.theguardian.com/environment/2023/aug/28/dramatic-climate-action-needed-curtail-extreme-weather;Environment
2023-08-28T16:00:40Z;Chile;The Guardian;"Climate crisis; Extreme weather; Climate science; Wildfires; Flooding; Meteorology; Greenhouse gas emissions; Oceans; Fossil fuels";‘Off-the-charts records’: has humanity finally broken the climate?;Extreme weather is ‘smacking us in the face’ with worse to come, but a ‘tiny window’ of hope remains, say leading climate scientists;https://www.theguardian.com/environment/2023/aug/28/crazy-off-the-charts-records-has-humanity-finally-broken-the-climate;Environment
2023-08-28T05:45:28Z;Chile;The Guardian;"Space; India; Science; South and central Asia; World news; Nasa";Monday briefing: The story of India’s space programme – and why it took off;In today’s newsletter: The country’s lunar landing was a triumph. This is how it quietly built a successful mission;https://www.theguardian.com/world/2023/aug/28/first-edition-india-moon-landing;World news
2023-08-27T21:00:17Z;Chile;The Guardian;"Nutrition; Fast food; Medical research; Health; Heart disease; Health & wellbeing; UK news; Heart attack; Food & drink industry; Obesity; Society; Science; Nutrition; Ultra-processed foods";Ultra-processed food raises risk of heart attack and stroke, two studies show;Research presented to annual meeting of European Society of Cardiology prompts calls for action;https://www.theguardian.com/science/2023/aug/27/ultra-processed-food-raises-risk-of-heart-attack-and-stroke-two-studies-show;Science
2023-08-27T17:16:14Z;Chile;The Guardian;"Chile; Foreign policy; World news; Americas; Augusto Pinochet; Politics; UK news; Refugees";The coup in Chile, 50 years on | Letters;Letters:<strong> Alan Angell</strong> points out that there was widespread opposition to the military regime in the UK. Plus letters from <strong>David Purdy</strong> and <strong>Nick Moss</strong>;https://www.theguardian.com/world/2023/aug/27/the-coup-in-chile-50-years-on;World news
2023-08-26T19:38:33Z;Chile;The Guardian;"Chile; Augusto Pinochet; Americas; US foreign policy; Richard Nixon; US news";US state department declassifies more documents about Pinochet’s 1973 coup;Papers reveal how Richard Nixon was briefed on impending military takeover in Chile that ushered in 17-year dictatorship;https://www.theguardian.com/world/2023/aug/26/state-department-declassifies-pinochet-coup-documents-chile;World news
2023-08-26T05:00:30Z;Chile;The Guardian;"Environment; Pollution; World news; Mexico; Americas";Growing number of countries consider making ecocide a crime;Mexico latest country where government is considering passing new laws to criminalise environmental destruction;https://www.theguardian.com/environment/2023/aug/26/growing-number-of-countries-consider-making-ecocide-crime;Environment
2023-08-25T17:07:52Z;Chile;The Guardian;"Liam Payne; One Direction; Music; Pop and rock; Culture";One Direction’s Liam Payne postpones tour after ‘serious kidney infection’;Former boy band member say with a ‘heavy heart’ that he has had to postpone his Latin American tour after being hospitalised;https://www.theguardian.com/music/2023/aug/25/liam-payne-postpones-tour-one-direction-latin-america;Music
2023-08-25T10:00:06Z;Chile;The Guardian;"Chile; Augusto Pinochet; Human trafficking; Adoption; US news; Americas; World news";‘Hi, Mom. I love you’: US man kidnapped as child in Pinochet’s Chile reunited with family;Under the brutal 1973-1990 dictatorship, tens of thousands of babies were taken from their parents and adopted by foreigners;https://www.theguardian.com/world/2023/aug/25/jimmy-lippert-thyden-pinochet-chile-kidnap-reunited-with-family;World news
2023-08-24T08:45:03Z;Chile;The Guardian;"Podcasts; Podcasting; Television; Television & radio; Culture; Digital media; Internet; Media; Technology";Best podcasts of the week: Alan Partridge solves the culture wars, grandparenting and more;In this week’s newsletter: Steve Coogan’s presenter turned podcaster re-enters the studio for a third season of From the Oasthouse. Plus: five of the best cross-generational podcasts;https://www.theguardian.com/tv-and-radio/2023/aug/24/hear-here-alan-partridge-oasthouse;Television & radio
2023-08-24T05:00:18Z;Chile;The Guardian;"Chile; Planets; Extreme weather; World news; Americas";The Altiplano – Earth’s sunniest spot similar to Venus, say scientists;Study finds plateau in Atacama desert has sunshine comparable in intensity to a summer day on Venus;https://www.theguardian.com/world/2023/aug/24/altiplano-earth-sunniest-spot-similar-venus-say-scientists;World news
2023-08-23T19:00:05Z;Chile;The Guardian;"England rugby union team; Steve Borthwick; Eddie Jones; Rugby Football Union; Australia rugby union team; Rugby World Cup 2023; Rugby World Cup; Rugby union; Sport";Steve Borthwick’s unconvincing England a result of RFU’s botched plan | Andy Bull;Head coach’s succession to Eddie Jones now looks like a hospital pass from the sport’s governing body as the World Cup looms;https://www.theguardian.com/sport/2023/aug/23/steve-borthwick-unconvincing-england-result-rfu-botched-plan-rugby-union;Sport
2023-08-23T10:14:57Z;Chile;The Guardian;;Donald Trump to turn himself in at Fulton county jail | First Thing;Former president had lawyers negotiate booking to take place during prime viewing hours on Thursday to get maximum TV ratings. Plus, could the vagus nerve be the key to depression, obesity, alcoholism – and more?;https://www.theguardian.com/us-news/2023/aug/23/first-thing-donald-trump-to-turn-himself-in-fulton-county-jail;US news
2023-08-23T08:22:09Z;Chile;The Guardian;"England rugby union team; Rugby World Cup 2023; Rugby World Cup; Rugby union; Sport";Billy Vunipola ban deepens England’s problems before Rugby World Cup;Billy Vunipola has joined Owen Farrell in being banned for the start of the World Cup after receiving a three-game suspension for his red card against Ireland;https://www.theguardian.com/sport/2023/aug/23/billy-vunipola-banned-from-start-of-englands-rugby-world-cup-campaign;Sport
2023-08-23T05:00:03Z;Chile;The Guardian;"Climate crisis; Greenhouse gas emissions; Volcanoes; Wildfires; Environment; World news";Volcanoes and wildfires offset 20% of global heating over eight years;Events that inject smoke and gas into high atmosphere help to cool planet but are no solution to climate crisis, says study;https://www.theguardian.com/environment/2023/aug/23/volcanoes-and-wildfires-offset-20-of-global-heating-over-eight-years;Environment
2023-08-22T10:16:18Z;Chile;The Guardian;"Argentina; Chile; Feminism";Marta Zabaleta obituary;<strong>Other lives:</strong> Argentinian academic and socialist activist who fled to the UK in the country’s 1973 military coup;https://www.theguardian.com/world/2023/aug/22/marta-zabaleta-obituary;World news
2023-08-21T16:23:52Z;Chile;The Guardian;"Peru; World news; Activism";Hugo Blanco obituary;Campaigner endlessly supportive of the struggle of Peru’s rural workers to better their lives;https://www.theguardian.com/world/2023/aug/21/hugo-blanco-obituary;World news
2023-08-21T09:30:12Z;Chile;The Guardian;"Women's rights and gender equality; Global development; Chile; Abortion; The far right; Americas";‘Gigantic step backwards’: far-right gains in Chile threaten abortion rights;Concerns mount as ultraconservative Republican party’s ‘right to life’ proposal could be enshrined in constitution;https://www.theguardian.com/global-development/2023/aug/21/chile-far-right-new-consitution-abortion;Global development
2023-08-18T05:00:41Z;Chile;The Guardian;"Chile; Americas; World news; The far right; Augusto Pinochet";The 1973 coup against democratic socialism in Chile still matters – there, in Britain and beyond | Andy Beckett;It happened 50 years ago, changed the course of world history – and revealed just how authoritarian conservatives are, says Guardian columnist Andy Beckett;https://www.theguardian.com/commentisfree/2023/aug/18/1973-coup-chile-democratic-socialism-still-matters-britain;Opinion
2023-08-17T06:08:36Z;Chile;The Guardian;"Vice Media; Saudi Arabia; Digital media; Internet; Media; Middle East and north Africa; World news; Mohammed bin Salman; Newspapers & magazines; Press freedom; Newspapers; Technology";Thursday briefing: Vice took millions from Saudi Arabia – but has its deal backfired?;In today’s newsletter: As the upstart media company faces bankruptcy, it has developed strong ties with the country, leaving some to question what compromises companies are willing to make to do business;https://www.theguardian.com/world/2023/aug/17/thursday-briefing-first-edition-saudi-arabia-vice-media;World news
2023-08-16T12:24:54Z;Chile;The Guardian;US news;The latest criminal indictment of Donald Trump | First Thing;The Republican governor of Georgia refutes the former president’s claims that the 2020 presidential election was stolen, and more. Plus: the slow recovery process after Hawaii’s wildfires;https://www.theguardian.com/us-news/2023/aug/16/first-thing-the-latest-criminal-indictment-of-donald-trump;US news
2023-08-16T09:00:43Z;Chile;The Guardian;"Water; Access to water; World news; Global development; Environment";Extreme water stress faced by countries home to quarter of world population;Twenty-five countries are using 80% of their water supplies each year, research shows;https://www.theguardian.com/environment/2023/aug/16/extreme-water-stress-faced-by-countries-home-to-quarter-of-world-population;Environment
2023-08-16T06:00:40Z;Chile;The Guardian;"Global development; Waste; Recycling; Fashion; Environment; Life and style; Ghana; Africa";‘We turn waste into something golden’: the creatives transforming rags to riches;Rich nations’ unwanted clothes often end up in landfills, polluting the global south. But entrepreneurs in Ghana, Pakistan and Chile are turning rubbish into rugs, shoes and toys;https://www.theguardian.com/global-development/2023/aug/16/textile-waste-landfill-creatives-transform-rags-to-riches-upcycling-ghana-chile-pakistan;Global development
2023-08-14T15:45:28Z;Chile;The Guardian;"Argentina; The far right; World news; Americas; Javier Milei";Far-right outsider takes shock lead in Argentina primary election;Former tantric sex coach and Donald Trump admirer Javier Milei has said he thinks the climate crisis is ‘a socialist lie’;https://www.theguardian.com/world/2023/aug/14/argentina-far-right-populist-javier-milei-shock-lead-primary-presidential-elections;World news
2023-08-13T17:25:52Z;Chile;The Guardian;"Food & drink industry; Food science; Food; Business; Science; Ultra-processed foods";The Guardian view on ultra-processed food: blame business, not consumers | Editorial;<strong>Editorial:</strong> Evidence is mounting on the health costs of these products. The real culprit is financialised growth, not inadequate individual willpower;https://www.theguardian.com/commentisfree/2023/aug/13/the-guardian-view-on-ultra-processed-food-blame-business-not-consumers;Opinion
2023-08-12T20:46:08Z;Chile;The Guardian;"England rugby union team; Owen Farrell; Wales rugby union team; Rugby union; Sport";Owen Farrell’s red card likely to put England’s World Cup plans in disarray;Steve Borthwick is facing a major headache with his talismanic captain expected to be banned for the start of tournament;https://www.theguardian.com/sport/blog/2023/aug/12/owen-farrells-red-card-likely-to-put-englands-world-cup-plans-in-disarray;Sport
2023-08-12T10:44:59Z;Chile;The Guardian;"Women's World Cup 2023; Women's World Cup; Matildas; France women's football team; Women's football; Football; Australia sport; Sport";Australia beat France on penalties in Women’s World Cup quarter-final – as it happened;<strong>Minute-by-minute report</strong>: Cortnee Vine slotted the winning spot kick as Australia moved into the semi-finals for the first time;https://www.theguardian.com/football/live/2023/aug/12/matildas-vs-france-australia-live-womens-world-cup-2023-updates-score-aus-v-fra-tonight-scores-lineup-sam-kerr-team-football-soccer-fifa-wwc-latest-news-quarter-finals;Football
2023-08-12T06:00:10Z;Chile;The Guardian;"France holidays; Beach holidays; Food and drink; Europe holidays; Travel; Summer holidays";The Var side: the quieter corner of the French Riviera;The less-visited Var region of the Côte d’Azur is full of glorious beaches, heritage-rich towns and bucolic vineyards;https://www.theguardian.com/travel/2023/aug/12/var-region-the-quieter-side-of-the-french-riviera-france;Travel
2023-08-11T17:25:54Z;Chile;The Guardian;"Ecuador; Americas; World news; Drugs trade; Colombia; Peru";The Guardian view on murder in Ecuador: a tide of violence reaches new heights | Editorial;<strong>Editorial:</strong> The killing of a presidential candidate has highlighted soaring homicide levels, as the cocaine trade booms in Latin America;https://www.theguardian.com/commentisfree/2023/aug/11/the-guardian-view-on-in-ecuador-a-tide-of-violence-reaches-new-heights;Opinion
2023-08-10T17:48:20Z;Chile;The Guardian;"Greenpeace; Climate crisis; Environment policy; Environment; Environmental activism; UK news; World news; Rishi Sunak; Conservatives; Politics; Protest";‘You have adopted a bunker mentality’: Greenpeace letter to Rishi Sunak – in full;Open letter criticises government for stonewalling environmental group after protest at prime minister’s house;https://www.theguardian.com/environment/2023/aug/10/you-have-adopted-a-bunker-mentality-greenpeace-letter-to-rishi-sunak-in-full;Environment
2023-08-10T10:00:52Z;Chile;The Guardian;"Sharleen Spiteri; Glastonbury 2023; Glastonbury festival; Music; Culture";The secret to maintaining your youthful passion? I learned it this week | Adrian Chiles;Three decades a rock star is some innings. But Sharleen Spiteri, the lead singer of Texas, has found a way to stay motivated;https://www.theguardian.com/commentisfree/2023/aug/10/the-secret-to-maintaining-your-youthful-passion-i-learned-it-this-week;Opinion
2023-08-09T06:00:06Z;Chile;The Guardian;"South Korea; Asia Pacific; Scouts and scouting; Children; Society; World news";Wednesday briefing: What went wrong at South Korea’s World Scout Jamboree?;In today’s newsletter: As thousands of scouts are evacuated from their quadrennial global get-together, the host nation’s handling of the event is in the spotlight;https://www.theguardian.com/world/2023/aug/09/wednesday-briefing-what-went-wrong-at-south-koreas-world-scout-jamboree;World news
2023-08-08T17:49:46Z;Chile;The Guardian;"Chile; US foreign policy; Richard Nixon; World news; US news; Americas; Augusto Pinochet; CIA";Files reveal Nixon role in plot to block Allende from Chilean presidency;President hosted rightwing mogul Agustín Edwards in September 1970 and discussed plans to foil socialist election-winner ;https://www.theguardian.com/world/2023/aug/08/richard-nixon-plot-allende-chile-presidency;World news
2023-08-07T22:30:52Z;Chile;The Guardian;"Antibiotics; Air pollution; Health; Medical research; UK news";In the absence of solutions, tackling the causes of antibiotic resistance is key;The emergence of a possible link between air pollution and antibiotic resistance shows why action to clean up air is so badly needed;https://www.theguardian.com/society/2023/aug/07/in-the-absence-of-solutions-tackling-the-causes-of-antibiotic-resistance-is-key;Society
2023-08-07T07:00:33Z;Chile;The Guardian;"Shipping emissions; Shipping industry; Hydrogen power; Energy; Environment; Renewable energy; Pollution; Business; US news; Norway; Denmark; Europe; World news";Full clean ahead: can shipping finally steer away from fossil fuels?;Electric ships, hydrogen, ‘air lubrication’ and even good old wind power are reducing emissions, but campaigners say true change will ‘take guts’;https://www.theguardian.com/environment/2023/aug/07/full-clean-ahead-can-shipping-finally-steer-away-from-fossil-fuels;Environment
2023-08-06T08:00:05Z;Chile;The Guardian;"Climate crisis; Chile; Environment; Extreme weather; Americas; World news";Winter heatwave in Andes is sign of things to come, scientists warn;Human-caused climate disruption and El Niño push temperature in mountains to 37C;https://www.theguardian.com/environment/2023/aug/06/winter-heatwave-andes-sign-things-come-scientists-warn;Environment
2023-08-05T15:00:45Z;Chile;The Guardian;"Electric, hybrid and low-emission cars; Motoring; Environment; Technology; Elon Musk; Tesla; Apple; iPhone; Steve Jobs; Nokia";What Apple did to Nokia, Tesla is now doing to the motor industry | John Naughton;People scoffed at the idea of electric vehicles for the masses. But now a Tesla hatchback has outsold the Toyota Corolla;https://www.theguardian.com/commentisfree/2023/aug/05/apple-nokia-tesla-motor-industry-electric-vehicles-cars;Opinion
2023-08-05T14:00:44Z;Chile;The Guardian;"New Mexico; Arizona; Phoenix; Climate crisis; Extreme weather; Environment";‘Metal box heated from the inside’: food truck workers’ battle against heat;Hotter summers are making it increasingly difficult to keep cool in what are ‘basically like little ovens’ as staff battle discomfort;https://www.theguardian.com/environment/2023/aug/05/food-truck-heatwave-temperature-arizona-new-mexico;Environment
2023-08-04T20:00:22Z;Chile;The Guardian;"Russia; Ukraine; Europe; World news";What happened in the Russia-Ukraine war this week? Catch up with the must-read news and analysis;"Ukrainian counteroffensive is slow going; Russia strikes grain facilities; IOC issues invitation to disqualified Ukrainian fencer";https://www.theguardian.com/world/2023/aug/05/what-happened-in-the-russia-ukraine-war-this-week-catch-up-with-the-must-read-news-and-analysis;World news
2023-08-04T11:00:13Z;Chile;The Guardian;"Chile; Augusto Pinochet; UK news; Americas; World news";How a Pinochet ‘death flight’ helicopter became UK gamepark prop;Families of the disappeared express revulsion over aircraft where relatives lived their last moments being used for recreation and call for it to be returned to Chile;https://www.theguardian.com/world/2023/aug/04/chile-pinochet-death-flights-helicopter-uk-park;World news
2023-08-04T10:26:11Z;Chile;The Guardian;US news;Trump pleads not guilty as supporters move to cash in | First Thing;Former president claims being arrested is a ‘great honor’. Plus, meet the bands with no original members left;https://www.theguardian.com/us-news/2023/aug/04/first-thing-trump-pleads-not-guilty-as-supporters-move-to-cash-in;US news
2023-08-04T06:51:38Z;Chile;The Guardian;Australia news;"Afternoon Update: Lehrmann intends to sue ACT government; China scraps barley tariffs; and Aussie horror film a US hit";Bruce Lehrmann says he intends to sue the ACT government over alleged flaws in his prosecution;https://www.theguardian.com/australia-news/2023/aug/04/afternoon-update-lehrmann-intends-to-sue-act-government-china-scraps-barley-tariffs-and-aussie-horror-film-a-us-hit;Australia news
2023-08-03T22:36:18Z;Chile;The Guardian;"Argentina; Brazil; Chile; Bolivia; World news; Americas; Paraguay";‘Winter is disappearing’: South America hit by ‘brutal’ unseasonal heatwave;Buenos Aires records hottest start to August in 117 years, Chile sees highs towards 40C and Bolivia, Paraguay and Brazil also bake;https://www.theguardian.com/world/2023/aug/03/south-america-winter-heatwave;World news
2023-08-03T06:00:36Z;Chile;The Guardian;Football;Trevor Francis was a legendary footballer – and an extremely nice person | Adrian Chiles;Tributes have been pouring in for the forward but none honours him more poignantly than the one from his own family;https://www.theguardian.com/commentisfree/2023/aug/03/trevor-francis-was-a-legendary-footballer-and-an-extremely-nice-person;Opinion
2023-08-02T15:25:36Z;Chile;The Guardian;"Supermarkets; Retail industry; Robots; Life and style; Technology; Business";Want a glimpse of dystopia? Visit the self-service checkouts | Adrian Chiles;Automated tills now take up much more space than those staffed by humans. We must resist, writes Adrian Chiles;https://www.theguardian.com/business/commentisfree/2023/aug/02/want-a-glimpse-of-dystopia-visit-the-self-service-checkouts;Business
2023-08-02T05:00:23Z;Chile;The Guardian;"Global development; Women's rights and gender equality; Chile; Protest; Americas; World news; Photography; Art and design; Culture";Women behind the lens: ‘Her name is Macarena – and she is still fighting for women’s rights’;Nicole Kramm Caifal had protested alongside the subject of her photograph, and was surprised to meet her again years later;https://www.theguardian.com/global-development/2023/aug/02/women-behind-the-lens-nicole-kramm-caifal-her-name-is-macarena-fighting-womens-rights;Global development
2023-07-31T20:28:59Z;Chile;The Guardian;"US foreign policy; US news; Ukraine; Saudi Arabia; Middle East and north Africa; World news; Russia; Brazil; India; Europe";Top US adviser to attend Saudi talks in bid to attract support for Ukraine plan;Ukraine and allies seek to draw countries such as Brazil and India off the fence and back Kyiv’s proposals for ‘just and durable peace’;https://www.theguardian.com/us-news/2023/jul/31/national-security-adviser-saudi-arabia-ukraine-jake-sullivan;US news
2023-07-31T12:21:47Z;Chile;The Guardian;"Womad; Music; Music festivals; Festivals; Culture; Folk music; Dance music; Pop and rock; Hip-hop";Womad review – more music festivals need this vitality, daring and breadth;Quirky, brilliant and politically forthright acts from over 40 countries, among them Femi Kuti, Susana Baca, Souad Massi and 47Soul, grace the festival’s 41st edition;https://www.theguardian.com/culture/2023/jul/31/womad-review-more-music-festivals-need-this-vitality-daring-and-breadth;Culture
2023-07-31T06:54:34Z;Chile;The Guardian;"Extreme weather; Environment; Europe; Italy";Weather tracker: new European record set as 19cm hailstone found in Italy;Huge hailstones pummelled continent before expected cooling down across much of central and southern Europe;https://www.theguardian.com/environment/2023/jul/31/weather-tracker-new-european-record-set-as-19cm-hailstone-found-in-italy;Environment
2023-07-30T10:00:05Z;Chile;The Guardian;"Art; UK news; Art and design; Culture; Sewing; Craft";Liberty, equality … embroidery: the political power of textile art;A series of exhibitions this summer and autumn highlight the protest woven into stitchwork;https://www.theguardian.com/artanddesign/2023/jul/30/liberty-equality-embroidery-the-political-power-of-textile-art;Art and design
2023-07-29T13:15:27Z;Chile;The Guardian;"Deep-sea mining; Oceans; Marine life; Environment; Jamaica; World news";International talks end without go-ahead for deep-sea mining;Last-minute agreement reached at ISA meeting in Jamaica to discuss moratorium at next year’s talks;https://www.theguardian.com/environment/2023/jul/29/deep-sea-mining-international-talks-isa-jamaica;Environment
2023-07-29T08:00:34Z;Chile;The Guardian;"Books; International Booker prize; Culture";‘It’s exciting, it’s powerful’: how translated fiction captured a new generation of readers;From Argentinian horror to Japanese thrillers, under-35s are reading more internationally than ever before, with iconic covers becoming status symbols and fans swapping their discoveries online;https://www.theguardian.com/books/2023/jul/29/its-exciting-its-powerful-how-translated-fiction-captured-a-new-generation-of-readers;Books
2023-07-28T17:05:17Z;Chile;The Guardian;"Republicans; US news; US Senate; US politics; Mitch McConnell";Mitch McConnell should step down as Senate minority leader after freezing, GOP senator says;Questions remain around mental fitness of Republican Senate leader, 81, after health scare in public earlier this week;https://www.theguardian.com/us-news/2023/jul/28/mitch-mcconnell-freezing-speech-health;US news
2023-07-27T11:00:35Z;Chile;The Guardian;"Deep-sea mining; Global development; Environment; Marine life; Endangered habitats; Endangered species; Conservation; Wildlife";James Cameron supports deep-sea mining. Scientists say it’s a huge risk. Who’s right?;Better the seafloor than the rainforest, proponents argue, but marine experts beg to differ as authorities meet to decide the future of deep-sea mining;https://www.theguardian.com/environment/2023/jul/27/james-cameron-supports-deep-sea-mining-activists-say-its-a-disaster-whos-right;Environment
2023-07-24T15:37:00Z;Chile;The Guardian;"Philippines women's football team; Women's World Cup 2023; Football; Women's football; Women's World Cup; US sports; Sport";‘We share blood’: The US-born players leading the Philippines’ World Cup charge;Eighteen of the 23-woman Philippines squad in New Zealand were born in America. But there is no doubt where their soccer loyalties lie;https://www.theguardian.com/football/2023/jul/24/we-share-blood-the-us-born-players-leading-the-philippines-world-cup-charge;Football
2023-07-23T05:01:32Z;Chile;The Guardian;"Wine; Food; Life and style; Tesco; Supermarkets";Award-winning wines from Britain’s biggest supermarket | David Williams;The International Wine Challenge pick of bottles from Tesco – and other winners;https://www.theguardian.com/food/2023/jul/23/award-winning-wines-from-britains-biggest-supermarket-tesco-iwc;Food
2023-07-22T10:30:09Z;Chile;The Guardian;"Chile; World news; Americas; Augusto Pinochet; Podcasts";How an eccentric English tech guru helped guide Allende’s socialist Chile;Stafford Beer pioneered ‘cybernetic management principles’ but Pinochet’s coup saw technology turned to nefarious ends;https://www.theguardian.com/world/2023/jul/22/stafford-beer-chile-allende-technology-cybernetics;World news
2023-07-22T10:00:09Z;Chile;The Guardian;"Environment; James Cameron; Mining; Titanic sub incident; Deep-sea mining";Exploring deep ocean is ‘safer than an elevator’ says James Cameron;Avatar and Titanic director says Titan sub team failed to address ‘most obvious risks’ and voices support for deep-sea mining;https://www.theguardian.com/environment/2023/jul/22/james-cameron-interview-titan-deep-sea-mining;Environment
2023-07-21T16:00:02Z;Chile;The Guardian;"Women's World Cup 2023; Women's World Cup; England women's football team; Football; Sport; Women's football";Lionesses kick off with pressure rising and questions to answer at World Cup;High expectations, recent goal drought and uncertainty over best XI mean England could do with a strong start against Haiti;https://www.theguardian.com/football/2023/jul/21/lionesses-kick-off-world-cup-haiti-pressure;Football
2023-07-21T11:00:40Z;Chile;The Guardian;"Women's World Cup 2023; England women's football team; Haiti women's football team; Women's World Cup; Women's football; Football; Sport";Haiti’s Melchie Dumornay: ‘We’re proud to be able to bring joy to people’;In attempting to emulate Lionel Messi, Lyon’s teenage midfielder has led the Caribbean nation to their first Women’s World Cup;https://www.theguardian.com/football/2023/jul/21/haiti-melchie-dumornay-womens-world-cup-lyon-england;Football
2023-07-20T12:28:42Z;Chile;The Guardian;"Women's World Cup 2023; Women's World Cup; Matildas; Republic of Ireland women’s football team; Women's football; Football; Australia sport; Sport";Australia 1-0 Republic of Ireland: Women’s World Cup 2023 Group B – as it happened;The Matildas won their opening match against Ireland in front of a huge crowd in Sydney thanks to Steph Catley’s penalty;https://www.theguardian.com/football/live/2023/jul/20/matildas-vs-ireland-live-womens-world-cup-2023-australia-updates-score-aus-v-republic-of-ire-group-b-kick-off-start-time-scores-football-soccer-fifa-wwc-latest-news;Football
2023-07-20T10:00:26Z;Chile;The Guardian;"Sport; Surfing; Hobbies; Life and style";My adventures at sea have brought me many things. Mainly raw nipples and exhaustion | Adrian Chiles;Stumbling across my old paddleboard prompted a flood of memories, mostly of heaving the lumpen thing about. No wonder I abandoned it in my garden, writes Adrian Chiles;https://www.theguardian.com/commentisfree/2023/jul/20/my-adventures-at-sea-have-brought-me-many-things-mainly-raw-nipples-and-exhaustion;Opinion
2023-07-19T18:10:23Z;Chile;The Guardian;"Psychiatry; Refugees; Chile";Enrique Zapata-Bravo obituary;<strong>Other lives:</strong> Psychiatrist who moved to England fleeing the Pinochet regime and worked to help refugees across the UK and around the world;https://www.theguardian.com/society/2023/jul/19/enrique-zapata-bravo-obituary;Society
2023-07-19T15:38:00Z;Chile;The Guardian;"Friendship; Life and style; Men; Women";How do you get a chatty friend to shut up? I think I have found the answer | Adrian Chiles;What’s better than a companion who knows just what to say? A companion who knows when to zip it, writes Adrian Chiles;https://www.theguardian.com/commentisfree/2023/jul/19/chatty-friend-shut-up-companion;Opinion
2023-07-18T19:25:05Z;Chile;The Guardian;"European Union; Americas; Europe; World news";Nicaragua fails to back censure of Russia at end of EU-Latin America summit;Celac president declares first summit of its kind in eight years a success despite late wrangling;https://www.theguardian.com/world/2023/jul/18/nicaragua-fails-to-back-censure-of-russia-at-end-of-eu-latin-america-summit;World news
2023-07-18T06:37:42Z;Chile;The Guardian;Australia news;"Afternoon Update: sport organisations condemn Commonwealth Games axing; Rome braces for record heat; and 2007 iPhone sells for $279,000";Premier Daniel Andrews has cited a cost blowout to $7bn as the main reason for pulling the event;https://www.theguardian.com/australia-news/2023/jul/18/afternoon-update-sport-organisations-condemn-commonwealth-games-axing-rome-braces-for-record-heat-and-2007-iphone-sells-for-279000;Australia news
2023-07-17T18:10:55Z;Chile;The Guardian;"Food & drink industry; Extreme weather; Spain; Italy; Farming; Climate crisis; Europe; Business; World news; Environment";Olive oil industry in crisis as Europe’s heatwave threatens another harvest;World’s biggest olive producer, Spain, on course for second bad harvest in a row, raising fears of gaps on shelves and even higher prices;https://www.theguardian.com/business/2023/jul/17/olive-oil-industry-in-crisis-europe-heatwave-threatens-another-harvest-spain-prices;Business
2023-07-17T04:00:18Z;Chile;The Guardian;"Barbie; Michael Cera; Superbad; Juno; Film; Culture; Life and style; Greta Gerwig";‘Fame makes you paranoid’: Michael Cera on Barbie, drunk fans – and not owning a smartphone;In 2007, the success of Superbad and Juno made Cera a celebrity, and it was such a shock that he almost gave up acting altogether. But he found a way back. He discusses fatherhood, loneliness and the joy of Greta Gerwig;https://www.theguardian.com/lifeandstyle/2023/jul/17/fame-makes-you-paranoid-michael-cera-on-barbie-drunk-fans-and-not-owning-a-smartphone;Film
2023-07-16T12:53:00Z;Chile;The Guardian;"Trade policy; Kemi Badenoch; International trade; Business; Economics; Politics; Brexit";Kemi Badenoch signs treaty for UK to join Indo-Pacific trade bloc;Critics note government estimates that suggest membership of CPTPP will add just £1.8bn a year to UK economy after 10 years;https://www.theguardian.com/politics/2023/jul/16/kemi-badenoch-signs-treaty-for-uk-to-join-indo-pacific-trade-bloc-cptpp-uk-economy;Politics
2023-07-14T15:00:05Z;Chile;The Guardian;"Australia news; China; Asia Pacific";No chance China will join Pacific trade pact in near term, Australia warns;Assistant trade minister suggests consideration of China’s push to join CPTPP ‘some way off’ as UK becomes 12th member;https://www.theguardian.com/australia-news/2023/jul/15/no-chance-china-will-join-pacific-trade-pact-in-near-term-australia-warns;Australia news
2023-07-13T17:06:15Z;Chile;The Guardian;"Microbiology; Biotechnology industry; Biology; University of Kent";Alan Bull obituary;<strong>Other lives:</strong> Renowned microbiologist who chaired an OECD working party on biotechnology and industrial sustainability;https://www.theguardian.com/science/2023/jul/13/alan-bull-obituary;Science
2023-07-13T06:00:24Z;Chile;The Guardian;"Picnics; Food; Life and style";Picnic season is here - and I hate it | Adrian Chiles;Do I want to have lunch with all the ants, flies, wasps, dogs and rodents that will inevitably turn up? No. And then there is the hell of sitting down ... writes Adrian Chiles;https://www.theguardian.com/commentisfree/2023/jul/13/picnic-season-is-here-and-i-hate-it;Opinion
2023-07-12T15:56:04Z;Chile;The Guardian;"Football politics; Saudi Arabia; Middle East and north Africa; Cristiano Ronaldo; Football; Sport; World news; Human rights; Finances; Business";Is anyone convinced by Saudi sportswashing? Only the crooks who sell fake football strips | Adrian Chiles;Saudi Arabia is pouring a fortune into soccer, including £180m a year for Cristiano Ronaldo. But while the counterfeiters see a chance to make money, the fans won’t forget human rights, writes Adrian Chiles;https://www.theguardian.com/commentisfree/2023/jul/12/saudi-arabia-sportswashing-fake-football-strips-cristiano-ronaldo-human-rights;Opinion
2023-07-12T04:00:01Z;Chile;The Guardian;"Alcohol; Society; Alcoholism; Health; Adrian Chiles";Moderation or total abstinence? Adrian Chiles and John Robins talk honestly about their drinking;Their relationship with booze has taken these friends and broadcasters on very different journeys. Here they discuss what constitutes heavy drinking, successful moderation – and when it is time to give up altogether<br>;https://www.theguardian.com/society/2023/jul/12/moderation-or-total-abstinence-adrian-chiles-and-john-robins-talk-honestly-about-their-drinking;Society
2023-07-11T15:00:39Z;Chile;The Guardian;"Wildfires; Spain; Environment; World news; Spain; Europe";‘Everyone loved Ángel’: Spanish town still grieving for hero who fought wildfires;As fresh heatwave hits Spain, Tábara residents remember heroics of man who lost his life in blaze last year;https://www.theguardian.com/world/2023/jul/11/everyone-loved-angel-spanish-town-still-grieving-for-hero-who-fought-wildfires;World news
2023-07-10T16:26:33Z;Chile;The Guardian;"Deep-sea mining; Oceans; Mining; Labour; David Lammy; Greenpeace; Environment; Foreign policy; Politics; UK news; World news; United Nations; Conservation; Law; Climate crisis";UK should press pause on deep-sea mining, Labour says;David Lammy says Labour government would join growing list of countries and multinationals opposing rush to mine the seabed;https://www.theguardian.com/environment/2023/jul/10/labour-backs-global-pause-deep-sea-mining-david-lammy-international-seabed-authority;Environment
2023-07-10T12:10:32Z;Chile;The Guardian;"Football; Spain; Barcelona; Internazionale; Sport; Spain; Italy";Luis Suárez obituary;Footballer who helped Spain become European champions in 1964 and won many honours with Barcelona and Internazionale;https://www.theguardian.com/football/2023/jul/10/luis-suarez-obituary;Football
2023-07-09T12:00:45Z;Chile;The Guardian;"Life and style; Psychology; Science; Health & wellbeing";What makes us flourish in life? I set off to find out;From cabin dwellers to chateau owners, it’s a zest for life – even the small things – that makes us flourish;https://www.theguardian.com/lifeandstyle/2023/jul/09/i-travelled-the-world-for-two-decades-to-find-out-what-makes-us-flourish-and-joy-came-top;Life and style
2023-07-08T18:06:30Z;Chile;The Guardian;"Wimbledon; Wimbledon 2023; Tennis; Sport; Carlos Alcaraz";Carlos Alcaraz survives bruising battle with Jarry to roll on at Wimbledon;Carlos Alcaraz marches into the fourth round at Wimbledon after clinching a 6-3, 6-7 (6), 6-3, 7-5 win over Nicolás Jarry on Centre Court;https://www.theguardian.com/sport/2023/jul/08/carlos-alcaraz-survives-bruising-battle-with-jarry-to-roll-on-at-wimbledon;Sport
2023-07-08T17:00:21Z;Chile;The Guardian;"Climate crisis; Biodiversity; Conservation; Environment; Chile; Science; Americas; World news; OECD; Global economy; Greenhouse gas emissions; Mining";Climate scientist and politician Maisa Rojas: ‘You don’t only take decisions based on evidence and science’;Chile’s new environment minister on reconciling green goals and the realities of government, and why she wants her developing country to be a global climate pioneer;https://www.theguardian.com/environment/2023/jul/08/climate-scientist-politician-maisa-rojas-chile-government-climate;Environment
2023-07-08T13:00:16Z;Chile;The Guardian;"Pop and rock; Punk; Music; Culture";One to watch: Current Affairs;This Glasgow-focused band of veteran alt-rockers promise an unpredictable, exhilarating ride;https://www.theguardian.com/music/2023/jul/08/one-to-watch-current-affairs-off-the-tongue-glasgow;Music
2023-07-08T06:00:08Z;Chile;The Guardian;"Deep-sea mining; Oceans; Mining; Environment; Nauru; Asia Pacific; Pacific islands; World news";Future of deep-sea mining hangs in balance as opposition grows;Ireland and Sweden join countries calling for moratorium on extraction of metals from seabed as UN-backed authority prepares for crucial talks;https://www.theguardian.com/environment/2023/jul/08/future-of-deep-sea-mining-hangs-in-balance-as-opposition-grows;Environment
2023-07-07T13:00:32Z;Chile;The Guardian;"Wine; Food; French food and drink; Australian food and drink";Sauvignon sceptic? Five wines to fall in love with;It’s fruity and (mostly) cheap, but sauvignon blanc can be full-on. Don’t abandon it, though – try one of these more nuanced examples;https://www.theguardian.com/food/2023/jul/07/sauvignon-sceptic-five-wines-to-fall-in-love-with;Food
2023-07-07T12:24:15Z;Chile;The Guardian;"Shipping emissions; Climate crisis; Shipping industry; Environment; Business; World news; Energy";Shipping emissions levy delayed but goals for greenhouse gas cuts agreed;International Maritime Organization agreement is inadequate to decarbonise sector, say campaigners;https://www.theguardian.com/environment/2023/jul/07/shipping-emissions-levy-delayed-but-goals-for-greenhouse-gas-cuts-agreed;Environment
2023-07-06T23:49:20Z;Chile;The Guardian;"Deep-sea mining; Environment; Cook Islands; Pacific islands; World news";Cook Islands PM ‘proceeds with caution’ on deep-sea mining as critics warn over risks;Deadline tied to the regulation of controversial plans to extract seabed minerals looms amid division over the practice;https://www.theguardian.com/world/2023/jul/07/cook-islands-deep-sea-mining;World news
2023-07-05T06:00:25Z;Chile;The Guardian;"Photography; Global development; Women; Women's football; Argentina; Americas; Football; Women's rights and gender equality";Women behind the lens: ‘This is what it is to be a football fan … three generations of women’;Erica Voget’s work is part of a major exhibition inspired by how female football fans enjoy and live their passion for the game;https://www.theguardian.com/global-development/2023/jul/05/women-behind-the-lens-this-is-what-it-is-to-be-a-football-fan-three-generations-of-women;Global development
2023-07-02T16:07:34Z;Chile;The Guardian;"Art; Art and design; US news; London; Chile; Protest";John Dugger obituary;Artist who founded radical creative collectives and pioneered political banners as a form of ‘social media’;https://www.theguardian.com/artanddesign/2023/jul/02/john-dugger-obituary;Art and design
2023-07-02T10:00:41Z;Chile;The Guardian;"Drought; US news; Mexico";Sriracha lovers feel the heat as hot sauce shortage continues;Drought in Mexico and depleting water supply in the Colorado River has led to a scarcity in red jalapeños, the key ingredient;https://www.theguardian.com/environment/2023/jul/02/sriracha-hot-sauce-shortage-mexico-drought;Environment
2023-06-28T15:27:12Z;Chile;The Guardian;"Life and style; Automotive industry";Everything has turned grey – cars, clothes, kitchens, carpets. I can't take it any more | Adrian Chiles;Grey has nothing to do with joy, optimism, passion or life. Why has the world been drained of colour, asks Adrian Chiles;https://www.theguardian.com/commentisfree/2023/jun/28/everything-in-our-world-is-grey-how-did-we-come-to-this;Opinion
2023-06-28T11:54:02Z;Chile;The Guardian;"Women's World Cup 2023; Brazil women's football team; Football; Sport; Women's World Cup; Women's football";Moving the Goalposts | How good are Brazil and how far can they go at the Women’s World Cup?;In this week’s newsletter we look at Brazil’s chances in Australia and New Zealand and their hopes for Marta’s last dance;https://www.theguardian.com/football/2023/jun/28/how-good-are-brazil-how-far-can-they-go-womens-world-cup;Football
2023-06-25T07:00:30Z;Chile;The Guardian;"Antarctica; World news; Travel; Environment";Antarctic tourism is booming – but can the continent cope?;In tourist hotspots cruise ships must at times queue to disembark passengers and fragile ecosystems may be at risk from visitors. But who gets to decide on who can come?;https://www.theguardian.com/world/2023/jun/25/antarctica-cruise-tourism-environment-impact;World news
2023-06-25T00:40:22Z;Chile;The Guardian;"Guns N' Roses; Music; Pop and rock; Glastonbury 2023; Glastonbury festival; Culture; Festivals; Music festivals";Guns N’ Roses at Glastonbury review – a riotous trip into rock paradise;With a beaming Dave Grohl guesting on guitar and hits interspersed with homages to their influences, Axl and co make for hard-rocking – yet surprisingly polite – Saturday headliners;https://www.theguardian.com/music/2023/jun/25/guns-n-roses-at-glastonbury-review-pyramid-stage;Music
2023-06-24T13:00:08Z;Chile;The Guardian;"Football tactics; Argentina; Marcelo Bielsa; Football; Sport; Brazil";The cockroach cadre: Argentina’s tough, resilient coaches are the toast of football | Jonathan Wilson;From Bielsa with Uruguay to Simeone at Atlético, managers from the South American nation are everywhere – except Brazil;https://www.theguardian.com/football/blog/2023/jun/24/argentina-coaches-toast-of-football;Football
2023-06-22T10:00:06Z;Chile;The Guardian;"Cats; Animals";Slapped on to tables, thrown over hedges, bounced – why is everyone so horrible to dead cats? |  Adrian Chiles;There’s something about a recently deceased moggie that excites the imagination. And not in a good way, writes Adrian Chiles;https://www.theguardian.com/commentisfree/2023/jun/22/slapped-on-to-tables-thrown-over-hedges-bounced-why-is-everyone-so-horrible-to-dead-cats;Opinion
2023-06-21T17:12:02Z;Chile;The Guardian;;Like potholes and sandals with socks, the British honours system needs to change | Adrian Chiles;We should save honours for the unsung and uncelebrated – and take our time checking out the judgment of those bound for the House of Lords;https://www.theguardian.com/commentisfree/2023/jun/21/like-potholes-and-sandals-with-socks-the-british-honours-system-needs-to-change;Opinion
2023-06-21T05:11:04Z;Chile;The Guardian;"Australian universities; Australia news; Australian education; Higher education; Education";University of Melbourne vice-chancellor calls for free university education;Duncan Maskell says idea that education is only of private benefit to individuals, not public benefit to society must be reversed;https://www.theguardian.com/australia-news/2023/jun/21/university-of-melbourne-vice-chancellor-calls-for-free-university-education;Australia news
2023-06-20T13:00:34Z;Chile;The Guardian;"Wine; Summer food and drink; Food";20 best wines for the summer;From a lemony Greek white under a tenner to a French malbec full of black fruit, raise a glass to the wines to drink over the warmer months;https://www.theguardian.com/food/2023/jun/20/20-best-wines-for-the-summer;Food
2023-06-20T10:00:30Z;Chile;The Guardian;"Film; Documentary films; Annie Ernaux; France; Nobel prize in literature; Awards and prizes; Books; Culture; Europe; World news";The Super 8 Years review – the family life of a Nobel prizewinner caught on film;Literary ambition, motherhood and a quietly strained marriage appear in the sweet, soft focus home movies of French author Annie Ernaux;https://www.theguardian.com/film/2023/jun/20/the-super-8-years-review-the-family-life-of-annie-ernaux;Film
2023-06-19T08:34:34Z;Chile;The Guardian;"Australian politics; Australia news; Indigenous voice to parliament; Indigenous recognition; Coalition; Labor party; Liberal party; Australian Greens; Peter Dutton; Anthony Albanese; Housing; Renting; Indigenous Australians; Australian law";MP issues double dissolution warning – as it happened;This blog is now closed.;https://www.theguardian.com/australia-news/live/2023/jun/19/australia-politics-live-voice-referendum-senate-anthony-albanese-peter-dutton-david-van-housing-fund-cost-of-living-rent-freeze-greens-nick-mckim;Australia news
2023-06-17T07:00:09Z;Chile;The Guardian;"Books; Politics books; History books; Comics and graphic novels; US politics; The far right; US news; Culture";Dictatorship? How Hitler, Stalin and Trump show it’s easier than you think;Andrea Chalupa discusses her graphic novel, co-authored with Sarah Kendzior, about authoritarianism and its dangers;https://www.theguardian.com/books/2023/jun/17/dictatorship-hitler-stalin-trump-chalupa-kendzior-book-interview;Books
2023-06-14T15:26:39Z;Chile;The Guardian;"Alcohol; Newspapers; Newspapers & magazines; Media; Society; Health & wellbeing; Life and style";Drinking alcohol is bad for you. Ignore the headlines that claim otherwise | Adrian Chiles;Another week, another article suggesting that alcohol may have health benefits. It’s amazing how desperate drinkers are to fool themselves, writes Adrian Chiles;https://www.theguardian.com/commentisfree/2023/jun/14/drinking-alcohol-bad-for-you-ignore-headlines-claim-otherwise;Opinion
2023-06-11T11:30:49Z;Chile;The Guardian;"Documentary films; Film; Chile; Culture; Americas";My Imaginary Country review – Patricio Guzmán captures Chile’s new wave of protest;The Chilean director follows up on his epic 70s documentary The Battle of Chile with this optimistic portrait of his country’s latest social uprising;https://www.theguardian.com/film/2023/jun/11/my-imaginary-country-review-patricio-guzman-captures-chiles-new-wave-of-protest;Film
2023-06-09T05:00:51Z;Chile;The Guardian;"Russia; Ukraine; Vladimir Putin; Europe; World news";As Russia’s armed forces fight among themselves, it’s hard to know who’s in control | Samantha de Bendern;Yevgeny Prigozhin has launched another diatribe against the Russian army. Is he a loose cannon, or a Kremlin puppet?;https://www.theguardian.com/commentisfree/2023/jun/09/russian-armed-forces-infighting-yevgeny-prigozhin;Opinion
2023-06-08T11:00:04Z;Chile;The Guardian;"Barbados; Caribbean; Americas; Global development; World news; Global health; Nutrition; Food & drink industry; Obesity; Diabetes; Society; Fast food; Caribbean food and drink";Barbados fights Big Sugar for the survival of its people;The legacy of colonialism, modern-day conveniences and a diet high in fat and sugar have bequeathed the island a diabetes and high-blood pressure pandemic. But can health plans win out over corporate interests?;https://www.theguardian.com/global-development/2023/jun/08/barbados-fights-big-sugar-for-survival-of-its-people-diabetes;Global development
